recording id,fixation id,start timestamp [ns],end timestamp [ns],duration [ms],fixation x [px],fixation y [px],azimuth [deg],elevation [deg]
bb09b488-e875-448b-9801-156d15b3962c,1,1775725052999548338,1775725053259797338,260.249,714.0975463867187,752.6870483398437,-5.354274,-9.696218
bb09b488-e875-448b-9801-156d15b3962c,2,1775725053344922338,1775725053435049338,90.127,758.9824951171875,766.5701049804687,-2.4527686,-10.598486
bb09b488-e875-448b-9801-156d15b3962c,3,1775725053755308338,1775725053935420338,180.112,691.7450073242187,749.9505981445312,-6.7983804,-9.511312
bb09b488-e875-448b-9801-156d15b3962c,4,1775725054025545338,1775725054155669338,130.124,673.8610961914062,756.0072998046875,-7.960339,-9.8886795
bb09b488-e875-448b-9801-156d15b3962c,5,1775725054330794338,1775725054536059338,205.265,703.2365844726562,758.3138793945312,-6.0611777,-10.051579
bb09b488-e875-448b-9801-156d15b3962c,6,1775725054566043338,1775725054676167338,110.124,693.3504150390625,753.0298217773437,-6.696966,-9.708977
bb09b488-e875-448b-9801-156d15b3962c,7,1775725054891291338,1775725055036551338,145.26,1065.2738159179687,762.0588745117187,17.364607,-10.134723
bb09b488-e875-448b-9801-156d15b3962c,8,1775725055201665338,1775725055406790338,205.125,769.2718017578125,779.0244506835937,-1.788362,-11.397891
bb09b488-e875-448b-9801-156d15b3962c,9,1775725055461915338,1775725055722163338,260.248,796.075146484375,784.7636474609375,-0.046779964,-11.767466
bb09b488-e875-448b-9801-156d15b3962c,10,1775725056132550338,1775725056227537338,94.987,1393.1270263671875,176.46817626953123,41.18194,25.174812
bb09b488-e875-448b-9801-156d15b3962c,11,1775725056257662338,1775725056487786338,230.124,1341.8799560546875,175.4534973144531,37.661713,25.559954
bb09b488-e875-448b-9801-156d15b3962c,12,1775725056943284338,1775725057063409338,120.125,802.59443359375,646.03330078125,0.37296245,-2.8664186
bb09b488-e875-448b-9801-156d15b3962c,13,1775725057984161338,1775725058114280338,130.119,694.4792602539062,709.190771484375,-6.5948887,-6.904706
bb09b488-e875-448b-9801-156d15b3962c,14,1775725058219405338,1775725058379529338,160.124,672.2280395507812,692.0124877929687,-8.017276,-5.7975736
bb09b488-e875-448b-9801-156d15b3962c,15,1775725058404654338,1775725058554778338,150.124,664.3443115234375,665.3547729492187,-8.5107155,-4.0899854
bb09b488-e875-448b-9801-156d15b3962c,16,1775725058875027338,1775725059065276338,190.249,1018.1975830078125,720.8448852539062,14.265204,-7.5784087
bb09b488-e875-448b-9801-156d15b3962c,17,1775725060061148338,1775725060211276338,150.128,811.1856811523437,732.5019897460937,0.9301146,-8.417641
bb09b488-e875-448b-9801-156d15b3962c,18,1775725060256275338,1775725060366397338,110.122,820.4608276367187,739.0644287109375,1.530454,-8.83769
bb09b488-e875-448b-9801-156d15b3962c,19,1775725060446521338,1775725060546646338,100.125,873.0261352539062,743.630224609375,4.9306655,-9.118384
bb09b488-e875-448b-9801-156d15b3962c,20,1775725060806901338,1775725060901895338,94.994,967.0747802734375,737.5426391601562,10.996699,-8.678821
bb09b488-e875-448b-9801-156d15b3962c,21,1775725061012019338,1775725061207269338,195.25,714.2425048828125,652.089453125,-5.3033,-3.250077
bb09b488-e875-448b-9801-156d15b3962c,22,1775725061327268338,1775725061417393338,90.125,636.0542724609375,677.0442260742187,-10.332081,-4.827755
bb09b488-e875-448b-9801-156d15b3962c,23,1775725061742654338,1775725061942891338,200.237,694.0797241210937,705.7687133789062,-6.618774,-6.685491
bb09b488-e875-448b-9801-156d15b3962c,24,1775725062028016338,1775725062108015338,79.999,835.684765625,540.7450927734375,2.500382,3.8983576
bb09b488-e875-448b-9801-156d15b3962c,25,1775725062353264338,1775725062428399338,75.135,848.90400390625,537.5292724609375,3.3505082,4.103646
bb09b488-e875-448b-9801-156d15b3962c,26,1775725064570381338,1775725064675381338,105.0,903.3963134765625,740.0533203125,6.890745,-8.877087
bb09b488-e875-448b-9801-156d15b3962c,27,1775725064915630338,1775725065000755338,85.125,844.7540405273437,744.56943359375,3.1028593,-9.18659
bb09b488-e875-448b-9801-156d15b3962c,28,1775725065276004338,1775725065366128338,90.124,655.7546508789062,705.060400390625,-9.0850115,-6.624928
bb09b488-e875-448b-9801-156d15b3962c,29,1775725065946626338,1775725066041751338,95.125,716.098583984375,737.0075439453125,-5.2156553,-8.693246
bb09b488-e875-448b-9801-156d15b3962c,30,1775725067267872338,1775725067362871338,94.999,743.9990356445312,745.2961181640625,-3.4158115,-9.232339
bb09b488-e875-448b-9801-156d15b3962c,31,1775725068108619338,1775725068183743338,75.124,736.4328125,721.5129760742187,-3.8957553,-7.706338
bb09b488-e875-448b-9801-156d15b3962c,32,1775725072827976338,1775725072913101338,85.125,995.4460571289062,642.7660278320312,12.742127,-2.6303468
bb09b488-e875-448b-9801-156d15b3962c,33,1775725073323474338,1775725073428599338,105.125,669.5482299804687,811.7189086914062,-8.305475,-13.440036
bb09b488-e875-448b-9801-156d15b3962c,34,1775725073928976338,1775725074019097338,90.121,752.2896850585937,775.3002075195312,-2.8902354,-11.156089
bb09b488-e875-448b-9801-156d15b3962c,35,1775725074414470338,1775725074509595338,95.125,768.4502075195312,794.787451171875,-1.8460293,-12.40688
bb09b488-e875-448b-9801-156d15b3962c,36,1775725075015093338,1775725075170217338,155.124,766.2176635742187,787.633154296875,-1.989272,-11.948568
bb09b488-e875-448b-9801-156d15b3962c,37,1775725076126089338,1775725076221227338,95.138,751.0725219726562,792.4702514648437,-2.9766235,-12.254752
bb09b488-e875-448b-9801-156d15b3962c,38,1775725076611462338,1775725076691587338,80.125,1059.9529541015625,726.4582885742187,16.954502,-7.896149
bb09b488-e875-448b-9801-156d15b3962c,39,1775725076876713338,1775725076971835338,95.122,949.5984619140625,727.6608642578125,9.860259,-8.060606
bb09b488-e875-448b-9801-156d15b3962c,40,1775725077121975338,1775725077227084338,105.109,925.1997192382812,690.46103515625,8.262712,-5.6965003
bb09b488-e875-448b-9801-156d15b3962c,41,1775725077547333338,1775725077622458338,75.125,994.1624877929687,733.1354736328125,12.73587,-8.377855
bb09b488-e875-448b-9801-156d15b3962c,42,1775725078202956338,1775725078363205338,160.249,953.4853637695312,718.652197265625,10.102129,-7.4837284
bb09b488-e875-448b-9801-156d15b3962c,43,1775725078468205338,1775725078548329338,80.124,953.9863403320312,708.8327392578125,10.125816,-6.85712
bb09b488-e875-448b-9801-156d15b3962c,44,1775725079243952338,1775725079349076338,105.124,533.9885986328125,822.1674560546875,-17.15919,-13.930785
bb09b488-e875-448b-9801-156d15b3962c,45,1775725079454201338,1775725079564201338,110.0,725.3353393554687,812.1006225585937,-4.666262,-13.500545
bb09b488-e875-448b-9801-156d15b3962c,46,1775725079919574338,1775725080014699338,95.125,775.813427734375,795.6799072265625,-1.3666866,-12.465081
bb09b488-e875-448b-9801-156d15b3962c,47,1775725082336815338,1775725082421940338,85.125,755.5797241210937,788.9707397460937,-2.681819,-12.031965
bb09b488-e875-448b-9801-156d15b3962c,48,1775725082762189338,1775725082842316338,80.127,553.4835632324218,691.5067504882812,-15.638223,-5.7045736
bb09b488-e875-448b-9801-156d15b3962c,49,1775725083092562338,1775725083227687338,135.125,709.6426513671875,581.3552612304687,-5.594164,1.2879072
bb09b488-e875-448b-9801-156d15b3962c,50,1775725083537945338,1775725083973309338,435.364,868.8096435546875,577.6306518554687,4.6235733,1.5276469
bb09b488-e875-448b-9801-156d15b3962c,51,1775725084513807338,1775725084613931338,100.124,780.8151977539062,683.7257446289062,-1.0281893,-5.2873654
bb09b488-e875-448b-9801-156d15b3962c,52,1775725084658931338,1775725084739056338,80.125,777.1513793945312,685.6274780273437,-1.2641518,-5.4093046
bb09b488-e875-448b-9801-156d15b3962c,53,1775725084974316338,1775725085059305338,84.989,912.315625,800.1974853515625,7.525782,-12.713379
bb09b488-e875-448b-9801-156d15b3962c,54,1775725085985176338,1775725086075301338,90.125,793.44697265625,797.493017578125,-0.21815623,-12.582382
bb09b488-e875-448b-9801-156d15b3962c,55,1775725086140439338,1775725086220425338,79.986,805.5748413085937,802.6847900390625,0.5724723,-12.914398
bb09b488-e875-448b-9801-156d15b3962c,56,1775725087351546338,1775725087551670338,200.124,791.425244140625,608.6667236328125,-0.34435079,-0.46511537
bb09b488-e875-448b-9801-156d15b3962c,57,1775725087576670338,1775725087756919338,180.249,786.0092895507812,605.1249145507812,-0.6920484,-0.237472
bb09b488-e875-448b-9801-156d15b3962c,58,1775725087776919338,1775725087871919338,95.0,765.7613647460937,617.94638671875,-1.9920928,-1.0612679
bb09b488-e875-448b-9801-156d15b3962c,59,1775725088157292338,1775725088262292338,105.0,793.7002685546875,587.7005981445312,-0.19830771,0.88240576
bb09b488-e875-448b-9801-156d15b3962c,60,1775725088742797338,1775725088837915338,95.118,760.9082153320312,792.1626953125,-2.3362525,-12.237452
bb09b488-e875-448b-9801-156d15b3962c,61,1775725089208163338,1775725089288288338,80.125,790.2957275390625,797.1803955078125,-0.42345804,-12.562288
bb09b488-e875-448b-9801-156d15b3962c,62,1775725089573540338,1775725089978910338,405.37,816.3521850585937,467.42197265625,1.2644318,8.606639
bb09b488-e875-448b-9801-156d15b3962c,63,1775725090104047338,1775725090234159338,130.112,818.36396484375,798.9474243164062,1.4055914,-12.673948
bb09b488-e875-448b-9801-156d15b3962c,64,1775725090504410338,1775725090594533338,90.123,785.9077880859375,795.7377075195312,-0.7091785,-12.469726
bb09b488-e875-448b-9801-156d15b3962c,65,1775725090614533338,1775725090824662338,210.129,784.7454956054687,787.23642578125,-0.7838598,-11.925421
bb09b488-e875-448b-9801-156d15b3962c,66,1775725090839782338,1775725090949782338,110.0,785.0133178710937,795.3078369140625,-0.7673922,-12.442152
bb09b488-e875-448b-9801-156d15b3962c,67,1775725090974906338,1775725091105031338,130.125,788.29072265625,788.7737182617187,-0.55335456,-12.024049
bb09b488-e875-448b-9801-156d15b3962c,68,1775725091180031338,1775725091410280338,230.249,774.1191528320312,781.7153076171875,-1.4739616,-11.570872
bb09b488-e875-448b-9801-156d15b3962c,69,1775725091690529338,1775725091770654338,80.125,775.7790649414062,787.5154174804687,-1.3672262,-11.942442
bb09b488-e875-448b-9801-156d15b3962c,70,1775725091905778338,1775725092015781338,110.003,781.3076293945312,789.8242553710937,-1.0079037,-12.090835
bb09b488-e875-448b-9801-156d15b3962c,71,1775725092090902338,1775725092216026338,125.124,787.899853515625,787.4985717773437,-0.5786741,-11.942387
bb09b488-e875-448b-9801-156d15b3962c,72,1775725092346151338,1775725092466275338,120.124,769.94306640625,791.7745727539062,-1.7480024,-12.214283
bb09b488-e875-448b-9801-156d15b3962c,73,1775725092526275338,1775725092791524338,265.249,770.7594116210937,789.0055908203125,-1.6941532,-12.037163
bb09b488-e875-448b-9801-156d15b3962c,74,1775725092871649338,1775725093026773338,155.124,770.2265747070312,789.0787109375,-1.7288437,-12.0417595
bb09b488-e875-448b-9801-156d15b3962c,75,1775725093061773338,1775725093216902338,155.129,766.87861328125,789.8237670898437,-1.9469112,-12.088908
bb09b488-e875-448b-9801-156d15b3962c,76,1775725093242026338,1775725093717396338,475.37,768.4612548828125,785.7268432617187,-1.8427986,-11.826909
bb09b488-e875-448b-9801-156d15b3962c,77,1775725093772395338,1775725093982644338,210.249,784.1770751953125,795.3185791015625,-0.82186294,-12.4427805
bb09b488-e875-448b-9801-156d15b3962c,78,1775725094052769338,1775725094132769338,80.0,775.2328002929687,789.3246215820312,-1.4031394,-12.0582
bb09b488-e875-448b-9801-156d15b3962c,79,1775725094192894338,1775725094343018338,150.124,762.3406494140625,795.6793579101562,-2.2442088,-12.462807
bb09b488-e875-448b-9801-156d15b3962c,80,1775725094373018338,1775725094483142338,110.124,759.8003662109375,800.355810546875,-2.4114256,-12.761484
bb09b488-e875-448b-9801-156d15b3962c,81,1775725094513142338,1775725094613267338,100.125,764.26533203125,806.1665405273437,-2.1223924,-13.1342
bb09b488-e875-448b-9801-156d15b3962c,82,1775725094643267338,1775725094733391338,90.124,799.7074096679687,796.0778564453125,0.1897085,-12.49178
bb09b488-e875-448b-9801-156d15b3962c,83,1775725094753391338,1775725094833391338,80.0,769.1720092773437,788.1308959960937,-1.7972139,-11.980923
bb09b488-e875-448b-9801-156d15b3962c,84,1775725095534138338,1775725095669263338,135.125,859.6255615234375,656.2320922851562,4.0378027,-3.518155
bb09b488-e875-448b-9801-156d15b3962c,85,1775725096044514338,1775725096224760338,180.246,578.5464599609375,599.347998046875,-13.988698,0.13275155
bb09b488-e875-448b-9801-156d15b3962c,86,1775725096329885338,1775725096409885338,80.0,787.8960083007812,515.1494506835937,-0.5726294,5.5439005
bb09b488-e875-448b-9801-156d15b3962c,87,1775725096540009338,1775725096620134338,80.125,845.3110473632812,518.9045776367187,3.1227965,5.2996664
bb09b488-e875-448b-9801-156d15b3962c,88,1775725097010507338,1775725097160632338,150.125,846.2292602539062,805.8436645507812,3.2247233,-13.10873
bb09b488-e875-448b-9801-156d15b3962c,89,1775725097410883338,1775725097586018338,175.135,763.9071166992187,799.8993896484375,-2.1436002,-12.733166
bb09b488-e875-448b-9801-156d15b3962c,90,1775725097611005338,1775725097706129338,95.124,755.6683471679687,802.2721313476562,-2.6815457,-12.883081
bb09b488-e875-448b-9801-156d15b3962c,91,1775725097731129338,1775725097861257338,130.128,756.2963989257812,811.8445190429687,-2.6447515,-13.495503
bb09b488-e875-448b-9801-156d15b3962c,92,1775725097926254338,1775725098041378338,115.124,759.383740234375,803.4662841796875,-2.4397912,-12.960385
bb09b488-e875-448b-9801-156d15b3962c,93,1775725098271627338,1775725098426751338,155.124,764.7568481445312,806.86044921875,-2.0905638,-13.178692
bb09b488-e875-448b-9801-156d15b3962c,94,1775725098576876338,1775725098677000338,100.124,756.7547119140625,807.6053833007812,-2.6129844,-13.224509
bb09b488-e875-448b-9801-156d15b3962c,95,1775725098787125338,1775725098887255338,100.13,764.426708984375,811.3780883789062,-2.1136906,-13.467603
bb09b488-e875-448b-9801-156d15b3962c,96,1775725099077374338,1775725099182498338,105.124,766.542431640625,808.907080078125,-1.9747305,-13.309968
bb09b488-e875-448b-9801-156d15b3962c,97,1775725099637871338,1775725099737996338,100.125,765.6314208984375,805.866552734375,-2.0331695,-13.115288
bb09b488-e875-448b-9801-156d15b3962c,98,1775725099752996338,1775725099833121338,80.125,760.269482421875,804.0779174804687,-2.3822675,-12.999721
bb09b488-e875-448b-9801-156d15b3962c,99,1775725100633867338,1775725100723868338,90.001,833.2669799804687,833.8805908203125,2.3907094,-14.904967
bb09b488-e875-448b-9801-156d15b3962c,100,1775725101884987338,1775725102000112338,115.125,810.6666381835937,823.62216796875,0.907575,-14.253354
bb09b488-e875-448b-9801-156d15b3962c,101,1775725102465485338,1775725102550610338,85.125,821.6148193359375,816.0304931640625,1.6218488,-13.766348
bb09b488-e875-448b-9801-156d15b3962c,102,1775725102730734338,1775725102855858338,125.124,846.9779174804687,830.2467407226562,3.2871785,-14.66839
bb09b488-e875-448b-9801-156d15b3962c,103,1775725103156117338,1775725103366356338,210.239,803.393017578125,776.6880859375,0.42866266,-11.25014
bb09b488-e875-448b-9801-156d15b3962c,104,1775725104117103338,1775725104217102338,99.999,817.2729614257812,809.4886840820312,1.3366953,-13.348579
bb09b488-e875-448b-9801-156d15b3962c,105,1775725105213098338,1775725105338223338,125.125,803.2940795898437,788.5528930664062,0.42289796,-12.009937
bb09b488-e875-448b-9801-156d15b3962c,106,1775725106238975338,1775725106329094338,90.119,746.7193725585937,390.4830383300781,-3.270827,13.529505
bb09b488-e875-448b-9801-156d15b3962c,107,1775725106379219338,1775725106474229338,95.01,760.1070678710937,437.1681884765625,-2.3798153,10.544104
bb09b488-e875-448b-9801-156d15b3962c,108,1775725106879591338,1775725106964719338,85.128,665.8144653320312,559.095068359375,-8.409267,2.7095497
bb09b488-e875-448b-9801-156d15b3962c,109,1775725107815471338,1775725107895587338,80.116,592.8001220703125,713.362158203125,-13.140163,-7.1175756
bb09b488-e875-448b-9801-156d15b3962c,110,1775725108976582338,1775725109136707338,160.125,648.5869873046875,556.29013671875,-9.514678,2.8857002
bb09b488-e875-448b-9801-156d15b3962c,111,1775725109216832338,1775725109361956338,145.124,728.9204833984375,538.6372436523437,-4.363097,4.030795
bb09b488-e875-448b-9801-156d15b3962c,112,1775725109457080338,1775725109612205338,155.125,758.0841796875,533.1394409179687,-2.4892144,4.386907
bb09b488-e875-448b-9801-156d15b3962c,113,1775725109632205338,1775725109917453338,285.248,752.7458618164062,541.514501953125,-2.8313112,3.8486407
bb09b488-e875-448b-9801-156d15b3962c,114,1775725110122706338,1775725110352827338,230.121,733.6567504882812,534.0871948242187,-4.059632,4.3234344
bb09b488-e875-448b-9801-156d15b3962c,115,1775725110377828338,1775725110818325338,440.497,739.7869384765625,532.8083251953125,-3.665783,4.406298
bb09b488-e875-448b-9801-156d15b3962c,116,1775725112504817338,1775725112634953338,130.136,824.1055419921875,530.41806640625,1.7569773,4.562416
bb09b488-e875-448b-9801-156d15b3962c,117,1775725113335566338,1775725113420692338,85.126,776.684033203125,744.431982421875,-1.3010075,-9.182301
bb09b488-e875-448b-9801-156d15b3962c,118,1775725113710937338,1775725113801073338,90.136,743.2267578125,729.4780029296875,-3.4599893,-8.218425
bb09b488-e875-448b-9801-156d15b3962c,119,1775725114346559338,1775725114436685338,90.126,734.0703247070312,722.6581787109375,-4.0486355,-7.779189
bb09b488-e875-448b-9801-156d15b3962c,120,1775725114837058338,1775725114957182338,120.124,751.1508911132812,698.504248046875,-2.9402869,-6.233381
bb09b488-e875-448b-9801-156d15b3962c,121,1775725115082306338,1775725115197306338,115.0,753.3850830078125,685.6077026367187,-2.7938614,-5.4060464
bb09b488-e875-448b-9801-156d15b3962c,122,1775725115242431338,1775725115352555338,110.124,762.6433837890625,682.1730102539062,-2.197504,-5.186504
bb09b488-e875-448b-9801-156d15b3962c,123,1775725115397555338,1775725115577679338,180.124,793.1677368164062,676.2438110351562,-0.23302555,-4.8071756
bb09b488-e875-448b-9801-156d15b3962c,124,1775725115597679338,1775725115742803338,145.124,807.4444702148437,667.3452514648437,0.68513626,-4.2354956
bb09b488-e875-448b-9801-156d15b3962c,125,1775725116213301338,1775725116353426338,140.125,906.510693359375,809.7596801757812,7.158912,-13.327583
bb09b488-e875-448b-9801-156d15b3962c,126,1775725116373426338,1775725116473550338,100.124,822.3216064453125,818.3537353515625,1.6686834,-13.914803
bb09b488-e875-448b-9801-156d15b3962c,127,1775725117099173338,1775725117359421338,260.248,790.0566528320312,828.7828735351562,-0.44151023,-14.583956
bb09b488-e875-448b-9801-156d15b3962c,128,1775725117534546338,1775725117624556338,90.01,806.4275634765625,839.2746948242187,0.6319154,-15.2544
bb09b488-e875-448b-9801-156d15b3962c,129,1775725118040043338,1775725118200168338,160.125,875.3936889648437,826.9302124023437,5.144785,-14.443411
bb09b488-e875-448b-9801-156d15b3962c,130,1775725118520416338,1775725118665541338,145.125,628.0899169921875,822.8229125976562,-11.028269,-14.106061
bb09b488-e875-448b-9801-156d15b3962c,131,1775725118775665338,1775725118955789338,180.124,721.5792358398437,777.55087890625,-4.8855724,-11.290056
bb09b488-e875-448b-9801-156d15b3962c,132,1775725119356163338,1775725119441287338,85.124,754.1538818359375,822.69248046875,-2.7898726,-14.188508
bb09b488-e875-448b-9801-156d15b3962c,133,1775725119726536338,1775725119841661338,115.125,765.83125,821.7977661132812,-2.025629,-14.134235
bb09b488-e875-448b-9801-156d15b3962c,134,1775725120192034338,1775725120277039338,85.005,776.8615234375,792.6510986328125,-1.297811,-12.271342
bb09b488-e875-448b-9801-156d15b3962c,135,1775725120572407338,1775725120682407338,110.0,745.9635131835937,753.839453125,-3.2919734,-9.780148
bb09b488-e875-448b-9801-156d15b3962c,136,1775725121498153338,1775725121598278338,100.125,728.3023193359375,783.7375244140625,-4.4529004,-11.688488
bb09b488-e875-448b-9801-156d15b3962c,137,1775725121918651338,1775725122028651338,110.0,715.1637084960937,738.6770385742187,-5.2769833,-8.799817
bb09b488-e875-448b-9801-156d15b3962c,138,1775725122273900338,1775725122369024338,95.124,667.3294799804687,696.80234375,-8.335051,-6.102063
bb09b488-e875-448b-9801-156d15b3962c,139,1775725122924522338,1775725123054656338,130.134,758.947216796875,703.3411010742187,-2.4389715,-6.544762
bb09b488-e875-448b-9801-156d15b3962c,140,1775725123099646338,1775725123209771338,110.125,822.1973999023437,675.8478149414062,1.6344779,-4.780934
bb09b488-e875-448b-9801-156d15b3962c,141,1775725123465020338,1775725123540152338,75.132,811.4096801757812,833.9875854492187,0.95793396,-14.915985
bb09b488-e875-448b-9801-156d15b3962c,142,1775725124270766338,1775725124345891338,75.125,813.9752319335937,766.5903076171875,1.114598,-10.602571
bb09b488-e875-448b-9801-156d15b3962c,143,1775725124646144338,1775725124881388338,235.244,787.9070556640625,589.915869140625,-0.5702456,0.7400168
bb09b488-e875-448b-9801-156d15b3962c,144,1775725124901388338,1775725125041513338,140.125,762.4182861328125,606.7853759765625,-2.2065198,-0.34409124
bb09b488-e875-448b-9801-156d15b3962c,145,1775725125481893338,1775725125622010338,140.117,962.982861328125,802.9487670898437,10.825747,-12.844204
bb09b488-e875-448b-9801-156d15b3962c,146,1775725125717135338,1775725125817259338,100.124,937.7535522460937,806.7741455078125,9.190388,-13.112002
bb09b488-e875-448b-9801-156d15b3962c,147,1775725126302632338,1775725126387757338,85.125,912.1173828125,720.8139404296875,7.4397354,-7.64279
bb09b488-e875-448b-9801-156d15b3962c,148,1775725126407757338,1775725126507881338,100.124,931.5274169921875,695.08896484375,8.672107,-5.989946
bb09b488-e875-448b-9801-156d15b3962c,149,1775725126813130338,1775725126903254338,90.124,486.73731689453126,624.1972412109375,-19.852709,-1.4290326
bb09b488-e875-448b-9801-156d15b3962c,150,1775725126923254338,1775725127023379338,100.125,481.3707702636719,607.75498046875,-20.191328,-0.3959392
bb09b488-e875-448b-9801-156d15b3962c,151,1775725127418752338,1775725127508752338,90.0,691.8242309570312,613.8284057617187,-6.736438,-0.79460365
bb09b488-e875-448b-9801-156d15b3962c,152,1775725127578876338,1775725127739001338,160.125,678.7568481445312,599.9101928710937,-7.573887,0.09748045
bb09b488-e875-448b-9801-156d15b3962c,153,1775725128074257338,1775725128149374338,75.117,975.5520141601562,782.1312622070312,11.606479,-11.508179
bb09b488-e875-448b-9801-156d15b3962c,154,1775725128349624338,1775725128454622338,104.998,806.5733764648437,809.7253784179687,0.63828117,-13.364828
bb09b488-e875-448b-9801-156d15b3962c,155,1775725128900120338,1775725128990120338,90.0,773.0939453125,739.944921875,-1.5325236,-8.894279
bb09b488-e875-448b-9801-156d15b3962c,156,1775725130211239338,1775725130341364338,130.125,815.4998901367187,505.0831665039062,1.2053918,6.1898246
bb09b488-e875-448b-9801-156d15b3962c,157,1775725130741737338,1775725131011986338,270.249,791.280712890625,537.7302612304687,-0.35422042,4.09353
bb09b488-e875-448b-9801-156d15b3962c,158,1775725131312359338,1775725131407359338,95.0,875.0139282226562,814.2298950195312,5.1086946,-13.632551
bb09b488-e875-448b-9801-156d15b3962c,159,1775725131777741338,1775725132012997338,235.256,795.3393676757812,745.6249755859375,-0.09401755,-9.259653
bb09b488-e875-448b-9801-156d15b3962c,160,1775725132088106338,1775725132233230338,145.124,793.2310302734375,752.2576049804687,-0.23064181,-9.684839
bb09b488-e875-448b-9801-156d15b3962c,161,1775725132313230338,1775725132423355338,110.125,832.6128662109375,794.5991577148437,2.3325367,-12.393105
bb09b488-e875-448b-9801-156d15b3962c,162,1775725132663603338,1775725132748615338,85.012,688.9610107421875,601.9565795898437,-6.9196644,-0.03363868
bb09b488-e875-448b-9801-156d15b3962c,163,1775725132763728338,1775725132883727338,119.999,788.0758178710937,582.210546875,-0.55946076,1.2352396
bb09b488-e875-448b-9801-156d15b3962c,164,1775725132958852338,1775725133068976338,110.124,791.3004272460937,611.273046875,-0.35236943,-0.63262576
bb09b488-e875-448b-9801-156d15b3962c,165,1775725133374225338,1775725133464350338,90.125,826.916455078125,697.0752319335937,1.9406548,-6.143345
bb09b488-e875-448b-9801-156d15b3962c,166,1775725133749598338,1775725133939722338,190.124,817.4819458007812,697.5868896484375,1.3329865,-6.176943
bb09b488-e875-448b-9801-156d15b3962c,167,1775725134054850338,1775725134134971338,80.121,777.6775024414062,664.0142578125,-1.2287714,-4.0213146
bb09b488-e875-448b-9801-156d15b3962c,168,1775725134250096338,1775725134395220338,145.124,807.4570434570312,618.3940185546875,0.684945,-1.0902553
bb09b488-e875-448b-9801-156d15b3962c,169,1775725134500345338,1775725134840593338,340.248,779.5723999023437,620.8033813476562,-1.1054387,-1.2450478
bb09b488-e875-448b-9801-156d15b3962c,170,1775725135376091338,1775725135511215338,135.124,781.2182739257812,585.4938110351562,-0.9997279,1.0241868
bb09b488-e875-448b-9801-156d15b3962c,171,1775725135531218338,1775725135641340338,110.122,793.5676391601562,540.49033203125,-0.20713913,3.9162254
bb09b488-e875-448b-9801-156d15b3962c,172,1775725135681339338,1775725135846589338,165.25,822.29755859375,587.5844482421875,1.637688,0.8897277
bb09b488-e875-448b-9801-156d15b3962c,173,1775725135876589338,1775725136106838338,230.249,842.9229858398437,559.4614624023437,2.963448,2.6958072
bb09b488-e875-448b-9801-156d15b3962c,174,1775725136136838338,1775725136291962338,155.124,808.7325561523437,583.2956298828125,0.7668595,1.1654761
bb09b488-e875-448b-9801-156d15b3962c,175,1775725137017583338,1775725137167708338,150.125,755.5890625,427.7857421875,-2.6762114,11.144252
bb09b488-e875-448b-9801-156d15b3962c,176,1775725137317957338,1775725137483081338,165.124,805.0334594726562,459.1365112304687,0.53321916,9.138779
bb09b488-e875-448b-9801-156d15b3962c,177,1775725137583206338,1775725137768330338,185.124,781.01435546875,478.7048706054687,-1.01875,7.883151
bb09b488-e875-448b-9801-156d15b3962c,178,1775725137788333338,1775725138103579338,315.246,794.9723022460937,473.351416015625,-0.11753389,8.227099
bb09b488-e875-448b-9801-156d15b3962c,179,1775725138378827338,1775725138564076338,185.249,858.9325073242187,809.9089721679687,4.0558276,-13.363981
bb09b488-e875-448b-9801-156d15b3962c,180,1775725139610071338,1775725139745196338,135.125,755.6898315429687,813.7994140625,-2.685241,-13.620353
bb09b488-e875-448b-9801-156d15b3962c,181,1775725140345693338,1775725140430818338,85.125,751.7789428710937,402.2657836914062,-2.9347203,12.777173
bb09b488-e875-448b-9801-156d15b3962c,182,1775725140851191338,1775725141071440338,220.249,784.8615844726562,475.155615234375,-0.7706024,8.111088
bb09b488-e875-448b-9801-156d15b3962c,183,1775725141476813338,1775725141591816338,115.003,853.5654418945312,811.583349609375,3.7066205,-13.473142
bb09b488-e875-448b-9801-156d15b3962c,184,1775725142407684338,1775725142652808338,245.124,721.5039794921875,405.7668212890625,-4.9051204,12.542085
bb09b488-e875-448b-9801-156d15b3962c,185,1775725143038555338,1775725143158683338,120.128,812.8504760742187,811.4645141601562,1.0483452,-13.475533
bb09b488-e875-448b-9801-156d15b3962c,186,1775725144089554338,1775725144194679338,105.125,959.5061157226562,753.5596069335937,10.527609,-9.70451
bb09b488-e875-448b-9801-156d15b3962c,187,1775725144409929338,1775725144615054338,205.125,822.76142578125,715.1369384765625,1.6753907,-7.3027763
bb09b488-e875-448b-9801-156d15b3962c,188,1775725144660054338,1775725144750179338,90.125,766.7497680664062,696.128759765625,-1.9350744,-6.082727
bb09b488-e875-448b-9801-156d15b3962c,189,1775725144850303338,1775725144940304338,90.001,767.3794067382812,690.909033203125,-1.8938202,-5.747727
bb09b488-e875-448b-9801-156d15b3962c,190,1775725145115553338,1775725145200553338,85.0,748.1321533203125,725.7553466796875,-3.1420372,-7.980768
bb09b488-e875-448b-9801-156d15b3962c,191,1775725145285678338,1775725145435806338,150.128,680.4784057617187,723.7370361328125,-7.5062203,-7.8298554
bb09b488-e875-448b-9801-156d15b3962c,192,1775725145741053338,1775725145871178338,130.125,915.1060302734375,726.8019775390625,7.636602,-8.024311
bb09b488-e875-448b-9801-156d15b3962c,193,1775725146141428338,1775725146316678338,175.25,935.9456909179687,731.6710571289062,8.98415,-8.324532
bb09b488-e875-448b-9801-156d15b3962c,194,1775725146822177338,1775725146907177338,85.0,605.748486328125,844.9570068359375,-12.537583,-15.48231
bb09b488-e875-448b-9801-156d15b3962c,195,1775725146947177338,1775725147072302338,125.125,736.0215576171875,822.6528686523437,-3.975887,-14.179547
bb09b488-e875-448b-9801-156d15b3962c,196,1775725147212427338,1775725147347552338,135.125,775.2229736328125,613.6815551757812,-1.3845817,-0.78733635
bb09b488-e875-448b-9801-156d15b3962c,197,1775725147432677338,1775725147527802338,95.125,783.6524780273437,652.7889770507812,-0.8442045,-3.3003814
bb09b488-e875-448b-9801-156d15b3962c,198,1775725147547802338,1775725147637930338,90.128,781.830517578125,680.7264770507812,-0.96265364,-5.0948086
bb09b488-e875-448b-9801-156d15b3962c,199,1775725147773052338,1775725147963177338,190.125,810.185009765625,506.9260620117187,0.86286455,6.0717645
bb09b488-e875-448b-9801-156d15b3962c,200,1775725147978177338,1775725148343552338,365.375,781.7087524414062,485.4532836914062,-0.97328824,7.4501376
bb09b488-e875-448b-9801-156d15b3962c,201,1775725149069176338,1775725149149301338,80.125,876.4622924804687,821.0549682617187,5.20931,-14.067669
bb09b488-e875-448b-9801-156d15b3962c,202,1775725149314426338,1775725149454554338,140.128,731.4885375976562,419.8346313476562,-4.245891,11.646244
bb09b488-e875-448b-9801-156d15b3962c,203,1775725149474551338,1775725149614676338,140.125,751.2287719726562,423.0273193359375,-2.9613376,11.44797
bb09b488-e875-448b-9801-156d15b3962c,204,1775725149634801338,1775725149739801338,105.0,750.49677734375,442.4869140625,-3.0011168,10.201317
bb09b488-e875-448b-9801-156d15b3962c,205,1775725150075176338,1775725150215300338,140.124,752.2490966796875,807.5935424804687,-2.9069624,-13.222528
bb09b488-e875-448b-9801-156d15b3962c,206,1775725150575679338,1775725150700678338,124.999,750.696240234375,811.7047485351562,-3.0103374,-13.484985
bb09b488-e875-448b-9801-156d15b3962c,207,1775725150810800338,1775725150890925338,80.125,755.5918090820312,792.885107421875,-2.6826112,-12.282469
bb09b488-e875-448b-9801-156d15b3962c,208,1775725151226182338,1775725151301300338,75.118,775.7367065429687,800.8146728515625,-1.3727928,-12.793688
bb09b488-e875-448b-9801-156d15b3962c,209,1775725153062924338,1775725153148049338,85.125,805.6944702148437,811.62119140625,0.5810783,-13.486174
bb09b488-e875-448b-9801-156d15b3962c,210,1775725153188049338,1775725153273173338,85.124,835.52314453125,804.0396484375,2.5257013,-12.996422
bb09b488-e875-448b-9801-156d15b3962c,211,1775725153688548338,1775725153768548338,80.0,832.6931884765625,800.2504638671875,2.3397768,-12.754687
bb09b488-e875-448b-9801-156d15b3962c,212,1775725154539298338,1775725154619423338,80.125,792.2586791992187,802.13388671875,-0.29581547,-12.879379
bb09b488-e875-448b-9801-156d15b3962c,213,1775725154639426338,1775725154744548338,105.122,782.3784912109375,799.8328002929687,-0.93968374,-12.731567
bb09b488-e875-448b-9801-156d15b3962c,214,1775725155765422338,1775725155855554338,90.132,875.8615844726562,819.0026000976562,5.1682124,-13.936932
bb09b488-e875-448b-9801-156d15b3962c,215,1775725156195927338,1775725156325921338,129.994,714.809521484375,393.96271362304685,-5.3511934,13.293419
bb09b488-e875-448b-9801-156d15b3962c,216,1775725156366047338,1775725156581175338,215.128,748.3877685546875,400.015478515625,-3.1568997,12.92019
bb09b488-e875-448b-9801-156d15b3962c,217,1775725157101671338,1775725157236809338,135.138,888.9148071289062,812.3201049804687,6.014138,-13.502682
bb09b488-e875-448b-9801-156d15b3962c,218,1775725158783295338,1775725158873420338,90.125,862.48408203125,812.36142578125,4.289297,-13.519218
bb09b488-e875-448b-9801-156d15b3962c,219,1775725159774169338,1775725159849294338,75.125,800.7805908203125,801.81748046875,0.25982037,-12.859108
bb09b488-e875-448b-9801-156d15b3962c,220,1775725160850168338,1775725160945293338,95.125,838.71943359375,818.2151245117187,2.7404902,-13.902091
bb09b488-e875-448b-9801-156d15b3962c,221,1775725160960293338,1775725161045418338,85.125,812.9063232421875,806.0245727539062,1.0510772,-13.127486
bb09b488-e875-448b-9801-156d15b3962c,222,1775725161721043338,1775725161946167338,225.124,811.3606689453125,510.6638549804687,0.93835866,5.8317175
bb09b488-e875-448b-9801-156d15b3962c,223,1775725162832042338,1775725163042292338,210.25,790.1538818359375,564.5170654296875,-0.4262038,2.37235
bb09b488-e875-448b-9801-156d15b3962c,224,1775725163082292338,1775725163247416338,165.124,846.8521240234375,547.8247436523437,3.2171419,3.4428113
bb09b488-e875-448b-9801-156d15b3962c,225,1775725163262417338,1775725163417541338,155.124,854.1008422851562,545.323095703125,3.6832204,3.602747
bb09b488-e875-448b-9801-156d15b3962c,226,1775725163647802338,1775725163722916338,75.114,821.084423828125,608.3094848632812,1.5597146,-0.44208398
bb09b488-e875-448b-9801-156d15b3962c,227,1775725163757916338,1775725164008166338,250.25,817.3651245117187,675.2706665039062,1.3235881,-4.744147
bb09b488-e875-448b-9801-156d15b3962c,228,1775725164048169338,1775725164133291338,85.122,688.7432983398437,779.023291015625,-7.018415,-11.367552
bb09b488-e875-448b-9801-156d15b3962c,229,1775725164463541338,1775725164618669338,155.128,756.4258544921875,807.9866088867187,-2.6346018,-13.248804
bb09b488-e875-448b-9801-156d15b3962c,230,1775725164638791338,1775725164738791338,100.0,753.173779296875,800.4723266601562,-2.8433597,-12.767289
bb09b488-e875-448b-9801-156d15b3962c,231,1775725165019040338,1775725165109165338,90.125,691.9786499023437,749.9009765625,-6.7832313,-9.508251
bb09b488-e875-448b-9801-156d15b3962c,232,1775725165549540338,1775725165679665338,130.125,603.9554565429687,690.3940795898437,-12.401253,-5.6640024
bb09b488-e875-448b-9801-156d15b3962c,233,1775725166520539338,1775725166620539338,100.0,723.817578125,766.6260131835937,-4.733314,-10.59199
bb09b488-e875-448b-9801-156d15b3962c,234,1775725166855789338,1775725166950914338,95.125,1078.7905395507812,804.790380859375,18.347847,-12.803189
bb09b488-e875-448b-9801-156d15b3962c,235,1775725167206164338,1775725167296163338,89.999,898.9952514648437,829.7594360351562,6.692007,-14.608749
bb09b488-e875-448b-9801-156d15b3962c,236,1775725167521425338,1775725167661538338,140.113,835.1501586914062,747.0749877929687,2.482316,-9.349088
bb09b488-e875-448b-9801-156d15b3962c,237,1775725167731663338,1775725167816663338,85.0,872.382763671875,761.0765747070312,4.8989873,-10.235366
bb09b488-e875-448b-9801-156d15b3962c,238,1775725167951788338,1775725168362163338,410.375,833.1985595703125,783.0483764648437,2.3667083,-11.653675
bb09b488-e875-448b-9801-156d15b3962c,239,1775725168437288338,1775725168582412338,145.124,826.7229125976562,792.37607421875,1.9483591,-12.252033
bb09b488-e875-448b-9801-156d15b3962c,240,1775725168737537338,1775725168827662338,90.125,841.3213623046875,790.4596313476562,2.8977828,-12.126064
bb09b488-e875-448b-9801-156d15b3962c,241,1775725169408162338,1775725169538287338,130.125,851.3217895507812,826.3725952148437,3.5691903,-14.419205
bb09b488-e875-448b-9801-156d15b3962c,242,1775725169803543338,1775725169883661338,80.118,842.0845458984375,826.7265380859375,2.9648142,-14.445126
bb09b488-e875-448b-9801-156d15b3962c,243,1775725169998786338,1775725170123911338,125.125,845.757275390625,810.2237915039062,3.1962006,-13.388973
bb09b488-e875-448b-9801-156d15b3962c,244,1775725170319036338,1775725170394166338,75.13,831.216748046875,835.7992919921875,2.2571247,-15.028123
bb09b488-e875-448b-9801-156d15b3962c,245,1775725170899536338,1775725170989660338,90.124,865.4520385742187,819.4254516601562,4.4883766,-13.969232
bb09b488-e875-448b-9801-156d15b3962c,246,1775725171174785338,1775725171425035338,250.25,1123.0327880859375,788.2955078125,21.160341,-11.694185
bb09b488-e875-448b-9801-156d15b3962c,247,1775725171910535338,1775725172080660338,170.125,819.1417358398437,708.9410766601562,1.4411494,-6.9055395
bb09b488-e875-448b-9801-156d15b3962c,248,1775725172756284338,1775725172861409338,105.125,673.5658081054687,841.7247680664062,-8.087169,-15.355255
bb09b488-e875-448b-9801-156d15b3962c,249,1775725172901412338,1775725172991537338,90.125,737.969677734375,815.3530639648437,-3.8435931,-13.713824
bb09b488-e875-448b-9801-156d15b3962c,250,1775725173011534338,1775725173086659338,75.125,788.7755249023437,825.2107299804687,-0.5250708,-14.355486
bb09b488-e875-448b-9801-156d15b3962c,251,1775725173436908338,1775725173547033338,110.125,755.7283447265625,612.7151245117187,-2.63605,-0.7249972
bb09b488-e875-448b-9801-156d15b3962c,252,1775725173772283338,1775725173857283338,85.0,810.7647216796875,721.9465698242187,0.90202206,-7.7405915
bb09b488-e875-448b-9801-156d15b3962c,253,1775725173892408338,1775725174107533338,215.125,795.631787109375,713.9272827148437,-0.07477691,-7.2264423
bb09b488-e875-448b-9801-156d15b3962c,254,1775725174517921338,1775725174633033338,115.112,765.8036010742187,795.0472778320312,-2.0184643,-12.423041
bb09b488-e875-448b-9801-156d15b3962c,255,1775725175378793338,1775725175468782338,89.989,767.4002807617187,804.1076416015625,-1.9172271,-13.003095
bb09b488-e875-448b-9801-156d15b3962c,256,1775725175483907338,1775725175583907338,100.0,765.9112060546875,787.0207275390625,-2.0090249,-11.909308
bb09b488-e875-448b-9801-156d15b3962c,257,1775725175644032338,1775725175724032338,80.0,767.5852172851562,795.3390869140625,-1.9025217,-12.442036
bb09b488-e875-448b-9801-156d15b3962c,258,1775725175869157338,1775725175989281338,120.124,777.834423828125,800.8451904296875,-1.2360524,-12.795895
bb09b488-e875-448b-9801-156d15b3962c,259,1775725176039419338,1775725176134406338,94.987,784.7133911132812,802.204443359375,-0.7878008,-12.883526
bb09b488-e875-448b-9801-156d15b3962c,260,1775725176254531338,1775725176514781338,260.25,776.8662841796875,802.2109741210937,-1.2994503,-12.883184
bb09b488-e875-448b-9801-156d15b3962c,261,1775725176554906338,1775725176639906338,85.0,780.7054565429687,806.8966430664062,-1.0499367,-13.183426
bb09b488-e875-448b-9801-156d15b3962c,262,1775725177185405338,1775725177320530338,135.125,1163.0247314453125,788.153173828125,23.743526,-11.612735
bb09b488-e875-448b-9801-156d15b3962c,263,1775725177781030338,1775725177946155338,165.125,871.9238403320312,780.7046875,4.881809,-11.491246
bb09b488-e875-448b-9801-156d15b3962c,264,1775725178356529338,1775725178431654338,75.125,643.5049560546875,742.4535278320312,-9.90781,-9.004504
bb09b488-e875-448b-9801-156d15b3962c,265,1775725178486654338,1775725178801904338,315.25,727.93671875,756.1355346679687,-4.4603796,-9.921989
bb09b488-e875-448b-9801-156d15b3962c,266,1775725179037154338,1775725179112279338,75.125,802.09248046875,782.2585205078125,0.34442592,-11.606943
bb09b488-e875-448b-9801-156d15b3962c,267,1775725179127279338,1775725179382528338,255.249,787.9239624023437,782.1531127929687,-0.5766455,-11.600106
bb09b488-e875-448b-9801-156d15b3962c,268,1775725179747787338,1775725179852916338,105.129,751.9466674804687,788.2389892578125,-2.9178772,-11.984222
bb09b488-e875-448b-9801-156d15b3962c,269,1775725179913028338,1775725179993028338,80.0,759.966259765625,786.6993774414062,-2.3956137,-11.887575
bb09b488-e875-448b-9801-156d15b3962c,270,1775725180078153338,1775725180238278338,160.125,771.4393432617187,785.529638671875,-1.6490672,-11.814737
bb09b488-e875-448b-9801-156d15b3962c,271,1775725180343403338,1775725180473528338,130.125,791.0348022460937,797.7248291015625,-0.37533936,-12.597157
bb09b488-e875-448b-9801-156d15b3962c,272,1775725180643652338,1775725180833907338,190.255,876.21357421875,811.2856811523437,5.1844683,-13.443853
bb09b488-e875-448b-9801-156d15b3962c,273,1775725180858902338,1775725180943902338,85.0,884.7386596679687,810.8623413085937,5.740275,-13.412093
bb09b488-e875-448b-9801-156d15b3962c,274,1775725180964027338,1775725181044027338,80.0,861.681103515625,810.4886840820312,4.2355776,-13.399881
bb09b488-e875-448b-9801-156d15b3962c,275,1775725182200151338,1775725182350276338,150.125,833.2327392578125,526.8374389648437,2.344442,4.7916713
bb09b488-e875-448b-9801-156d15b3962c,276,1775725182370278338,1775725182470401338,100.123,814.7093627929687,544.7296508789062,1.1518431,3.6435506
bb09b488-e875-448b-9801-156d15b3962c,277,1775725182490401338,1775725182640526338,150.125,830.6958740234375,541.5495361328125,2.1796293,3.8470423
bb09b488-e875-448b-9801-156d15b3962c,278,1775725182660525338,1775725182745651338,85.126,858.4162719726562,545.4006713867187,3.9604576,3.59731
bb09b488-e875-448b-9801-156d15b3962c,279,1775725182945775338,1775725183281150338,335.375,854.4513671875,668.553076171875,3.7075016,-4.309535
bb09b488-e875-448b-9801-156d15b3962c,280,1775725183876651338,1775725183961779338,85.128,822.6480224609375,664.3317626953125,1.6624885,-4.041341
bb09b488-e875-448b-9801-156d15b3962c,281,1775725183991774338,1775725184101899338,110.125,838.7638671875,667.792578125,2.6989217,-4.26242
bb09b488-e875-448b-9801-156d15b3962c,282,1775725184136899338,1775725184397149338,260.25,830.0506103515625,729.6371215820312,2.1484358,-8.232003
bb09b488-e875-448b-9801-156d15b3962c,283,1775725184427149338,1775725184532274338,105.125,813.7080200195312,715.5435546875,1.0914026,-7.3295984
bb09b488-e875-448b-9801-156d15b3962c,284,1775725184687399338,1775725184852648338,165.249,804.1060913085937,704.2857421875,0.4715221,-6.607552
bb09b488-e875-448b-9801-156d15b3962c,285,1775725184892652338,1775725185268023338,375.371,824.950390625,661.9341796875,1.8103006,-3.8872244
bb09b488-e875-448b-9801-156d15b3962c,286,1775725185293023338,1775725185418148338,125.125,820.7382934570312,673.5231689453125,1.5404261,-4.6317425
bb09b488-e875-448b-9801-156d15b3962c,287,1775725185448155338,1775725185643273338,195.118,828.617626953125,671.5392211914062,2.0469801,-4.5038266
bb09b488-e875-448b-9801-156d15b3962c,288,1775725185738398338,1775725185853523338,115.125,825.8493774414062,695.3124145507812,1.8716903,-6.0302987
bb09b488-e875-448b-9801-156d15b3962c,289,1775725185923648338,1775725186003661338,80.013,802.8300903320312,705.1255249023437,0.38930026,-6.66149
bb09b488-e875-448b-9801-156d15b3962c,290,1775725186068772338,1775725186198898338,130.126,798.3394897460937,725.5871948242187,0.099966645,-7.9745526
bb09b488-e875-448b-9801-156d15b3962c,291,1775725186419022338,1775725186634272338,215.25,831.2667358398437,713.6665405273437,2.2237523,-7.207495
bb09b488-e875-448b-9801-156d15b3962c,292,1775725186899522338,1775725186984650338,85.128,842.6617553710937,707.9439453125,2.9572258,-6.838761
bb09b488-e875-448b-9801-156d15b3962c,293,1775725187044646338,1775725187299896338,255.25,833.7569702148437,671.0124877929687,2.3774111,-4.4696
bb09b488-e875-448b-9801-156d15b3962c,294,1775725187570162338,1775725187695271338,125.109,824.8151977539062,688.1295532226562,1.804208,-5.5693088
bb09b488-e875-448b-9801-156d15b3962c,295,1775725187720271338,1775725188005521338,285.25,837.5119750976562,676.158056640625,2.619596,-4.7996144
bb09b488-e875-448b-9801-156d15b3962c,296,1775725188631145338,1775725188731270338,100.125,866.7442138671875,718.6102661132812,4.5133343,-7.5176063
bb09b488-e875-448b-9801-156d15b3962c,297,1775725188761270338,1775725189041523338,280.253,786.7449462890625,684.0475830078125,-0.64654565,-5.3082247
bb09b488-e875-448b-9801-156d15b3962c,298,1775725189221644338,1775725189386769338,165.125,835.3728149414062,727.559912109375,2.4916937,-8.098015
bb09b488-e875-448b-9801-156d15b3962c,299,1775725189486894338,1775725189582019338,95.125,841.2492797851562,672.8614868164062,2.8594518,-4.5876055
bb09b488-e875-448b-9801-156d15b3962c,300,1775725190147519338,1775725190437768338,290.249,738.0308349609375,773.0234130859375,-3.8148859,-11.006357
bb09b488-e875-448b-9801-156d15b3962c,301,1775725190557893338,1775725190638018338,80.125,730.1866577148437,803.4918579101562,-4.34344,-12.9524765
bb09b488-e875-448b-9801-156d15b3962c,302,1775725190923268338,1775725191068392338,145.124,858.8598754882812,818.9126342773437,4.0572004,-13.939439
bb09b488-e875-448b-9801-156d15b3962c,303,1775725191533779338,1775725191658892338,125.113,763.3606689453125,524.0466674804687,-2.1510108,4.9712367
bb09b488-e875-448b-9801-156d15b3962c,304,1775725191679017338,1775725191829142338,150.125,800.7237670898437,534.5705932617187,0.252997,4.2965164
bb09b488-e875-448b-9801-156d15b3962c,305,1775725192079400338,1775725192304516338,225.116,754.57197265625,517.9399780273437,-2.717493,5.3624907
bb09b488-e875-448b-9801-156d15b3962c,306,1775725193065266338,1775725193145391338,80.125,858.4198120117187,792.2421630859375,4.011295,-12.23459
bb09b488-e875-448b-9801-156d15b3962c,307,1775725193255390338,1775725193365515338,110.125,852.5608032226562,780.1113647460937,3.6237156,-11.460531
bb09b488-e875-448b-9801-156d15b3962c,308,1775725193826015338,1775725193906015338,80.0,884.3128173828125,758.2194580078125,5.6697464,-10.047651
bb09b488-e875-448b-9801-156d15b3962c,309,1775725194376514338,1775725194461514338,85.0,959.5786254882812,737.9953979492187,10.514037,-8.712964
bb09b488-e875-448b-9801-156d15b3962c,310,1775725194581639338,1775725194922014338,340.375,684.4673583984375,805.1701416015625,-7.324674,-13.033872
bb09b488-e875-448b-9801-156d15b3962c,311,1775725195252263338,1775725195332388338,80.125,739.81611328125,812.2764038085937,-3.7210321,-13.517866
bb09b488-e875-448b-9801-156d15b3962c,312,1775725195447513338,1775725195552520338,105.007,745.5421264648437,808.1425537109375,-3.3448665,-13.25558
bb09b488-e875-448b-9801-156d15b3962c,313,1775725195582638338,1775725195672638338,90.0,735.4272583007812,803.953955078125,-4.0020943,-12.984135
bb09b488-e875-448b-9801-156d15b3962c,314,1775725195777763338,1775725195862888338,85.125,748.5491455078125,807.7932495117187,-3.148478,-13.234201
bb09b488-e875-448b-9801-156d15b3962c,315,1775725195932888338,1775725196028013338,95.125,764.05927734375,815.8353637695312,-2.139304,-13.752592
bb09b488-e875-448b-9801-156d15b3962c,316,1775725196223262338,1775725196308262338,85.0,765.7840087890625,810.4926513671875,-2.0247686,-13.411246
bb09b488-e875-448b-9801-156d15b3962c,317,1775725196423387338,1775725196563512338,140.125,775.795849609375,812.788671875,-1.3716521,-13.55979
bb09b488-e875-448b-9801-156d15b3962c,318,1775725197249136338,1775725197389261338,140.125,775.5257080078125,814.642919921875,-1.3897386,-13.678362
bb09b488-e875-448b-9801-156d15b3962c,319,1775725198150011338,1775725198360135338,210.124,868.1441162109375,672.2523559570312,4.588439,-4.544917
bb09b488-e875-448b-9801-156d15b3962c,320,1775725198440260338,1775725198515385338,75.125,871.0758178710937,683.2084716796875,4.779889,-5.247081
bb09b488-e875-448b-9801-156d15b3962c,321,1775725198600388338,1775725198685510338,85.122,864.4953125,689.3270629882812,4.3583503,-5.6407523
bb09b488-e875-448b-9801-156d15b3962c,322,1775725198720510338,1775725198885635338,165.125,819.4323852539062,651.3976806640625,1.4549737,-3.2106805
bb09b488-e875-448b-9801-156d15b3962c,323,1775725198945759338,1775725199171009338,225.25,824.3089111328125,567.5865234375,1.7674547,2.1746912
bb09b488-e875-448b-9801-156d15b3962c,324,1775725199401134338,1775725199526259338,125.125,783.025830078125,537.0049194335937,-0.8850354,4.1399755
bb09b488-e875-448b-9801-156d15b3962c,325,1775725200081762338,1775725200247008338,165.246,854.92890625,801.0361083984375,3.7891974,-12.798285
bb09b488-e875-448b-9801-156d15b3962c,326,1775725200277008338,1775725200397133338,120.125,838.2415893554687,806.5968994140625,2.7040648,-13.159281
bb09b488-e875-448b-9801-156d15b3962c,327,1775725200477136338,1775725200587258338,110.122,794.0150268554687,810.2768920898437,-0.18157373,-13.400461
bb09b488-e875-448b-9801-156d15b3962c,328,1775725200672383338,1775725200752396338,80.013,803.5830200195312,812.6285766601562,0.4432656,-13.550739
bb09b488-e875-448b-9801-156d15b3962c,329,1775725200862507338,1775725201017632338,155.125,798.5987060546875,815.0821899414062,0.11775929,-13.707861
bb09b488-e875-448b-9801-156d15b3962c,330,1775725201197889338,1775725201328007338,130.118,813.4444091796875,816.8824829101562,1.0880901,-13.822027
bb09b488-e875-448b-9801-156d15b3962c,331,1775725201348007338,1775725201468132338,120.125,799.3198974609375,811.725927734375,0.16480562,-13.493147
bb09b488-e875-448b-9801-156d15b3962c,332,1775725201498132338,1775725201588257338,90.125,806.8089721679687,811.9327758789062,0.6538881,-13.506036
bb09b488-e875-448b-9801-156d15b3962c,333,1775725201908506338,1775725201993631338,85.125,845.5221069335937,808.6136840820312,3.1800199,-13.286097
bb09b488-e875-448b-9801-156d15b3962c,334,1775725202404012338,1775725202749255338,345.243,823.62568359375,532.6308959960937,1.7259135,4.4203205
bb09b488-e875-448b-9801-156d15b3962c,335,1775725202799380338,1775725203409880338,610.5,794.244580078125,505.681005859375,-0.16402015,6.1520057
bb09b488-e875-448b-9801-156d15b3962c,336,1775725204445878338,1775725204536003338,90.125,741.7592895507812,474.973974609375,-3.5544918,8.117079
bb09b488-e875-448b-9801-156d15b3962c,337,1775725204586004338,1775725204771128338,185.124,768.0718505859375,522.8827880859375,-1.8480169,5.0463347
bb09b488-e875-448b-9801-156d15b3962c,338,1775725204786260338,1775725204876253338,89.993,792.700390625,504.832373046875,-0.26352236,6.206476
bb09b488-e875-448b-9801-156d15b3962c,339,1775725205111503338,1775725205196628338,85.125,1035.0805786132812,806.2938598632812,15.516665,-12.966334
bb09b488-e875-448b-9801-156d15b3962c,340,1775725205211628338,1775725205376753338,165.125,911.2137573242187,811.8385375976562,7.4680533,-13.456722
bb09b488-e875-448b-9801-156d15b3962c,341,1775725205441753338,1775725205576877338,135.124,811.4420288085937,808.0907958984375,0.9558576,-13.259842
bb09b488-e875-448b-9801-156d15b3962c,342,1775725206037377338,1775725206122377338,85.0,720.9235961914062,792.9090942382812,-4.9391007,-12.271889
bb09b488-e875-448b-9801-156d15b3962c,343,1775725206272627338,1775725206352628338,80.001,719.6339233398437,802.4798950195312,-5.0304956,-12.883034
bb09b488-e875-448b-9801-156d15b3962c,344,1775725206392761338,1775725206497751338,104.99,716.3487670898437,798.4929565429687,-5.241282,-12.626636
bb09b488-e875-448b-9801-156d15b3962c,345,1775725208574749338,1775725208659749338,85.0,686.9022338867187,793.0869506835937,-7.1525054,-12.264397
bb09b488-e875-448b-9801-156d15b3962c,346,1775725208879999338,1775725208985123338,105.124,765.4300048828125,765.8107666015625,-2.0343513,-10.550989
bb09b488-e875-448b-9801-156d15b3962c,347,1775725209285373338,1775725209375507338,90.134,888.861279296875,707.7313598632812,5.9339314,-6.814213
bb09b488-e875-448b-9801-156d15b3962c,348,1775725209415513338,1775725209560639338,145.126,872.5078857421875,675.9829467773437,4.869918,-4.7834406
bb09b488-e875-448b-9801-156d15b3962c,349,1775725209585623338,1775725209680748338,95.125,864.2242553710937,643.2487548828125,4.331159,-2.6843872
bb09b488-e875-448b-9801-156d15b3962c,350,1775725209755873338,1775725209850872338,94.999,826.0199096679687,682.7604125976562,1.8811228,-5.224514
bb09b488-e875-448b-9801-156d15b3962c,351,1775725210011004338,1775725210151247338,140.243,814.5433471679687,520.836767578125,1.1425744,5.178294
bb09b488-e875-448b-9801-156d15b3962c,352,1775725210611622338,1775725210701747338,90.125,760.04267578125,784.2070678710937,-2.3897805,-11.728056
bb09b488-e875-448b-9801-156d15b3962c,353,1775725210721747338,1775725210811871338,90.124,762.28388671875,787.9524291992187,-2.2452812,-11.96826
bb09b488-e875-448b-9801-156d15b3962c,354,1775725210946996338,1775725211056996338,110.0,796.752880859375,768.9765991210937,-0.002636453,-10.75629
bb09b488-e875-448b-9801-156d15b3962c,355,1775725211077121338,1775725211257246338,180.125,767.9934814453125,752.9162963867187,-1.8650923,-9.725171
bb09b488-e875-448b-9801-156d15b3962c,356,1775725211657620338,1775725211792745338,135.125,776.0951049804687,759.84580078125,-1.341572,-10.170206
bb09b488-e875-448b-9801-156d15b3962c,357,1775725212083001338,1775725212183120338,100.119,766.6296508789062,763.0869506835937,-1.9558587,-10.376682
bb09b488-e875-448b-9801-156d15b3962c,358,1775725212243120338,1775725212318245338,75.125,749.6501586914062,760.43173828125,-3.0556967,-10.203305
bb09b488-e875-448b-9801-156d15b3962c,359,1775725212573494338,1775725212778621338,205.127,721.4508178710937,799.2582153320312,-4.9095874,-12.677992
bb09b488-e875-448b-9801-156d15b3962c,360,1775725212813619338,1775725212918744338,105.125,753.7736328125,800.6825927734375,-2.8043594,-12.780902
bb09b488-e875-448b-9801-156d15b3962c,361,1775725213239119338,1775725213334123338,95.004,716.9629028320312,581.1083740234375,-5.1244993,1.3041221
bb09b488-e875-448b-9801-156d15b3962c,362,1775725213464243338,1775725213539374338,75.131,771.93330078125,572.2905029296875,-1.5962288,1.8725373
bb09b488-e875-448b-9801-156d15b3962c,363,1775725213574368338,1775725213754618338,180.25,826.5402954101562,540.8625244140625,1.9125758,3.8914318
bb09b488-e875-448b-9801-156d15b3962c,364,1775725214069868338,1775725214154992338,85.124,818.8291748046875,807.0307373046875,1.4377137,-13.19111
bb09b488-e875-448b-9801-156d15b3962c,365,1775725214244992338,1775725214360117338,115.125,805.5365112304687,798.7358764648437,0.5696377,-12.661681
bb09b488-e875-448b-9801-156d15b3962c,366,1775725214525242338,1775725214660367338,135.125,874.631298828125,813.5657104492187,5.0831494,-13.590327
bb09b488-e875-448b-9801-156d15b3962c,367,1775725214890617338,1775725214985753338,95.136,768.0333984375,512.392919921875,-1.8517598,5.719894
bb09b488-e875-448b-9801-156d15b3962c,368,1775725215005741338,1775725215205866338,200.125,810.6986206054687,511.0134033203125,0.8956973,5.809301
bb09b488-e875-448b-9801-156d15b3962c,369,1775725215406116338,1775725215501242338,95.126,810.1557739257812,542.3454345703125,0.8592446,3.796861
bb09b488-e875-448b-9801-156d15b3962c,370,1775725215601241338,1775725215821491338,220.25,837.2400634765625,531.5123657226562,2.601537,4.4911294
bb09b488-e875-448b-9801-156d15b3962c,371,1775725215836490338,1775725215946615338,110.125,830.2278564453125,538.1612915039062,2.149884,4.064693
bb09b488-e875-448b-9801-156d15b3962c,372,1775725215981616338,1775725216151740338,170.124,804.061962890625,608.79697265625,0.46692535,-0.47348234
bb09b488-e875-448b-9801-156d15b3962c,373,1775725216266868338,1775725216562115338,295.247,783.2393310546875,607.7256225585937,-0.86988604,-0.40461355
bb09b488-e875-448b-9801-156d15b3962c,374,1775725217057614338,1775725217187739338,130.125,583.8360717773437,777.4777587890625,-13.815116,-11.177904
bb09b488-e875-448b-9801-156d15b3962c,375,1775725217202739338,1775725217277864338,75.125,649.1698120117187,771.7258666992187,-9.576143,-10.874651
bb09b488-e875-448b-9801-156d15b3962c,376,1775725217332864338,1775725217427989338,95.125,670.42451171875,781.9718994140625,-8.210529,-11.543818
bb09b488-e875-448b-9801-156d15b3962c,377,1775725218133613338,1775725218253738338,120.125,1091.8498046875,569.487646484375,18.89487,2.0110877
bb09b488-e875-448b-9801-156d15b3962c,378,1775725218278745338,1775725218353863338,75.118,1023.8228271484375,502.4137329101562,14.602445,6.2825923
bb09b488-e875-448b-9801-156d15b3962c,379,1775725218423863338,1775725218789237338,365.374,898.5362060546875,514.9242919921875,6.547849,5.5441394
bb09b488-e875-448b-9801-156d15b3962c,380,1775725219029487338,1775725219109612338,80.125,805.3333862304687,615.9811767578125,0.5485803,-0.93520314
bb09b488-e875-448b-9801-156d15b3962c,381,1775725219269736338,1775725219499861338,230.125,798.8733642578125,640.7179321289062,0.13387853,-2.5249023
bb09b488-e875-448b-9801-156d15b3962c,382,1775725219780248338,1775725219865236338,84.988,854.4683349609375,821.0900634765625,3.7716098,-14.080407
bb09b488-e875-448b-9801-156d15b3962c,383,1775725220185611338,1775725220270610338,84.999,893.13642578125,811.1703857421875,6.2883635,-13.426648
bb09b488-e875-448b-9801-156d15b3962c,384,1775725220560860338,1775725220670996338,110.136,890.5268676757812,819.0663818359375,6.126297,-13.932322
bb09b488-e875-448b-9801-156d15b3962c,385,1775725220911235338,1775725221016359338,105.124,758.9753540039062,808.5675415039062,-2.4684713,-13.286602
bb09b488-e875-448b-9801-156d15b3962c,386,1775725221486734338,1775725221571859338,85.125,781.380322265625,814.2024291992187,-1.0071523,-13.650877
bb09b488-e875-448b-9801-156d15b3962c,387,1775725221621859338,1775725221766984338,145.125,793.929638671875,816.10947265625,-0.18735892,-13.7735815
bb09b488-e875-448b-9801-156d15b3962c,388,1775725221827109338,1775725221957233338,130.124,804.2451904296875,810.6020874023437,0.48635724,-13.4210615
bb09b488-e875-448b-9801-156d15b3962c,389,1775725221972233338,1775725222087358338,115.125,801.0382202148437,812.2878784179687,0.2770393,-13.529054
bb09b488-e875-448b-9801-156d15b3962c,390,1775725222812982338,1775725223008232338,195.25,812.3128173828125,800.9658569335937,1.0115646,-12.803851
bb09b488-e875-448b-9801-156d15b3962c,391,1775725223813981338,1775725223913986338,100.005,797.0730712890625,811.5289672851562,0.01807951,-13.480573
bb09b488-e875-448b-9801-156d15b3962c,392,1775725223959106338,1775725224084231338,125.125,791.832470703125,797.6232055664062,-0.32336164,-12.590681
bb09b488-e875-448b-9801-156d15b3962c,393,1775725224664730338,1775725224824855338,160.125,815.3439453125,816.0775512695312,1.2120785,-13.770309
bb09b488-e875-448b-9801-156d15b3962c,394,1775725225130230338,1775725225290354338,160.124,712.8662231445312,361.269140625,-5.5103025,15.380561
bb09b488-e875-448b-9801-156d15b3962c,395,1775725225380354338,1775725225615604338,235.25,716.5039794921875,344.95795288085935,-5.288984,16.423967
bb09b488-e875-448b-9801-156d15b3962c,396,1775725226731603338,1775725226816727338,85.124,853.59150390625,817.7277587890625,3.7121394,-13.865877
bb09b488-e875-448b-9801-156d15b3962c,397,1775725227267105338,1775725227362227338,95.122,847.6895874023437,820.0909790039062,3.3278182,-14.019119
bb09b488-e875-448b-9801-156d15b3962c,398,1775725227697604338,1775725227807726338,110.122,845.2583740234375,807.6871704101562,3.1623363,-13.2269335
bb09b488-e875-448b-9801-156d15b3962c,399,1775725228338101338,1775725228463232338,125.131,856.1549194335937,822.8716186523437,3.8830783,-14.193556
bb09b488-e875-448b-9801-156d15b3962c,400,1775725228658478338,1775725228738475338,79.997,847.7072875976562,816.0537475585937,3.3266912,-13.761047
bb09b488-e875-448b-9801-156d15b3962c,401,1775725229349099338,1775725229474224338,125.125,784.6418579101562,502.6620849609375,-0.7828626,6.345635
bb09b488-e875-448b-9801-156d15b3962c,402,1775725229519224338,1775725229594349338,75.125,803.5430419921875,443.3655151367187,0.4375419,10.150077
bb09b488-e875-448b-9801-156d15b3962c,403,1775725229614349338,1775725229804477338,190.128,827.7141235351562,478.8578857421875,1.9966077,7.8718405
bb09b488-e875-448b-9801-156d15b3962c,404,1775725229824599338,1775725229969724338,145.125,843.658154296875,489.7693237304687,3.0229528,7.1695127
bb09b488-e875-448b-9801-156d15b3962c,405,1775725229999723338,1775725230224973338,225.25,833.9005859375,532.9171508789062,2.3866181,4.40121
bb09b488-e875-448b-9801-156d15b3962c,406,1775725230264975338,1775725230380098338,115.123,805.288525390625,555.5282958984375,0.54608727,2.949938
bb09b488-e875-448b-9801-156d15b3962c,407,1775725230675348338,1775725230850472338,175.124,832.50703125,581.1857666015625,2.2932768,1.300707
bb09b488-e875-448b-9801-156d15b3962c,408,1775725230965609338,1775725231245847338,280.238,841.2060668945312,595.6423095703125,2.8512964,0.371815
bb09b488-e875-448b-9801-156d15b3962c,409,1775725231280847338,1775725231661226338,380.379,845.4986694335937,591.9659790039062,3.1268673,0.60792094
bb09b488-e875-448b-9801-156d15b3962c,410,1775725231681222338,1775725231841471338,160.249,832.8894165039062,560.2419799804687,2.3189583,2.64622
bb09b488-e875-448b-9801-156d15b3962c,411,1775725231866471338,1775725231966596338,100.125,818.7071044921875,564.2023071289062,1.4078249,2.3922942
bb09b488-e875-448b-9801-156d15b3962c,412,1775725231996596338,1775725232261856338,265.26,828.7503784179687,563.4409545898437,2.0529158,2.440884
bb09b488-e875-448b-9801-156d15b3962c,413,1775725232577095338,1775725232702226338,125.131,908.4126098632812,810.6343139648437,7.2839456,-13.382
bb09b488-e875-448b-9801-156d15b3962c,414,1775725232797345338,1775725232902476338,105.131,903.79755859375,803.62900390625,6.9751253,-12.938297
bb09b488-e875-448b-9801-156d15b3962c,415,1775725233303041338,1775725233603291338,300.25,817.5245483398437,529.9814208984375,1.3337309,4.5908294
bb09b488-e875-448b-9801-156d15b3962c,416,1775725233823416338,1775725234494050338,670.634,823.5485961914062,533.4369262695312,1.7208797,4.3685546
bb09b488-e875-448b-9801-156d15b3962c,417,1775725234574167338,1775725234684294338,110.127,779.4771850585937,565.9671997070312,-1.1119479,2.2790222
bb09b488-e875-448b-9801-156d15b3962c,418,1775725235199790338,1775725235304915338,105.125,819.926708984375,532.5586303710937,1.4880385,4.42517
bb09b488-e875-448b-9801-156d15b3962c,419,1775725235339915338,1775725235695165338,355.25,780.68720703125,549.9713500976562,-1.0348009,3.30687
bb09b488-e875-448b-9801-156d15b3962c,420,1775725235715290338,1775725235800290338,85.0,818.9555786132812,540.6423706054687,1.4250233,3.9059596
bb09b488-e875-448b-9801-156d15b3962c,421,1775725236951415338,1775725237036540338,85.125,841.845654296875,825.9883178710937,2.9487906,-14.398025
bb09b488-e875-448b-9801-156d15b3962c,422,1775725237592040338,1775725237742177338,150.137,775.0559204101562,558.9509033203125,-1.3962203,2.7297602
bb09b488-e875-448b-9801-156d15b3962c,423,1775725238032418338,1775725238112540338,80.122,850.6055419921875,703.3586181640625,3.4679737,-6.5433
bb09b488-e875-448b-9801-156d15b3962c,424,1775725238242665338,1775725238327664338,84.999,849.0420654296875,718.9925903320312,3.371627,-7.5462112
bb09b488-e875-448b-9801-156d15b3962c,425,1775725238592915338,1775725238688039338,95.124,836.7344482421875,692.4931396484375,2.5722013,-5.8482194
bb09b488-e875-448b-9801-156d15b3962c,426,1775725238783176338,1775725238873168338,89.992,884.999951171875,720.9239868164062,5.691692,-7.6603436
bb09b488-e875-448b-9801-156d15b3962c,427,1775725238888164338,1775725239003289338,115.125,883.8889282226562,709.1052612304687,5.6142993,-6.9037433
bb09b488-e875-448b-9801-156d15b3962c,428,1775725239373664338,1775725239488789338,115.125,778.3593872070312,801.3760131835937,-1.2019356,-12.829929
bb09b488-e875-448b-9801-156d15b3962c,429,1775725239513789338,1775725239658914338,145.125,773.8691528320312,800.225439453125,-1.4943907,-12.755733
bb09b488-e875-448b-9801-156d15b3962c,430,1775725239809039338,1775725239899164338,90.125,756.146923828125,795.5087036132812,-2.6475315,-12.450485
bb09b488-e875-448b-9801-156d15b3962c,431,1775725241515664338,1775725241710799338,195.135,827.4123657226562,679.3458618164062,1.970325,-5.0051827
bb09b488-e875-448b-9801-156d15b3962c,432,1775725241795917338,1775725241901039338,105.122,853.6848266601562,671.2551025390625,3.658734,-4.483049
bb09b488-e875-448b-9801-156d15b3962c,433,1775725242161289338,1775725242381413338,220.124,910.1953247070312,618.0602172851562,7.277259,-1.0652635
bb09b488-e875-448b-9801-156d15b3962c,434,1775725242421538338,1775725242511538338,90.0,972.9754150390625,699.2543701171875,11.337915,-6.236338
bb09b488-e875-448b-9801-156d15b3962c,435,1775725243342413338,1775725243437413338,95.0,753.0816162109375,807.196630859375,-2.8524575,-13.197379
bb09b488-e875-448b-9801-156d15b3962c,436,1775725244178163338,1775725244278288338,100.125,682.071728515625,779.8466552734375,-7.452248,-11.416012
bb09b488-e875-448b-9801-156d15b3962c,437,1775725244638538338,1775725244743663338,105.125,718.8476684570312,776.678564453125,-5.0623174,-11.233113
bb09b488-e875-448b-9801-156d15b3962c,438,1775725244763672338,1775725244853788338,90.116,733.76337890625,789.137060546875,-4.1011868,-12.035947
bb09b488-e875-448b-9801-156d15b3962c,439,1775725244913796338,1775725245023919338,110.123,739.2889526367187,784.3273071289062,-3.7391117,-11.730173
bb09b488-e875-448b-9801-156d15b3962c,440,1775725245974787338,1775725246084912338,110.125,729.2321899414062,783.6879028320312,-4.392433,-11.685675
bb09b488-e875-448b-9801-156d15b3962c,441,1775725246455297338,1775725246565412338,110.115,750.8923461914062,798.4399169921875,-2.9910967,-12.6366415
bb09b488-e875-448b-9801-156d15b3962c,442,1775725246930662338,1775725247221044338,290.382,733.3994262695312,784.5451416015625,-4.122094,-11.742071
bb09b488-e875-448b-9801-156d15b3962c,443,1775725247246037338,1775725247366162338,120.125,718.03974609375,781.639990234375,-5.1183114,-11.550055
bb09b488-e875-448b-9801-156d15b3962c,444,1775725248592287338,1775725248687412338,95.125,1029.80244140625,603.8226684570312,14.929099,-0.15119305
bb09b488-e875-448b-9801-156d15b3962c,445,1775725249172786338,1775725249548164338,375.378,926.0943115234375,596.3634399414062,8.295497,0.3244408
bb09b488-e875-448b-9801-156d15b3962c,446,1775725249598161338,1775725249828411338,230.25,860.7812622070312,526.6680053710937,4.116234,4.799239
bb09b488-e875-448b-9801-156d15b3962c,447,1775725249928536338,1775725250013536338,85.0,502.43470458984376,846.6067260742187,-19.301355,-15.4067545
bb09b488-e875-448b-9801-156d15b3962c,448,1775725252285661338,1775725252360786338,75.125,730.9985473632812,804.012548828125,-4.290875,-12.986101
bb09b488-e875-448b-9801-156d15b3962c,449,1775725253672035338,1775725253782160338,110.125,796.0156982421875,488.1037353515625,-0.050024305,7.2804074
bb09b488-e875-448b-9801-156d15b3962c,450,1775725254137410338,1775725255238534338,1101.124,850.0094116210937,522.3223022460937,3.4243903,5.0796795
bb09b488-e875-448b-9801-156d15b3962c,451,1775725255478659338,1775725255558784338,80.125,1175.101513671875,800.86923828125,24.572205,-12.377606
bb09b488-e875-448b-9801-156d15b3962c,452,1775725256319534338,1775725256494659338,175.125,930.206005859375,699.0334228515625,8.589639,-6.242581
bb09b488-e875-448b-9801-156d15b3962c,453,1775725256779909338,1775725256935034338,155.125,765.288037109375,605.34189453125,-2.022289,-0.25135776
bb09b488-e875-448b-9801-156d15b3962c,454,1775725256955034338,1775725257070159338,115.125,723.4185302734375,612.445166015625,-4.709675,-0.70697916
bb09b488-e875-448b-9801-156d15b3962c,455,1775725257375534338,1775725257510659338,135.125,851.2302368164062,771.1720336914062,3.5330176,-10.888769
bb09b488-e875-448b-9801-156d15b3962c,456,1775725257545659338,1775725257765784338,220.125,814.2459838867187,780.3252319335937,1.1341938,-11.482306
bb09b488-e875-448b-9801-156d15b3962c,457,1775725257996033338,1775725258116158338,120.125,714.8841064453125,764.3624633789062,-5.310957,-10.443598
bb09b488-e875-448b-9801-156d15b3962c,458,1775725258561533338,1775725258641658338,80.125,603.4456298828125,799.2834228515625,-12.586344,-12.583127
bb09b488-e875-448b-9801-156d15b3962c,459,1775725258736783338,1775725258821784338,85.001,712.3528564453125,783.3539794921875,-5.4890676,-11.6570215
bb09b488-e875-448b-9801-156d15b3962c,460,1775725258841783338,1775725258971921338,130.138,736.6670654296875,779.4103759765625,-3.9068203,-11.414673
bb09b488-e875-448b-9801-156d15b3962c,461,1775725259037033338,1775725259187158338,150.125,799.7577026367187,802.4048217773437,0.19314408,-12.896722
bb09b488-e875-448b-9801-156d15b3962c,462,1775725259397408338,1775725259522533338,125.125,754.7490356445312,792.9626220703125,-2.7375054,-12.287216
bb09b488-e875-448b-9801-156d15b3962c,463,1775725259597533338,1775725259722658338,125.125,748.88984375,785.63486328125,-3.115536,-11.816746
bb09b488-e875-448b-9801-156d15b3962c,464,1775725260318164338,1775725260403283338,85.119,747.4527099609375,773.6664184570312,-3.2036045,-11.0502615
bb09b488-e875-448b-9801-156d15b3962c,465,1775725260503407338,1775725260603532338,100.125,751.8969848632812,781.2576049804687,-2.918157,-11.537371
bb09b488-e875-448b-9801-156d15b3962c,466,1775725260698544338,1775725260843658338,145.114,752.1355102539062,792.5394653320312,-2.9074612,-12.259465
bb09b488-e875-448b-9801-156d15b3962c,467,1775725260858782338,1775725260943782338,85.0,747.9016845703125,787.473486328125,-3.180648,-11.93413
bb09b488-e875-448b-9801-156d15b3962c,468,1775725261474282338,1775725261609407338,135.125,749.4467895507812,795.87314453125,-3.0840487,-12.47202
bb09b488-e875-448b-9801-156d15b3962c,469,1775725262104907338,1775725262195032338,90.125,779.157666015625,471.753271484375,-1.1394325,8.329046
bb09b488-e875-448b-9801-156d15b3962c,470,1775725262225039338,1775725262345157338,120.118,810.8324096679687,499.7594360351562,0.905041,6.531853
bb09b488-e875-448b-9801-156d15b3962c,471,1775725262585285338,1775725263431156338,845.871,879.4317749023437,542.7768310546875,5.31095,3.7629013
bb09b488-e875-448b-9801-156d15b3962c,472,1775725263451164338,1775725263571281338,120.117,861.7658813476562,539.0083984375,4.1768517,4.0071898
bb09b488-e875-448b-9801-156d15b3962c,473,1775725263741406338,1775725263841531338,100.125,391.922802734375,884.9214233398437,-26.750729,-17.507324
bb09b488-e875-448b-9801-156d15b3962c,474,1775725264011656338,1775725264121787338,110.131,515.3676879882812,885.1461547851562,-18.611609,-17.85132
bb09b488-e875-448b-9801-156d15b3962c,475,1775725264141788338,1775725264236906338,95.118,534.9606140136718,865.2355102539062,-17.241602,-16.642622
bb09b488-e875-448b-9801-156d15b3962c,476,1775725264977531338,1775725265112656338,135.125,880.1444213867187,534.05087890625,5.3589664,4.322417
bb09b488-e875-448b-9801-156d15b3962c,477,1775725265528031338,1775725265613166338,85.135,844.4256713867187,814.1521362304687,3.111308,-13.640577
bb09b488-e875-448b-9801-156d15b3962c,478,1775725266103658338,1775725266223780338,120.122,838.3773315429687,493.7264770507812,2.6815047,6.9164543
bb09b488-e875-448b-9801-156d15b3962c,479,1775725266789294338,1775725266899408338,110.114,801.1684692382812,709.1880859375,0.28227803,-6.92226
bb09b488-e875-448b-9801-156d15b3962c,480,1775725267820280338,1775725267965404338,145.124,767.5742309570312,717.932470703125,-1.8853302,-7.4819255
bb09b488-e875-448b-9801-156d15b3962c,481,1775725268010417338,1775725268170529338,160.112,778.9043701171875,684.0365356445312,-1.1511942,-5.3072343
bb09b488-e875-448b-9801-156d15b3962c,482,1775725268265654338,1775725268385779338,120.125,877.387646484375,812.332373046875,5.261991,-13.510086
bb09b488-e875-448b-9801-156d15b3962c,483,1775725268971279338,1775725269091411338,120.132,636.00947265625,664.1542724609375,-10.327935,-4.0049973
bb09b488-e875-448b-9801-156d15b3962c,484,1775725269897157338,1775725269992279338,95.122,749.4845092773437,613.3339599609375,-3.0368521,-0.7646465
bb09b488-e875-448b-9801-156d15b3962c,485,1775725270297533338,1775725270417653338,120.12,503.8269470214844,663.2602905273437,-18.786366,-3.8915205
bb09b488-e875-448b-9801-156d15b3962c,486,1775725270863028338,1775725270973153338,110.125,697.8270385742187,600.2776245117187,-6.351126,0.07398461
bb09b488-e875-448b-9801-156d15b3962c,487,1775725271573778338,1775725271919028338,345.25,796.059765625,643.326513671875,-0.046861924,-2.6925287
bb09b488-e875-448b-9801-156d15b3962c,488,1775725272209278338,1775725272294403338,85.125,829.3723266601562,826.8931640625,2.13274,-14.459339
bb09b488-e875-448b-9801-156d15b3962c,489,1775725272995028338,1775725273085152338,90.124,774.6629760742187,789.5222534179687,-1.4402614,-12.070781
bb09b488-e875-448b-9801-156d15b3962c,490,1775725273430527338,1775725273520527338,90.0,775.6096313476562,788.6938842773437,-1.3784891,-12.017867
bb09b488-e875-448b-9801-156d15b3962c,491,1775725273725777338,1775725273885902338,160.125,809.4070556640625,806.0199340820312,0.822785,-13.127534
bb09b488-e875-448b-9801-156d15b3962c,492,1775725274536535338,1775725274616527338,79.992,724.89619140625,704.5426391601562,-4.633368,-6.6157618
bb09b488-e875-448b-9801-156d15b3962c,493,1775725275097026338,1775725275172160338,75.134,705.79462890625,691.8133911132812,-5.858226,-5.7951627
bb09b488-e875-448b-9801-156d15b3962c,494,1775725275472409338,1775725275597526338,125.117,831.8767211914062,693.406591796875,2.25957,-5.907389
bb09b488-e875-448b-9801-156d15b3962c,495,1775725275617526338,1775725275772658338,155.132,840.220654296875,682.6702026367187,2.7948792,-5.2173557
bb09b488-e875-448b-9801-156d15b3962c,496,1775725275797651338,1775725275907776338,110.125,789.211376953125,676.3008178710937,-0.48755938,-4.8107886
bb09b488-e875-448b-9801-156d15b3962c,497,1775725276718526338,1775725276853663338,135.137,807.2386596679687,780.087255859375,0.6787705,-11.467648
bb09b488-e875-448b-9801-156d15b3962c,498,1775725276868654338,1775725276963785338,95.131,827.9256713867187,785.588720703125,2.024666,-11.817353
bb09b488-e875-448b-9801-156d15b3962c,499,1775725277003777338,1775725277264025338,260.248,844.238720703125,776.4245361328125,3.0815012,-11.226986
bb09b488-e875-448b-9801-156d15b3962c,500,1775725277844538338,1775725277939650338,95.112,667.2453735351562,669.0843872070312,-8.326076,-4.3293424
bb09b488-e875-448b-9801-156d15b3962c,501,1775725277954650338,1775725278124900338,170.25,668.2540405273437,667.9277709960937,-8.260834,-4.255631
bb09b488-e875-448b-9801-156d15b3962c,502,1775725279160775338,1775725279260900338,100.125,820.992626953125,806.2555297851562,1.5786752,-13.141181
bb09b488-e875-448b-9801-156d15b3962c,503,1775725279691274338,1775725279811399338,120.125,736.947216796875,781.0611938476562,-3.8895261,-11.520404
bb09b488-e875-448b-9801-156d15b3962c,504,1775725281453023338,1775725281533024338,80.001,774.9322021484375,714.7117065429687,-1.4101403,-7.275968
bb09b488-e875-448b-9801-156d15b3962c,505,1775725281753273338,1775725281883398338,130.125,793.744580078125,702.249609375,-0.19630645,-6.476952
bb09b488-e875-448b-9801-156d15b3962c,506,1775725281933398338,1775725282018523338,85.125,790.8816040039062,704.4158081054687,-0.38087866,-6.61596
bb09b488-e875-448b-9801-156d15b3962c,507,1775725282143648338,1775725282223648338,80.0,786.5708129882812,719.5150512695312,-0.6596187,-7.584822
bb09b488-e875-448b-9801-156d15b3962c,508,1775725282358780338,1775725282448898338,90.118,760.8205688476562,737.3639282226562,-2.325529,-8.727226
bb09b488-e875-448b-9801-156d15b3962c,509,1775725282704148338,1775725282929278338,225.13,693.9277465820312,754.4260009765625,-6.660718,-9.798528
bb09b488-e875-448b-9801-156d15b3962c,510,1775725282944398338,1775725283034398338,90.0,683.720166015625,753.5536254882812,-7.320364,-9.737499
bb09b488-e875-448b-9801-156d15b3962c,511,1775725283324648338,1775725283449773338,125.125,680.08662109375,767.2010864257812,-7.56817,-10.60729
bb09b488-e875-448b-9801-156d15b3962c,512,1775725283695033338,1775725283775147338,80.114,690.5188720703125,775.3929809570312,-6.89972,-11.136698
bb09b488-e875-448b-9801-156d15b3962c,513,1775725284255522338,1775725284365647338,110.125,733.1120727539062,778.417333984375,-4.137175,-11.349909
bb09b488-e875-448b-9801-156d15b3962c,514,1775725284385647338,1775725284595897338,210.25,734.3331420898437,775.6861328125,-4.0563397,-11.175562
bb09b488-e875-448b-9801-156d15b3962c,515,1775725284655897338,1775725284851147338,195.25,719.0568969726562,783.9602416992187,-5.0539026,-11.698884
bb09b488-e875-448b-9801-156d15b3962c,516,1775725284906147338,1775725285036281338,130.134,718.2425048828125,781.5380004882812,-5.1050606,-11.543627
bb09b488-e875-448b-9801-156d15b3962c,517,1775725285426647338,1775725285521772338,95.125,729.9831665039062,776.3852905273437,-4.339171,-11.218762
bb09b488-e875-448b-9801-156d15b3962c,518,1775725285726897338,1775725285857021338,130.124,723.3277709960937,783.7663330078125,-4.7762146,-11.688325
bb09b488-e875-448b-9801-156d15b3962c,519,1775725286017271338,1775725286097271338,80.0,725.2862060546875,782.2138427734375,-4.647909,-11.589833
bb09b488-e875-448b-9801-156d15b3962c,520,1775725286142396338,1775725286247396338,105.0,719.8072631835937,780.872412109375,-5.0029426,-11.501744
bb09b488-e875-448b-9801-156d15b3962c,521,1775725286432646338,1775725286512646338,80.0,712.385205078125,776.790625,-5.4819164,-11.237402
bb09b488-e875-448b-9801-156d15b3962c,522,1775725286532646338,1775725286612771338,80.125,723.4240844726562,788.4089111328125,-4.773182,-11.985253
bb09b488-e875-448b-9801-156d15b3962c,523,1775725286893021338,1775725286968146338,75.125,723.9812744140625,768.6188110351562,-4.7239227,-10.719571
bb09b488-e875-448b-9801-156d15b3962c,524,1775725287043152338,1775725287258396338,215.244,731.7428100585937,774.8246215820312,-4.224021,-11.119534
bb09b488-e875-448b-9801-156d15b3962c,525,1775725287343521338,1775725287468520338,124.999,742.8684814453125,778.4610961914062,-3.5034976,-11.3558855
bb09b488-e875-448b-9801-156d15b3962c,526,1775725288154270338,1775725288239270338,85.0,736.3760498046875,790.6871704101562,-3.9321396,-12.13605
bb09b488-e875-448b-9801-156d15b3962c,527,1775725289250270338,1775725289340270338,90.0,710.3361938476562,783.890234375,-5.620528,-11.690326
bb09b488-e875-448b-9801-156d15b3962c,528,1775725290561519338,1775725290706644338,145.125,675.9978149414062,765.7268432617187,-7.8315763,-10.51065
bb09b488-e875-448b-9801-156d15b3962c,529,1775725290761644338,1775725290876769338,115.125,678.0098999023437,771.6609252929687,-7.707233,-10.890798
bb09b488-e875-448b-9801-156d15b3962c,530,1775725291081894338,1775725291192019338,110.125,685.7966430664062,766.1119140625,-7.1971955,-10.541071
bb09b488-e875-448b-9801-156d15b3962c,531,1775725291272144338,1775725291457269338,185.125,684.83271484375,771.0453247070312,-7.2643294,-10.855657
bb09b488-e875-448b-9801-156d15b3962c,532,1775725291897768338,1775725291987772338,90.004,681.3850219726562,772.306005859375,-7.4890833,-10.934094
bb09b488-e875-448b-9801-156d15b3962c,533,1775725293118900338,1775725293244018338,125.118,742.52509765625,781.2890991210937,-3.5272052,-11.536777
bb09b488-e875-448b-9801-156d15b3962c,534,1775725293684392338,1775725293789524338,105.132,752.8928344726562,765.2997192382812,-2.8472939,-10.515841
bb09b488-e875-448b-9801-156d15b3962c,535,1775725293879518338,1775725293974642338,95.124,768.8303344726562,776.3122314453125,-1.8163589,-11.224145
bb09b488-e875-448b-9801-156d15b3962c,536,1775725294445142338,1775725294560152338,115.01,838.4723022460937,733.4817260742187,2.693403,-8.47718
bb09b488-e875-448b-9801-156d15b3962c,537,1775725295110767338,1775725295230892338,120.125,807.6159790039062,815.1080688476562,0.70695186,-13.709097
bb09b488-e875-448b-9801-156d15b3962c,538,1775725295315891338,1775725295441016338,125.125,788.4095581054687,798.337255859375,-0.54644924,-12.636252
bb09b488-e875-448b-9801-156d15b3962c,539,1775725295506144338,1775725295606155338,100.011,783.25654296875,801.3315795898437,-0.8826653,-12.827559
bb09b488-e875-448b-9801-156d15b3962c,540,1775725295781392338,1775725295881391338,99.999,778.8987548828125,740.1258911132812,-1.1571637,-8.906395
bb09b488-e875-448b-9801-156d15b3962c,541,1775725296406891338,1775725296567016338,160.125,813.9752319335937,539.85166015625,1.1048924,3.9569538
bb09b488-e875-448b-9801-156d15b3962c,542,1775725297477902338,1775725297643140338,165.238,824.43330078125,521.1282104492187,1.7789978,5.158992
bb09b488-e875-448b-9801-156d15b3962c,543,1775725298213640338,1775725298298643338,85.003,829.2014282226562,753.1880249023437,2.098842,-9.741864
bb09b488-e875-448b-9801-156d15b3962c,544,1775725298333770338,1775725298433765338,99.995,818.8203857421875,743.7595581054687,1.4250916,-9.138882
bb09b488-e875-448b-9801-156d15b3962c,545,1775725298669015338,1775725298794143338,125.128,834.4525268554687,781.4779418945312,2.4476802,-11.552868
bb09b488-e875-448b-9801-156d15b3962c,546,1775725299129515338,1775725299209515338,80.0,799.6154296875,733.1882080078125,0.18247533,-8.462106
bb09b488-e875-448b-9801-156d15b3962c,547,1775725299564889338,1775725299645014338,80.125,812.4080322265625,768.1138671875,1.0131288,-10.700317
bb09b488-e875-448b-9801-156d15b3962c,548,1775725299910141338,1775725299995274338,85.133,731.6859252929687,821.463232421875,-4.2585545,-14.101669
bb09b488-e875-448b-9801-156d15b3962c,549,1775725300090389338,1775725300260517338,170.128,721.7580688476562,820.6099609375,-4.906917,-14.042418
bb09b488-e875-448b-9801-156d15b3962c,550,1775725300500764338,1775725300580764338,80.0,808.02705078125,775.721533203125,0.7295871,-11.187985
bb09b488-e875-448b-9801-156d15b3962c,551,1775725300595889338,1775725300685899338,90.01,801.4834716796875,780.9375366210937,0.30478352,-11.522365
bb09b488-e875-448b-9801-156d15b3962c,552,1775725300861142338,1775725300941138338,79.996,726.2241943359375,732.4248413085937,-4.559274,-8.402956
bb09b488-e875-448b-9801-156d15b3962c,553,1775725301361513338,1775725301451639338,90.126,657.8772705078125,832.30478515625,-9.099287,-14.740647
bb09b488-e875-448b-9801-156d15b3962c,554,1775725301516638338,1775725301691894338,175.256,809.6892211914062,763.7541870117187,0.8362747,-10.421202
bb09b488-e875-448b-9801-156d15b3962c,555,1775725301827013338,1775725301952138338,125.125,798.2715576171875,766.0461181640625,0.09588902,-10.5685215
bb09b488-e875-448b-9801-156d15b3962c,556,1775725302467641338,1775725302607763338,140.122,861.6446044921875,538.1894287109375,4.1692224,4.059762
bb09b488-e875-448b-9801-156d15b3962c,557,1775725302888013338,1775725303243262338,355.249,913.1135986328125,559.9765380859375,7.4685383,2.6552632
bb09b488-e875-448b-9801-156d15b3962c,558,1775725303508512338,1775725303603645338,95.133,643.3514526367187,818.2408203125,-10.024101,-13.831194
bb09b488-e875-448b-9801-156d15b3962c,559,1775725304284262338,1775725304529512338,245.25,776.1012084960937,690.5253662109375,-1.3321873,-5.723712
bb09b488-e875-448b-9801-156d15b3962c,560,1775725304544512338,1775725304639637338,95.125,821.9151123046875,697.611181640625,1.6185635,-6.178179
bb09b488-e875-448b-9801-156d15b3962c,561,1775725304904887338,1775725304984886338,79.999,563.52314453125,798.1071533203125,-15.175198,-12.458182
bb09b488-e875-448b-9801-156d15b3962c,562,1775725305385261338,1775725305705645338,320.384,923.959912109375,592.3970092773437,8.15892,0.5783804
bb09b488-e875-448b-9801-156d15b3962c,563,1775725305980886338,1775725306151011338,170.125,914.3359497070312,634.97666015625,7.545057,-2.1483812
bb09b488-e875-448b-9801-156d15b3962c,564,1775725306351261338,1775725306466265338,115.004,766.7533081054687,805.4368041992187,-1.9598476,-13.088008
bb09b488-e875-448b-9801-156d15b3962c,565,1775725306481386338,1775725306631511338,150.125,750.0735595703125,808.0588134765625,-3.0491467,-13.251653
bb09b488-e875-448b-9801-156d15b3962c,566,1775725306671519338,1775725306866635338,195.116,698.4832275390625,810.5613159179687,-6.417031,-13.387375
bb09b488-e875-448b-9801-156d15b3962c,567,1775725306881760338,1775725306976760338,95.0,712.1003540039062,807.6278442382812,-5.5260053,-13.208089
bb09b488-e875-448b-9801-156d15b3962c,568,1775725307061885338,1775725307157010338,95.125,760.0222290039062,789.865576171875,-2.3931,-12.090247
bb09b488-e875-448b-9801-156d15b3962c,569,1775725307172010338,1775725307252014338,80.004,753.2925537109375,794.8367065429687,-2.833135,-12.406765
bb09b488-e875-448b-9801-156d15b3962c,570,1775725307612385338,1775725307842635338,230.25,725.3855712890625,798.0724853515625,-4.652424,-12.603972
bb09b488-e875-448b-9801-156d15b3962c,571,1775725307932635338,1775725308072892338,140.257,819.8437622070312,736.895361328125,1.4902174,-8.6986685
bb09b488-e875-448b-9801-156d15b3962c,572,1775725308122885338,1775725308303009338,180.124,811.0479248046875,727.691748046875,0.9207914,-8.109121
bb09b488-e875-448b-9801-156d15b3962c,573,1775725308363135338,1775725308458134338,94.999,800.7261474609375,743.0353149414062,0.25449285,-9.09357
bb09b488-e875-448b-9801-156d15b3962c,574,1775725308583260338,1775725308668386338,85.126,752.9710205078125,801.4827026367187,-2.8570337,-12.831869
bb09b488-e875-448b-9801-156d15b3962c,575,1775725308868509338,1775725309068772338,200.263,752.286328125,792.4615844726562,-2.8976052,-12.254527
bb09b488-e875-448b-9801-156d15b3962c,576,1775725309429134338,1775725309509139338,80.005,789.9775512695312,814.7455200195312,-0.4455264,-13.686223
bb09b488-e875-448b-9801-156d15b3962c,577,1775725309554259338,1775725309644259338,90.0,786.26044921875,813.35703125,-0.6882235,-13.597205
bb09b488-e875-448b-9801-156d15b3962c,578,1775725309759395338,1775725310129758338,370.363,780.3281372070312,807.7712158203125,-1.0747166,-13.239345
bb09b488-e875-448b-9801-156d15b3962c,579,1775725310149768338,1775725310264883338,115.115,777.2714965820312,795.743505859375,-1.2717265,-12.469329
bb09b488-e875-448b-9801-156d15b3962c,580,1775725310284883338,1775725310425008338,140.125,780.1352661132812,794.40537109375,-1.0849618,-12.383986
bb09b488-e875-448b-9801-156d15b3962c,581,1775725310835386338,1775725311000508338,165.122,788.237255859375,808.2944091796875,-0.558607,-13.273434
bb09b488-e875-448b-9801-156d15b3962c,582,1775725311135633338,1775725311285883338,150.25,804.6870239257812,816.5660766601562,0.5156929,-13.802555
bb09b488-e875-448b-9801-156d15b3962c,583,1775725311506008338,1775725311646133338,140.125,816.8714111328125,820.3299926757812,1.3128374,-14.042062
bb09b488-e875-448b-9801-156d15b3962c,584,1775725311766257338,1775725311841383338,75.126,806.7322509765625,819.3373779296875,0.6496602,-13.979675
bb09b488-e875-448b-9801-156d15b3962c,585,1775725311956508338,1775725312086632338,130.124,813.1325805664062,820.3253540039062,1.0683303,-14.0422535
bb09b488-e875-448b-9801-156d15b3962c,586,1775725312211632338,1775725312291757338,80.125,788.5719116210937,794.59140625,-0.53554827,-12.396499
bb09b488-e875-448b-9801-156d15b3962c,587,1775725312426882338,1775725312552007338,125.125,777.8933227539062,794.718359375,-1.2310255,-12.40378
bb09b488-e875-448b-9801-156d15b3962c,588,1775725312642132338,1775725312832257338,190.125,820.963330078125,820.6744750976562,1.5805193,-14.063448
bb09b488-e875-448b-9801-156d15b3962c,589,1775725312922382338,1775725313012382338,90.0,818.1937377929687,824.0871948242187,1.4002092,-14.282123
bb09b488-e875-448b-9801-156d15b3962c,590,1775725313062507338,1775725313227632338,165.125,822.6954467773437,821.7601684570312,1.6941054,-14.132563
bb09b488-e875-448b-9801-156d15b3962c,591,1775725313327757338,1775725313537881338,210.124,834.2761962890625,821.7414306640625,2.4515529,-14.128772
bb09b488-e875-448b-9801-156d15b3962c,592,1775725313903256338,1775725314003381338,100.125,818.9676635742187,826.7618774414062,1.4515313,-14.453014
bb09b488-e875-448b-9801-156d15b3962c,593,1775725314273631338,1775725314358637338,85.006,801.469921875,794.4612182617187,0.30444884,-12.388255
bb09b488-e875-448b-9801-156d15b3962c,594,1775725314543881338,1775725314779134338,235.253,786.2291381835937,784.488623046875,-0.6870555,-11.749571
bb09b488-e875-448b-9801-156d15b3962c,595,1775725314864131338,1775725314999256338,135.125,774.0161865234375,785.935888671875,-1.4815636,-11.841095
bb09b488-e875-448b-9801-156d15b3962c,596,1775725315059381338,1775725315194505338,135.124,767.18818359375,777.3374389648437,-1.9232924,-11.289537
bb09b488-e875-448b-9801-156d15b3962c,597,1775725315294630338,1775725315429755338,135.125,768.3350952148437,783.2231811523437,-1.8503323,-11.666597
bb09b488-e875-448b-9801-156d15b3962c,598,1775725315604880338,1775725315694880338,90.0,760.2483032226562,794.4371704101562,-2.380034,-12.382866
bb09b488-e875-448b-9801-156d15b3962c,599,1775725315710005338,1775725315890130338,180.125,760.4525268554687,777.4531616210937,-2.3608685,-11.2957325
bb09b488-e875-448b-9801-156d15b3962c,600,1775725315975255338,1775725316120380338,145.125,786.9456298828125,777.0620483398437,-0.63977015,-11.274005
bb09b488-e875-448b-9801-156d15b3962c,601,1775725316175380338,1775725316270505338,95.125,784.9544799804687,773.4960693359375,-0.76873773,-11.045481
bb09b488-e875-448b-9801-156d15b3962c,602,1775725316370630338,1775725316460630338,90.0,784.2530639648437,761.569189453125,-0.8129837,-10.281299
bb09b488-e875-448b-9801-156d15b3962c,603,1775725316771011338,1775725317011129338,240.118,785.7662475585937,757.4423583984375,-0.71450603,-10.016916
bb09b488-e875-448b-9801-156d15b3962c,604,1775725317296379338,1775725317396504338,100.125,787.4066284179687,757.06748046875,-0.6081873,-9.9929695
bb09b488-e875-448b-9801-156d15b3962c,605,1775725318432503338,1775725318557628338,125.125,717.5088012695312,796.3852905273437,-5.1640463,-12.492497
bb09b488-e875-448b-9801-156d15b3962c,606,1775725318812878338,1775725318902878338,90.0,772.4148071289062,762.0519775390625,-1.5805466,-10.31116
bb09b488-e875-448b-9801-156d15b3962c,607,1775725319018003338,1775725319228253338,210.25,771.2990844726562,756.6948608398437,-1.6517787,-9.967752
bb09b488-e875-448b-9801-156d15b3962c,608,1775725319333387338,1775725319503503338,170.116,775.1111572265625,763.6343139648437,-1.4060217,-10.412855
bb09b488-e875-448b-9801-156d15b3962c,609,1775725319888878338,1775725319979003338,90.125,774.7533081054687,752.8080810546875,-1.4273114,-9.719045
bb09b488-e875-448b-9801-156d15b3962c,610,1775725322976763338,1775725323131880338,155.117,763.789013671875,758.2778686523437,-2.1387508,-10.068122
bb09b488-e875-448b-9801-156d15b3962c,611,1775725324413126338,1775725324548250338,135.124,762.3943603515625,783.6097778320312,-2.236682,-11.690291
bb09b488-e875-448b-9801-156d15b3962c,612,1775725325358999338,1775725325453999338,95.0,773.1758544921875,784.72421875,-1.5359455,-11.763409
bb09b488-e875-448b-9801-156d15b3962c,613,1775725325644249338,1775725325724249338,80.0,674.976513671875,758.9699462890625,-7.8910265,-10.078551
bb09b488-e875-448b-9801-156d15b3962c,614,1775725325759374338,1775725325849374338,90.0,677.102978515625,765.5907958984375,-7.7598596,-10.502645
bb09b488-e875-448b-9801-156d15b3962c,615,1775725327310748338,1775725327400875338,90.127,728.6460693359375,788.1393798828125,-4.4333935,-11.970172
bb09b488-e875-448b-9801-156d15b3962c,616,1775725328847247338,1775725328942372338,95.125,693.5095947265625,756.9304565429687,-6.6897807,-9.958436
bb09b488-e875-448b-9801-156d15b3962c,617,1775725330453746338,1775725330528746338,75.0,808.8785522460937,706.2968505859375,0.7792494,-6.7364717
bb09b488-e875-448b-9801-156d15b3962c,618,1775725331179371338,1775725331349509338,170.138,782.363232421875,745.9670166015625,-0.9337346,-9.281147
bb09b488-e875-448b-9801-156d15b3962c,619,1775725331484752338,1775725331584751338,99.999,780.5069702148437,725.0640014648437,-1.0515212,-7.940518
bb09b488-e875-448b-9801-156d15b3962c,620,1775725331930120338,1775725332025132338,95.012,796.3593872070312,785.235693359375,-0.028297473,-11.797696
bb09b488-e875-448b-9801-156d15b3962c,621,1775725332175370338,1775725332280495338,105.125,788.49873046875,774.6213134765625,-0.53869015,-11.117744
bb09b488-e875-448b-9801-156d15b3962c,622,1775725333361494338,1775725333441494338,80.0,806.074169921875,801.3830322265625,0.6049157,-12.831063
bb09b488-e875-448b-9801-156d15b3962c,623,1775725333691744338,1775725333766869338,75.125,779.0909545898437,800.1962646484375,-1.1540219,-12.75451
bb09b488-e875-448b-9801-156d15b3962c,624,1775725335408368338,1775725335573493338,165.125,756.8418090820312,784.035009765625,-2.5978281,-11.716342
bb09b488-e875-448b-9801-156d15b3962c,625,1775725335813742338,1775725335918871338,105.129,754.2890747070312,777.2563232421875,-2.7611516,-11.281798
bb09b488-e875-448b-9801-156d15b3962c,626,1775725336098992338,1775725336174117338,75.125,769.4041870117187,759.6704467773437,-1.7752002,-10.158185
bb09b488-e875-448b-9801-156d15b3962c,627,1775725337530366338,1775725337680491338,150.125,755.7520874023437,784.8016723632812,-2.6689713,-11.765164
bb09b488-e875-448b-9801-156d15b3962c,628,1775725337700503338,1775725337845616338,145.113,773.44794921875,792.4509033203125,-1.5200039,-12.258092
bb09b488-e875-448b-9801-156d15b3962c,629,1775725341048614338,1775725341148739338,100.125,1057.9632080078125,688.6532958984375,16.774862,-5.511218
bb09b488-e875-448b-9801-156d15b3962c,630,1775725341218738338,1775725341308864338,90.126,1107.9649169921875,679.009375,19.959963,-4.869146
bb09b488-e875-448b-9801-156d15b3962c,631,1775725341368863338,1775725341549113338,180.25,964.6397216796875,565.6733154296875,10.768933,2.2823212
bb09b488-e875-448b-9801-156d15b3962c,632,1775725342039492338,1775725342124613338,85.121,590.3955810546875,731.0115112304687,-13.3165865,-8.236743
bb09b488-e875-448b-9801-156d15b3962c,633,1775725342620113338,1775725342705114338,85.001,818.2158325195312,780.6573852539062,1.3922452,-11.503124
bb09b488-e875-448b-9801-156d15b3962c,634,1775725342735237338,1775725342900362338,165.125,813.9701049804687,784.1501831054687,1.1168519,-11.727263
bb09b488-e875-448b-9801-156d15b3962c,635,1775725342955362338,1775725343030487338,75.125,815.2957885742187,786.8514770507812,1.2035134,-11.900074
bb09b488-e875-448b-9801-156d15b3962c,636,1775725343295737338,1775725343380862338,85.125,904.2215698242187,492.1709350585937,6.925217,6.999236
bb09b488-e875-448b-9801-156d15b3962c,637,1775725343410873338,1775725343796237338,385.364,868.5431640625,485.6987060546875,4.629099,7.4251804
bb09b488-e875-448b-9801-156d15b3962c,638,1775725344091487338,1775725344226611338,135.124,770.5597045898437,812.115087890625,-1.7134416,-13.515905
bb09b488-e875-448b-9801-156d15b3962c,639,1775725344306611338,1775725344381736338,75.125,755.657177734375,789.638037109375,-2.6770446,-12.074688
bb09b488-e875-448b-9801-156d15b3962c,640,1775725344406736338,1775725344516861338,110.125,786.4724243164062,786.59189453125,-0.6714485,-11.884262
bb09b488-e875-448b-9801-156d15b3962c,641,1775725344626986338,1775725344772111338,145.125,875.78681640625,496.3720458984375,5.0915847,6.7391357
bb09b488-e875-448b-9801-156d15b3962c,642,1775725344797111338,1775725345307611338,510.5,830.0857055664062,478.2570556640625,2.149843,7.910083
bb09b488-e875-448b-9801-156d15b3962c,643,1775725345327623338,1775725345572860338,245.237,807.1063354492187,471.4362548828125,0.6665035,8.349729
bb09b488-e875-448b-9801-156d15b3962c,644,1775725345853110338,1775725345938235338,85.125,874.2691772460937,745.139501953125,5.011856,-9.214574
bb09b488-e875-448b-9801-156d15b3962c,645,1775725346053235338,1775725346128360338,75.125,877.0098999023437,748.0721801757812,5.190752,-9.401304
bb09b488-e875-448b-9801-156d15b3962c,646,1775725346158360338,1775725346368610338,210.25,819.4699829101562,724.1882690429687,1.4642422,-7.8837523
bb09b488-e875-448b-9801-156d15b3962c,647,1775725346558735338,1775725346768987338,210.252,910.610546875,489.8098510742187,7.3381295,7.1478744
bb09b488-e875-448b-9801-156d15b3962c,648,1775725346949113338,1775725347194359338,245.246,887.2786987304687,571.7435668945312,5.809219,1.9041064
bb09b488-e875-448b-9801-156d15b3962c,649,1775725347214359338,1775725347464614338,250.255,892.3391235351562,597.6015380859375,6.1317883,0.24558626
bb09b488-e875-448b-9801-156d15b3962c,650,1775725347524609338,1775725347624734338,100.125,870.666943359375,792.6945556640625,4.8084803,-12.258474
bb09b488-e875-448b-9801-156d15b3962c,651,1775725347904984338,1775725347985109338,80.125,885.2335327148437,769.240576171875,5.737283,-10.752117
bb09b488-e875-448b-9801-156d15b3962c,652,1775725348015123338,1775725348250358338,235.235,860.4079711914062,723.2932495117187,4.1064186,-7.8193574
bb09b488-e875-448b-9801-156d15b3962c,653,1775725348280362338,1775725348450484338,170.122,874.8034790039062,721.781591796875,5.034505,-7.71853
bb09b488-e875-448b-9801-156d15b3962c,654,1775725348495615338,1775725348670733338,175.118,799.1380737304687,684.9325317382812,0.15113842,-5.3651543
bb09b488-e875-448b-9801-156d15b3962c,655,1775725348690733338,1775725348795858338,105.125,782.4080932617187,673.8568481445312,-0.9251149,-4.6536603
bb09b488-e875-448b-9801-156d15b3962c,656,1775725348815858338,1775725348890993338,75.135,756.8172729492187,667.687109375,-2.5703094,-4.2559385
bb09b488-e875-448b-9801-156d15b3962c,657,1775725349711732338,1775725349801738338,90.006,698.7995727539062,820.2681640625,-6.4069905,-14.0071125
bb09b488-e875-448b-9801-156d15b3962c,658,1775725350031982338,1775725350127107338,95.125,897.9958618164062,517.905126953125,6.5118403,5.353345
bb09b488-e875-448b-9801-156d15b3962c,659,1775725350157120338,1775725350627612338,470.492,889.79609375,431.952490234375,6.035059,10.858402
bb09b488-e875-448b-9801-156d15b3962c,660,1775725352003856338,1775725352093981338,90.125,720.1274536132812,761.9967407226562,-4.9696383,-10.294345
bb09b488-e875-448b-9801-156d15b3962c,661,1775725352964734338,1775725353074855338,110.121,735.3076904296875,732.866064453125,-3.9727452,-8.433705
bb09b488-e875-448b-9801-156d15b3962c,662,1775725353385105338,1775725353470239338,85.134,759.1658447265625,706.2589477539062,-2.425448,-6.732012
bb09b488-e875-448b-9801-156d15b3962c,663,1775725353785479338,1775725353930604338,145.125,770.6399047851562,631.694921875,-1.6792976,-1.9447665
bb09b488-e875-448b-9801-156d15b3962c,664,1775725354396104338,1775725354546229338,150.125,783.897412109375,798.391455078125,-0.8404889,-12.6394415
bb09b488-e875-448b-9801-156d15b3962c,665,1775725354576229338,1775725354656354338,80.125,789.1260498046875,795.351904296875,-0.49951902,-12.445205
bb09b488-e875-448b-9801-156d15b3962c,666,1775725355532103338,1775725355622228338,90.125,791.5274169921875,608.97177734375,-0.33779383,-0.48472485
bb09b488-e875-448b-9801-156d15b3962c,667,1775725355647233338,1775725355742353338,95.12,812.0031860351562,634.5815185546875,0.9771131,-2.130452
bb09b488-e875-448b-9801-156d15b3962c,668,1775725355787353338,1775725355862479338,75.126,793.5596435546875,649.6404174804687,-0.20752163,-3.0982146
bb09b488-e875-448b-9801-156d15b3962c,669,1775725356087732338,1775725356212728338,124.996,780.0796630859375,609.4800170898437,-1.0727426,-0.51735264
bb09b488-e875-448b-9801-156d15b3962c,670,1775725356292853338,1775725356843352338,550.499,811.5959594726562,620.0389770507812,0.95069396,-1.1959387
bb09b488-e875-448b-9801-156d15b3962c,671,1775725357213727338,1775725357423977338,210.25,770.2530639648437,799.2301391601562,-1.7298205,-12.691495
bb09b488-e875-448b-9801-156d15b3962c,672,1775725357443977338,1775725357564102338,120.125,764.8665283203125,800.4421752929687,-2.0812473,-12.768088
bb09b488-e875-448b-9801-156d15b3962c,673,1775725357699227338,1775725357784226338,84.999,752.7955444335937,800.010107421875,-2.867805,-12.737619
bb09b488-e875-448b-9801-156d15b3962c,674,1775725357934351338,1775725358059478338,125.127,759.48115234375,794.8105834960937,-2.4301264,-12.406594
bb09b488-e875-448b-9801-156d15b3962c,675,1775725358690101338,1775725358910351338,220.25,834.8952758789062,617.283544921875,2.4464233,-1.0185245
bb09b488-e875-448b-9801-156d15b3962c,676,1775725359010351338,1775725359095476338,85.125,800.6782348632812,626.7265380859375,0.24973902,-1.6257899
bb09b488-e875-448b-9801-156d15b3962c,677,1775725360126475338,1775725360591849338,465.374,839.2314575195312,587.0304321289062,2.7247398,0.9250739
bb09b488-e875-448b-9801-156d15b3962c,678,1775725361432599338,1775725362228349338,795.75,859.5666625976562,561.7906860351562,4.031956,2.545065
bb09b488-e875-448b-9801-156d15b3962c,679,1775725362308477338,1775725363039110338,730.633,839.6802490234375,573.3795532226562,2.7541575,1.8019813
bb09b488-e875-448b-9801-156d15b3962c,680,1775725363069222338,1775725363159222338,90.0,790.6032836914062,563.6503051757812,-0.39734623,2.42805
bb09b488-e875-448b-9801-156d15b3962c,681,1775725363224348338,1775725364365346338,1140.998,822.578076171875,325.0366271972656,1.7054708,17.718998
bb09b488-e875-448b-9801-156d15b3962c,682,1775725365106096338,1775725365236221338,130.125,894.850537109375,687.77255859375,6.310432,-5.534058
bb09b488-e875-448b-9801-156d15b3962c,683,1775725365296221338,1775725365406346338,110.125,814.89521484375,614.8357299804687,1.1624503,-0.8615259
bb09b488-e875-448b-9801-156d15b3962c,684,1775725365501475338,1775725365726720338,225.245,703.20673828125,634.6631225585937,-6.0085583,-2.1311624
bb09b488-e875-448b-9801-156d15b3962c,685,1775725365791725338,1775725365946845338,155.12,829.6758544921875,698.7463134765625,2.1186495,-6.2503195
bb09b488-e875-448b-9801-156d15b3962c,686,1775725365961845338,1775725366071970338,110.125,857.5346801757812,703.1462158203125,3.9143062,-6.5283694
bb09b488-e875-448b-9801-156d15b3962c,687,1775725366217095338,1775725366307220338,90.125,819.5528686523437,542.5973876953125,1.4632928,3.7803457
bb09b488-e875-448b-9801-156d15b3962c,688,1775725366562470338,1775725366637470338,75.0,768.8597534179687,783.32919921875,-1.8162496,-11.673462
bb09b488-e875-448b-9801-156d15b3962c,689,1775725366842720338,1775725367062969338,220.249,797.0081909179687,765.0781616210937,0.013940415,-10.506511
bb09b488-e875-448b-9801-156d15b3962c,690,1775725367082969338,1775725367288094338,205.125,749.6706665039062,749.4640258789062,-3.0503488,-9.50069
bb09b488-e875-448b-9801-156d15b3962c,691,1775725367708473338,1775725367783594338,75.121,813.170849609375,791.7187866210937,1.0660286,-12.211906
bb09b488-e875-448b-9801-156d15b3962c,692,1775725368609343338,1775725368784468338,175.125,828.8032958984375,792.2237915039062,2.0837402,-12.241891
bb09b488-e875-448b-9801-156d15b3962c,693,1775725369214968338,1775725369385092338,170.124,806.1568725585937,784.472265625,0.6088294,-11.748519
bb09b488-e875-448b-9801-156d15b3962c,694,1775725369540218338,1775725369665349338,125.131,784.09638671875,787.8859008789062,-0.826166,-11.966962
bb09b488-e875-448b-9801-156d15b3962c,695,1775725369690342338,1775725369800467338,110.125,763.5963256835937,782.7511962890625,-2.1582646,-11.635554
bb09b488-e875-448b-9801-156d15b3962c,696,1775725370105717338,1775725370200842338,95.125,774.276318359375,778.73935546875,-1.4631289,-11.380324
bb09b488-e875-448b-9801-156d15b3962c,697,1775725370225842338,1775725370441096338,215.254,753.35078125,765.778173828125,-2.8177671,-10.546583
bb09b488-e875-448b-9801-156d15b3962c,698,1775725370466092338,1775725370741350338,275.258,739.1587036132812,761.2948974609375,-3.7359903,-10.255836
bb09b488-e875-448b-9801-156d15b3962c,699,1775725370951591338,1775725371081716338,130.125,789.9819458007812,784.1816162109375,-0.4429924,-11.730084
bb09b488-e875-448b-9801-156d15b3962c,700,1775725371281841338,1775725371376970338,95.129,883.45966796875,430.2272094726562,5.6254187,10.971797
bb09b488-e875-448b-9801-156d15b3962c,701,1775725371411966338,1775725371837341338,425.375,875.7121704101562,452.7894653320312,5.108469,9.531166
bb09b488-e875-448b-9801-156d15b3962c,702,1775725372187723338,1775725372277840338,90.117,867.0831420898437,784.075537109375,4.569567,-11.708863
bb09b488-e875-448b-9801-156d15b3962c,703,1775725372397848338,1775725372477977338,80.129,845.658154296875,784.3684448242187,3.1771717,-11.735057
bb09b488-e875-448b-9801-156d15b3962c,704,1775725372753215338,1775725372873350338,120.135,832.536083984375,745.9623779296875,2.3128862,-9.278237
bb09b488-e875-448b-9801-156d15b3962c,705,1775725373358840338,1775725373448840338,90.0,913.5492065429687,791.168798828125,7.5956206,-12.136439
bb09b488-e875-448b-9801-156d15b3962c,706,1775725373583966338,1775725373669089338,85.123,848.2834594726562,769.52451171875,3.3410962,-10.784144
bb09b488-e875-448b-9801-156d15b3962c,707,1775725373719089338,1775725373924339338,205.25,875.6443603515625,733.5897583007812,5.094542,-8.474577
bb09b488-e875-448b-9801-156d15b3962c,708,1775725374159589338,1775725374279714338,120.125,738.0495727539062,794.4054321289062,-3.8253975,-12.374485
bb09b488-e875-448b-9801-156d15b3962c,709,1775725374735088338,1775725374860213338,125.125,658.1336181640625,645.8846801757812,-8.902154,-2.843278
bb09b488-e875-448b-9801-156d15b3962c,710,1775725375040338338,1775725375145467338,105.129,777.2658203125,544.1290649414062,-1.2549789,3.6821206
bb09b488-e875-448b-9801-156d15b3962c,711,1775725375165463338,1775725375240588338,75.125,761.53388671875,547.5082153320312,-2.2658331,3.4643059
bb09b488-e875-448b-9801-156d15b3962c,712,1775725375265591338,1775725375590838338,325.247,785.5024536132812,552.47958984375,-0.72527725,3.1458073
bb09b488-e875-448b-9801-156d15b3962c,713,1775725375630963338,1775725375886213338,255.25,799.9353759765625,546.700537109375,0.2022009,3.5172126
bb09b488-e875-448b-9801-156d15b3962c,714,1775725375906212338,1775725376011338338,105.126,895.1035888671875,539.6047119140625,6.318273,3.963579
bb09b488-e875-448b-9801-156d15b3962c,715,1775725376671837338,1775725376917087338,245.25,768.1191528320312,801.0917724609375,-1.8694364,-12.810258
bb09b488-e875-448b-9801-156d15b3962c,716,1775725377087337338,1775725377297461338,210.124,787.7476928710937,793.1216796875,-0.5890901,-12.302379
bb09b488-e875-448b-9801-156d15b3962c,717,1775725377392598338,1775725377682836338,290.238,793.8545043945312,793.4452880859375,-0.19147068,-12.323286
bb09b488-e875-448b-9801-156d15b3962c,718,1775725378163336338,1775725378338460338,175.124,799.313916015625,812.0289672851562,0.16442314,-13.512531
bb09b488-e875-448b-9801-156d15b3962c,719,1775725379009085338,1775725379089216338,80.131,763.771435546875,433.8741821289062,-2.1430538,10.755819
bb09b488-e875-448b-9801-156d15b3962c,720,1775725379229335338,1775725379449460338,220.125,811.730419921875,324.4282592773437,0.9878912,17.75981
bb09b488-e875-448b-9801-156d15b3962c,721,1775725379664710338,1775725380065086338,400.376,816.6029174804687,388.7460083007812,1.2941159,13.647332
bb09b488-e875-448b-9801-156d15b3962c,722,1775725380085084338,1775725380435459338,350.375,809.163525390625,381.836767578125,0.80898124,14.09027
bb09b488-e875-448b-9801-156d15b3962c,723,1775725380745709338,1775725380825834338,80.125,833.01435546875,697.98154296875,2.333582,-6.2008758
bb09b488-e875-448b-9801-156d15b3962c,724,1775725380885834338,1775725381005959338,120.125,808.68232421875,730.7709716796875,0.7682255,-8.3067665
bb09b488-e875-448b-9801-156d15b3962c,725,1775725381181083338,1775725381356208338,175.125,993.358837890625,404.1772216796875,12.793012,12.54287
bb09b488-e875-448b-9801-156d15b3962c,726,1775725382367207338,1775725382852715338,485.508,932.4875,423.37900390625,8.81235,11.3794565
bb09b488-e875-448b-9801-156d15b3962c,727,1775725382867707338,1775725382952707338,85.0,894.1958129882812,481.8437866210937,6.2851534,7.6640387
bb09b488-e875-448b-9801-156d15b3962c,728,1775725383137957338,1775725383323085338,185.128,863.4300659179687,664.7260498046875,4.2837987,-4.062767
bb09b488-e875-448b-9801-156d15b3962c,729,1775725383343082338,1775725383603331338,260.249,869.0369384765625,672.7916015625,4.6459627,-4.5793614
bb09b488-e875-448b-9801-156d15b3962c,730,1775725383618331338,1775725383863775338,245.444,905.0444458007812,619.4504150390625,6.9471693,-1.1546639
bb09b488-e875-448b-9801-156d15b3962c,731,1775725384659527338,1775725384759650338,100.123,821.7873657226562,783.459326171875,1.6249907,-11.682048
bb09b488-e875-448b-9801-156d15b3962c,732,1775725387907524338,1775725388067774338,160.25,773.5897338867187,781.76376953125,-1.5083858,-11.573912
bb09b488-e875-448b-9801-156d15b3962c,733,1775725388463149338,1775725388573149338,110.0,921.2083251953125,453.3151611328125,8.050019,9.475958
bb09b488-e875-448b-9801-156d15b3962c,734,1775725388658274338,1775725388973536338,315.262,916.6839111328125,543.3398803710937,7.70239,3.7198846
bb09b488-e875-448b-9801-156d15b3962c,735,1775725388988657338,1775725389078661338,90.004,904.0045288085937,534.00498046875,6.8917017,4.320511
bb09b488-e875-448b-9801-156d15b3962c,736,1775725391140649338,1775725391230648338,89.999,848.9535034179687,541.6354736328125,3.3530421,3.840021
bb09b488-e875-448b-9801-156d15b3962c,737,1775725391385773338,1775725391691148338,305.375,856.5206420898437,635.4218505859375,3.8356905,-2.1825664
bb09b488-e875-448b-9801-156d15b3962c,738,1775725391716148338,1775725391826273338,110.125,854.51533203125,669.9919189453125,3.7118866,-4.401872
bb09b488-e875-448b-9801-156d15b3962c,739,1775725392001398338,1775725392496898338,495.5,821.3349731445312,659.7751831054687,1.5777531,-3.7487423
bb09b488-e875-448b-9801-156d15b3962c,740,1775725392511898338,1775725392677023338,165.125,791.346142578125,644.684423828125,-0.34968516,-2.779764
bb09b488-e875-448b-9801-156d15b3962c,741,1775725392697023338,1775725392877273338,180.25,803.8177001953125,655.7678588867187,0.4517077,-3.4918451
bb09b488-e875-448b-9801-156d15b3962c,742,1775725392902273338,1775725393117398338,215.125,802.5276611328125,657.0155395507812,0.3688097,-3.572018
bb09b488-e875-448b-9801-156d15b3962c,743,1775725393137523338,1775725393447773338,310.25,781.0141723632812,652.0356811523437,-1.0137161,-3.2519212
bb09b488-e875-448b-9801-156d15b3962c,744,1775725394273522338,1775725394348647338,75.125,838.5946166992187,674.833837890625,2.6890316,-4.7144966
bb09b488-e875-448b-9801-156d15b3962c,745,1775725395374522338,1775725395534772338,160.25,749.9964111328125,714.3749755859375,-3.0185268,-7.2513247
bb09b488-e875-448b-9801-156d15b3962c,746,1775725396085272338,1775725396170272338,85.0,693.6258056640625,728.6841186523437,-6.661599,-8.151954
bb09b488-e875-448b-9801-156d15b3962c,747,1775725396710772338,1775725396906033338,195.261,798.7542236328125,722.341162109375,0.12672049,-7.7663074
bb09b488-e875-448b-9801-156d15b3962c,748,1775725397686780338,1775725397771771338,84.991,801.094677734375,723.4752563476562,0.27783158,-7.8390284
bb09b488-e875-448b-9801-156d15b3962c,749,1775725399678521338,1775725399768650338,90.129,774.8105590820312,767.92001953125,-1.4263073,-10.687394
bb09b488-e875-448b-9801-156d15b3962c,750,1775725401335146338,1775725401420270338,85.124,744.661328125,775.6676391601562,-3.3857315,-11.177604
bb09b488-e875-448b-9801-156d15b3962c,751,1775725403567270338,1775725403642270338,75.0,749.9737060546875,779.9658569335937,-3.0425897,-11.454192
bb09b488-e875-448b-9801-156d15b3962c,752,1775725403692395338,1775725403807395338,115.0,743.0859497070312,776.0229858398437,-3.4881978,-11.199898
bb09b488-e875-448b-9801-156d15b3962c,753,1775725405689144338,1775725405769269338,80.125,785.9981201171875,784.4357055664062,-0.7020751,-11.746169
bb09b488-e875-448b-9801-156d15b3962c,754,1775725406159644338,1775725406319773338,160.129,809.6875122070312,407.5519775390625,0.83982635,12.444283
bb09b488-e875-448b-9801-156d15b3962c,755,1775725406439894338,1775725406580019338,140.125,768.1777465820312,615.0876220703125,-1.8369042,-0.877611
bb09b488-e875-448b-9801-156d15b3962c,756,1775725407025394338,1775725407475894338,450.5,891.305615234375,684.2258056640625,6.0810947,-5.307767
bb09b488-e875-448b-9801-156d15b3962c,757,1775725407540894338,1775725407826147338,285.253,898.9785888671875,689.89609375,6.576789,-5.6689134
bb09b488-e875-448b-9801-156d15b3962c,758,1775725407841269338,1775725407991394338,150.125,874.8043334960937,676.7698120117187,5.017764,-4.833472
bb09b488-e875-448b-9801-156d15b3962c,759,1775725408021394338,1775725408231519338,210.125,877.1905029296875,614.6385864257812,5.1605015,-0.847483
bb09b488-e875-448b-9801-156d15b3962c,760,1775725408246644338,1775725408326644338,80.0,872.1234252929687,602.2152465820312,4.8351383,-0.05034532
bb09b488-e875-448b-9801-156d15b3962c,761,1775725409242518338,1775725409332643338,90.125,799.0406616210937,645.0984252929687,0.1446429,-2.8063743
bb09b488-e875-448b-9801-156d15b3962c,762,1775725409908143338,1775725409993270338,85.127,759.192333984375,566.5280517578125,-2.4147313,2.2423851
bb09b488-e875-448b-9801-156d15b3962c,763,1775725410433643338,1775725410643772338,210.129,733.8762329101562,706.35166015625,-4.0553904,-6.73374
bb09b488-e875-448b-9801-156d15b3962c,764,1775725411534643338,1775725411649768338,115.125,574.674755859375,689.3105224609375,-14.278011,-5.578686
bb09b488-e875-448b-9801-156d15b3962c,765,1775725412535642338,1775725412720767338,185.125,666.9885986328125,637.7134765625,-8.33225,-2.322066
bb09b488-e875-448b-9801-156d15b3962c,766,1775725412735767338,1775725412810905338,75.138,678.5522583007812,633.7211669921875,-7.589931,-2.0680513
bb09b488-e875-448b-9801-156d15b3962c,767,1775725413016017338,1775725413096142338,80.125,784.6898315429687,634.9693359375,-0.77708423,-2.1554368
bb09b488-e875-448b-9801-156d15b3962c,768,1775725413111142338,1775725413346392338,235.25,805.6524169921875,595.6762451171875,0.56902987,0.36979327
bb09b488-e875-448b-9801-156d15b3962c,769,1775725413516517338,1775725413601642338,85.125,967.567333984375,808.0077270507812,11.132873,-13.160907
bb09b488-e875-448b-9801-156d15b3962c,770,1775725414127155338,1775725414252151338,124.996,790.8195922851562,569.9006713867187,-0.38338533,2.0263803
bb09b488-e875-448b-9801-156d15b3962c,771,1775725414342267338,1775725414552517338,210.25,829.1973999023437,633.2521118164062,2.0812404,-2.0445898
bb09b488-e875-448b-9801-156d15b3962c,772,1775725414602517338,1775725414732652338,130.135,832.9629028320312,678.978369140625,2.3273733,-4.9811134
bb09b488-e875-448b-9801-156d15b3962c,773,1775725414757642338,1775725414857767338,100.125,808.2774780273437,680.696630859375,0.7392245,-5.0929646
bb09b488-e875-448b-9801-156d15b3962c,774,1775725414872771338,1775725414957892338,85.121,784.3868530273437,673.9797729492187,-0.79783434,-4.6616106
bb09b488-e875-448b-9801-156d15b3962c,775,1775725414982892338,1775725415223145338,240.253,797.4932983398437,686.8710083007812,0.04527049,-5.489641
bb09b488-e875-448b-9801-156d15b3962c,776,1775725415428267338,1775725415578391338,150.124,750.3404663085937,682.1807006835937,-2.989157,-5.185732
bb09b488-e875-448b-9801-156d15b3962c,777,1775725415993897338,1775725416073891338,79.994,1014.9036987304687,761.4318603515625,14.115473,-10.153991
bb09b488-e875-448b-9801-156d15b3962c,778,1775725416359141338,1775725416494266338,135.125,825.6547973632812,662.6322998046875,1.8556393,-3.9320235
bb09b488-e875-448b-9801-156d15b3962c,779,1775725416524266338,1775725416664516338,140.25,888.4892700195312,659.3749755859375,5.89224,-3.7156706
bb09b488-e875-448b-9801-156d15b3962c,780,1775725416694516338,1775725417465266338,770.75,878.4564331054687,624.4970458984375,5.242402,-1.4799516
bb09b488-e875-448b-9801-156d15b3962c,781,1775725417800516338,1775725417880641338,80.125,546.6407897949218,657.9973510742187,-16.046307,-3.579948
bb09b488-e875-448b-9801-156d15b3962c,782,1775725418020766338,1775725418115766338,95.0,710.3670776367187,660.7051147460937,-5.554146,-3.802052
bb09b488-e875-448b-9801-156d15b3962c,783,1775725418200891338,1775725418586266338,385.375,787.1233642578125,625.5187133789062,-0.62065923,-1.5481442
bb09b488-e875-448b-9801-156d15b3962c,784,1775725418606266338,1775725418996641338,390.375,797.7306640625,618.0072998046875,0.060460832,-1.0654343
bb09b488-e875-448b-9801-156d15b3962c,785,1775725419296890338,1775725419452015338,155.125,874.2578247070312,804.8625244140625,5.051587,-13.034487
bb09b488-e875-448b-9801-156d15b3962c,786,1775725419647265338,1775725419742272338,95.007,880.8265502929687,801.974951171875,5.477224,-12.8466015
bb09b488-e875-448b-9801-156d15b3962c,787,1775725419812390338,1775725419997515338,185.125,875.947216796875,810.622412109375,5.1665254,-13.401623
bb09b488-e875-448b-9801-156d15b3962c,788,1775725420543140338,1775725420673265338,130.125,870.1634033203125,799.4902709960937,4.780661,-12.69312
bb09b488-e875-448b-9801-156d15b3962c,789,1775725420828390338,1775725420933390338,105.0,872.9972045898437,799.1080688476562,4.9649324,-12.667364
bb09b488-e875-448b-9801-156d15b3962c,790,1775725421033515338,1775725421198640338,165.125,882.7892578125,798.2218994140625,5.6018066,-12.605776
bb09b488-e875-448b-9801-156d15b3962c,791,1775725422274640338,1775725422384764338,110.124,766.1062744140625,541.9494384765625,-1.9724766,3.821634
bb09b488-e875-448b-9801-156d15b3962c,792,1775725422409776338,1775725422585019338,175.243,773.881787109375,553.3187622070312,-1.4719398,3.0915961
bb09b488-e875-448b-9801-156d15b3962c,793,1775725422965389338,1775725423120514338,155.125,811.257275390625,581.4968017578125,0.9289808,1.2810565
bb09b488-e875-448b-9801-156d15b3962c,794,1775725423135514338,1775725423395764338,260.25,805.3440063476562,587.3550170898437,0.5492633,0.90460384
bb09b488-e875-448b-9801-156d15b3962c,795,1775725423470764338,1775725423610889338,140.125,890.7259643554687,637.303564453125,6.031166,-2.3002982
bb09b488-e875-448b-9801-156d15b3962c,796,1775725423691014338,1775725423801139338,110.125,900.15595703125,613.5142578125,6.633295,-0.77448195
bb09b488-e875-448b-9801-156d15b3962c,797,1775725423821139338,1775725424446764338,625.625,894.2619140625,598.226416015625,6.255073,0.20549989
bb09b488-e875-448b-9801-156d15b3962c,798,1775725424491764338,1775725424742015338,250.251,870.2686279296875,584.3876098632812,4.716689,1.0938957
bb09b488-e875-448b-9801-156d15b3962c,799,1775725424772014338,1775725424902152338,130.138,788.90888671875,592.0026000976562,-0.50591207,0.60590607
bb09b488-e875-448b-9801-156d15b3962c,800,1775725425883014338,1775725425988138338,105.124,831.8733032226562,724.20712890625,2.264993,-7.88352
bb09b488-e875-448b-9801-156d15b3962c,801,1775725426173389338,1775725426288514338,115.125,910.7585571289062,725.271337890625,7.3552117,-7.9284353
bb09b488-e875-448b-9801-156d15b3962c,802,1775725426969138338,1775725427099263338,130.125,839.5890014648437,566.8839477539062,2.7487276,2.2192376
bb09b488-e875-448b-9801-156d15b3962c,803,1775725427294388338,1775725427910013338,615.625,786.515576171875,574.6730712890625,-0.6597348,1.7196435
bb09b488-e875-448b-9801-156d15b3962c,804,1775725428885900338,1775725428986013338,100.113,791.7651489257812,789.345068359375,-0.32730263,-12.060754
bb09b488-e875-448b-9801-156d15b3962c,805,1775725429296263338,1775725429396392338,100.129,795.9480712890625,787.6593383789062,-0.05507864,-11.952878
bb09b488-e875-448b-9801-156d15b3962c,806,1775725429771766338,1775725429891766338,120.0,838.2113159179687,787.4140991210937,2.6942227,-11.931964
bb09b488-e875-448b-9801-156d15b3962c,807,1775725429921887338,1775725430016889338,95.002,848.2012451171875,779.5541137695312,3.3402355,-11.426195
bb09b488-e875-448b-9801-156d15b3962c,808,1775725430037012338,1775725430127012338,90.0,836.2210815429687,785.719580078125,2.5641484,-11.823986
bb09b488-e875-448b-9801-156d15b3962c,809,1775725430337262338,1775725430437387338,100.125,846.510693359375,779.2736572265625,3.23029,-11.408737
bb09b488-e875-448b-9801-156d15b3962c,810,1775725430547387338,1775725430662512338,115.125,841.3336303710937,783.649267578125,2.8957405,-11.690209
bb09b488-e875-448b-9801-156d15b3962c,811,1775725431077887338,1775725431158012338,80.125,845.0201538085937,793.646337890625,3.1399333,-12.328915
bb09b488-e875-448b-9801-156d15b3962c,812,1775725431183012338,1775725431373267338,190.255,845.6529052734375,780.3442749023437,3.1750405,-11.477504
bb09b488-e875-448b-9801-156d15b3962c,813,1775725432058894338,1775725432279012338,220.118,846.1114624023437,783.093115234375,3.2060633,-11.653306
bb09b488-e875-448b-9801-156d15b3962c,814,1775725432299012338,1775725432439262338,140.25,841.95673828125,788.7990478515625,2.9384155,-12.0196295
bb09b488-e875-448b-9801-156d15b3962c,815,1775725432509262338,1775725432669387338,160.125,861.8288696289062,775.713232421875,4.223208,-11.175931
bb09b488-e875-448b-9801-156d15b3962c,816,1775725433064761338,1775725433199902338,135.141,864.7020385742187,788.971533203125,4.417937,-12.022963
bb09b488-e875-448b-9801-156d15b3962c,817,1775725433229886338,1775725433325011338,95.125,868.6936767578125,784.3275512695312,4.67439,-11.724319
bb09b488-e875-448b-9801-156d15b3962c,818,1775725433345011338,1775725433495136338,150.125,858.1226318359375,790.4534057617187,3.9908998,-12.120286
bb09b488-e875-448b-9801-156d15b3962c,819,1775725433860511338,1775725434125761338,265.25,861.1678588867187,799.707861328125,4.194863,-12.710934
bb09b488-e875-448b-9801-156d15b3962c,820,1775725434871511338,1775725435231761338,360.25,835.3599365234375,792.2604736328125,2.5105314,-12.242813
bb09b488-e875-448b-9801-156d15b3962c,821,1775725435502011338,1775725435607136338,105.125,781.9038208007812,791.1531127929687,-0.96929944,-12.175959
bb09b488-e875-448b-9801-156d15b3962c,822,1775725435747261338,1775725435912386338,165.125,769.3838012695312,776.483740234375,-1.7804526,-11.235209
bb09b488-e875-448b-9801-156d15b3962c,823,1775725436002519338,1775725436117635338,115.116,782.5869262695312,779.2137817382812,-0.92320246,-11.411538
bb09b488-e875-448b-9801-156d15b3962c,824,1775725436347886338,1775725436432889338,85.003,782.2039916992187,793.5828002929687,-0.9501203,-12.331516
bb09b488-e875-448b-9801-156d15b3962c,825,1775725436488010338,1775725436718260338,230.25,781.3361328125,790.6498779296875,-1.0061756,-12.143693
bb09b488-e875-448b-9801-156d15b3962c,826,1775725437223635338,1775725437328766338,105.131,770.999462890625,788.3022216796875,-1.6783618,-11.992172
bb09b488-e875-448b-9801-156d15b3962c,827,1775725437348760338,1775725437428885338,80.125,764.519482421875,790.2409423828125,-2.100563,-12.115177
bb09b488-e875-448b-9801-156d15b3962c,828,1775725437488885338,1775725437624010338,135.125,767.7398803710937,782.8776000976562,-1.8889365,-11.644372
bb09b488-e875-448b-9801-156d15b3962c,829,1775725437704135338,1775725437844266338,140.131,758.8774536132812,778.859228515625,-2.4636629,-11.38544
bb09b488-e875-448b-9801-156d15b3962c,830,1775725437869260338,1775725437994385338,125.125,753.954052734375,781.99423828125,-2.7847636,-11.5850315
bb09b488-e875-448b-9801-156d15b3962c,831,1775725438019386338,1775725438164511338,145.125,751.2813842773437,779.7456420898437,-2.9575331,-11.44043
bb09b488-e875-448b-9801-156d15b3962c,832,1775725438199635338,1775725438484885338,285.25,745.3577392578125,779.1734375,-3.3421342,-11.402208
bb09b488-e875-448b-9801-156d15b3962c,833,1775725438584889338,1775725438815134338,230.245,741.5421264648437,775.8901733398437,-3.5883763,-11.190936
bb09b488-e875-448b-9801-156d15b3962c,834,1775725438895259338,1775725438980259338,85.0,741.624462890625,784.326025390625,-3.5872834,-11.730843
bb09b488-e875-448b-9801-156d15b3962c,835,1775725439310634338,1775725439385634338,75.0,801.1516845703125,784.9318603515625,0.28336403,-11.778162
bb09b488-e875-448b-9801-156d15b3962c,836,1775725440041259338,1775725440136384338,95.125,832.8584716796875,400.0532592773437,2.3518047,12.920709
bb09b488-e875-448b-9801-156d15b3962c,837,1775725440161388338,1775725440491759338,330.371,866.2637451171875,425.4813598632812,4.5126305,11.282796
bb09b488-e875-448b-9801-156d15b3962c,838,1775725440601895338,1775725440732009338,130.114,766.4629028320312,509.00205078125,-1.953352,5.9374695
bb09b488-e875-448b-9801-156d15b3962c,839,1775725440777009338,1775725440947134338,170.125,743.4944580078125,531.3470825195312,-3.4276757,4.500541
bb09b488-e875-448b-9801-156d15b3962c,840,1775725440982134338,1775725441362509338,380.375,782.2647827148437,499.3425659179687,-0.9362823,6.558655
bb09b488-e875-448b-9801-156d15b3962c,841,1775725441582759338,1775725441682884338,100.125,853.7735107421875,796.3193115234375,3.7112172,-12.497053
bb09b488-e875-448b-9801-156d15b3962c,842,1775725441787886338,1775725441863008338,75.122,863.08857421875,803.7316650390625,4.3227034,-12.96738
bb09b488-e875-448b-9801-156d15b3962c,843,1775725441883009338,1775725441983134338,100.125,841.3071411132812,801.1323608398437,2.9015324,-12.808899
bb09b488-e875-448b-9801-156d15b3962c,844,1775725442153258338,1775725442228383338,75.125,829.1329467773437,526.574560546875,2.0807555,4.808897
bb09b488-e875-448b-9801-156d15b3962c,845,1775725442393509338,1775725442483633338,90.124,1123.2295654296875,738.5361694335937,21.038887,-8.583389
bb09b488-e875-448b-9801-156d15b3962c,846,1775725442798883338,1775725442954008338,155.125,900.483349609375,771.0397705078125,6.727374,-10.85929
bb09b488-e875-448b-9801-156d15b3962c,847,1775725443264258338,1775725443349383338,85.125,514.8851440429687,639.71494140625,-18.063623,-2.4131057
bb09b488-e875-448b-9801-156d15b3962c,848,1775725443439508338,1775725443539633338,100.125,658.3472412109375,636.6130126953125,-8.88598,-2.2503424
bb09b488-e875-448b-9801-156d15b3962c,849,1775725443794758338,1775725443985008338,190.25,782.6389282226562,565.9524291992187,-0.9088727,2.2800262
bb09b488-e875-448b-9801-156d15b3962c,850,1775725444055008338,1775725444275258338,220.25,703.390576171875,763.0966552734375,-6.0547986,-10.357517
bb09b488-e875-448b-9801-156d15b3962c,851,1775725445111008338,1775725445196133338,85.125,743.3783081054687,781.4972900390625,-3.4718602,-11.550362
bb09b488-e875-448b-9801-156d15b3962c,852,1775725445246132338,1775725445366257338,120.125,735.0075805664062,773.4985107421875,-4.011363,-11.035789
bb09b488-e875-448b-9801-156d15b3962c,853,1775725445606507338,1775725445716632338,110.125,933.3177612304687,797.1147216796875,8.888022,-12.500503
bb09b488-e875-448b-9801-156d15b3962c,854,1775725445851757338,1775725445931757338,80.0,736.3299072265625,763.2953247070312,-3.9202962,-10.383076
bb09b488-e875-448b-9801-156d15b3962c,855,1775725446837632338,1775725447067882338,230.25,826.6355102539062,677.2344116210937,1.9201095,-4.869672
bb09b488-e875-448b-9801-156d15b3962c,856,1775725447623382338,1775725447808506338,185.124,770.638623046875,576.9128784179687,-1.679202,1.5754855
bb09b488-e875-448b-9801-156d15b3962c,857,1775725447883632338,1775725448249016338,365.384,881.1465576171875,422.369482421875,5.481247,11.475469
bb09b488-e875-448b-9801-156d15b3962c,858,1775725448434131338,1775725448549256338,115.125,881.8736083984375,430.0903686523437,5.522631,10.981291
bb09b488-e875-448b-9801-156d15b3962c,859,1775725448574256338,1775725448709381338,135.125,884.0348022460937,466.820654296875,5.6382117,8.629684
bb09b488-e875-448b-9801-156d15b3962c,860,1775725448734388338,1775725448909631338,175.243,865.92939453125,464.6406005859375,4.4696617,8.775406
bb09b488-e875-448b-9801-156d15b3962c,861,1775725449395010338,1775725449490131338,95.121,787.54755859375,654.9093994140625,-0.5939532,-3.4366777
bb09b488-e875-448b-9801-156d15b3962c,862,1775725449555257338,1775725449680256338,124.999,827.8767211914062,631.89365234375,1.9963754,-1.9573545
bb09b488-e875-448b-9801-156d15b3962c,863,1775725449695381338,1775725449855506338,160.125,855.0075805664062,604.942724609375,3.7369876,-0.2255465
bb09b488-e875-448b-9801-156d15b3962c,864,1775725449880513338,1775725450040631338,160.118,819.76826171875,613.0160888671875,1.475273,-0.7445452
bb09b488-e875-448b-9801-156d15b3962c,865,1775725450080631338,1775725450305881338,225.25,835.4277465820312,568.0819458007812,2.4814417,2.1424663
bb09b488-e875-448b-9801-156d15b3962c,866,1775725450356007338,1775725450466006338,109.999,779.9812744140625,543.04697265625,-1.0804881,3.751727
bb09b488-e875-448b-9801-156d15b3962c,867,1775725451767255338,1775725451902380338,135.125,780.0764892578125,783.6208862304687,-1.0870246,-11.6935425
bb09b488-e875-448b-9801-156d15b3962c,868,1775725452873255338,1775725453013386338,140.131,736.3189819335937,795.4997314453125,-3.938724,-12.443852
bb09b488-e875-448b-9801-156d15b3962c,869,1775725453118512338,1775725453208630338,90.118,732.1485717773437,793.7103637695312,-4.2091107,-12.327842
bb09b488-e875-448b-9801-156d15b3962c,870,1775725453443892338,1775725453533880338,89.988,727.8850830078125,790.0159057617187,-4.484128,-12.089878
bb09b488-e875-448b-9801-156d15b3962c,871,1775725453574012338,1775725453679005338,104.993,735.1322143554687,790.532568359375,-4.0129747,-12.125716
bb09b488-e875-448b-9801-156d15b3962c,872,1775725453734130338,1775725453829129338,94.999,750.7998168945312,805.842138671875,-3.000666,-13.110097
bb09b488-e875-448b-9801-156d15b3962c,873,1775725453884254338,1775725454089380338,205.126,570.8570678710937,685.49912109375,-14.519049,-5.3346577
bb09b488-e875-448b-9801-156d15b3962c,874,1775725454109504338,1775725454204505338,95.001,615.3213012695312,661.8483032226562,-11.652896,-3.851113
bb09b488-e875-448b-9801-156d15b3962c,875,1775725454219504338,1775725454354639338,135.135,658.1751831054687,637.6891235351562,-8.897264,-2.319136
bb09b488-e875-448b-9801-156d15b3962c,876,1775725454635004338,1775725454730004338,95.0,879.3689697265625,802.810888671875,5.382974,-12.900779
bb09b488-e875-448b-9801-156d15b3962c,877,1775725454940254338,1775725455095379338,155.125,855.1777465820312,816.748876953125,3.8151522,-13.802685
bb09b488-e875-448b-9801-156d15b3962c,878,1775725455160379338,1775725455275504338,115.125,860.0250366210937,813.6625732421875,4.1296754,-13.603435
bb09b488-e875-448b-9801-156d15b3962c,879,1775725455736004338,1775725455821004338,85.0,611.2471435546875,686.4371704101562,-11.930216,-5.4158344
bb09b488-e875-448b-9801-156d15b3962c,880,1775725456036254338,1775725456121379338,85.125,851.7612426757812,600.0922607421875,3.5286531,0.08593743
bb09b488-e875-448b-9801-156d15b3962c,881,1775725456766879338,1775725456922128338,155.249,838.952099609375,417.4314331054687,2.7419589,11.806801
bb09b488-e875-448b-9801-156d15b3962c,882,1775725457242378338,1775725457332503338,90.125,790.7436645507812,541.7284301757812,-0.3886719,3.8366537
bb09b488-e875-448b-9801-156d15b3962c,883,1775725457382503338,1775725457547628338,165.125,808.4806030273437,386.715673828125,0.76368344,13.778151
bb09b488-e875-448b-9801-156d15b3962c,884,1775725457577753338,1775725457747878338,170.125,819.733349609375,442.4655517578125,1.4871302,10.206515
bb09b488-e875-448b-9801-156d15b3962c,885,1775725457822878338,1775725458308378338,485.5,826.826123046875,489.92099609375,1.9373693,7.1621017
bb09b488-e875-448b-9801-156d15b3962c,886,1775725458588628338,1775725458673753338,85.125,1244.78974609375,748.568212890625,28.8778,-9.021238
bb09b488-e875-448b-9801-156d15b3962c,887,1775725460005004338,1775725460200127338,195.123,759.9192016601562,799.6172241210937,-2.4034,-12.714253
bb09b488-e875-448b-9801-156d15b3962c,888,1775725460370252338,1775725460515377338,145.125,821.3562133789062,786.7458251953125,1.5976973,-11.89252
bb09b488-e875-448b-9801-156d15b3962c,889,1775725460660627338,1775725460845752338,185.125,874.6670654296875,786.5997680664062,5.0642023,-11.866996
bb09b488-e875-448b-9801-156d15b3962c,890,1775725460870756338,1775725461076002338,205.246,840.2668579101562,786.0966552734375,2.827377,-11.847126
bb09b488-e875-448b-9801-156d15b3962c,891,1775725461321252338,1775725461696502338,375.25,758.345654296875,766.4838623046875,-2.4940503,-10.592837
bb09b488-e875-448b-9801-156d15b3962c,892,1775725462162011338,1775725462312127338,150.116,788.3158081054687,767.7046264648437,-0.5500419,-10.674636
bb09b488-e875-448b-9801-156d15b3962c,893,1775725462327127338,1775725462497252338,170.125,798.4552124023437,766.0767578125,0.10780087,-10.570489
bb09b488-e875-448b-9801-156d15b3962c,894,1775725462687506338,1775725462877627338,190.121,801.76435546875,777.9450439453125,0.32291767,-11.330703
bb09b488-e875-448b-9801-156d15b3962c,895,1775725463037756338,1775725463132876338,95.12,819.5949829101562,783.9648193359375,1.4825608,-11.714724
bb09b488-e875-448b-9801-156d15b3962c,896,1775725463208001338,1775725463858501338,650.5,767.050244140625,771.558935546875,-1.9307237,-10.919443
bb09b488-e875-448b-9801-156d15b3962c,897,1775725464113751338,1775725464188876338,75.125,800.725537109375,780.1279052734375,0.25549686,-11.470537
bb09b488-e875-448b-9801-156d15b3962c,898,1775725464719376338,1775725464884501338,165.125,780.733349609375,769.96396484375,-1.0423142,-10.818916
bb09b488-e875-448b-9801-156d15b3962c,899,1775725465074751338,1775725465239881338,165.13,790.1397827148437,777.4878295898437,-0.4322963,-11.301408
bb09b488-e875-448b-9801-156d15b3962c,900,1775725465385001338,1775725465470126338,85.125,775.3679931640625,771.976171875,-1.3908929,-10.94729
bb09b488-e875-448b-9801-156d15b3962c,901,1775725465805376338,1775725465910501338,105.125,968.9688842773437,752.4535888671875,11.137169,-9.626632
bb09b488-e875-448b-9801-156d15b3962c,902,1775725466060625338,1775725466170750338,110.125,1037.1087158203125,667.0047973632812,15.420565,-4.154073
bb09b488-e875-448b-9801-156d15b3962c,903,1775725466230757338,1775725466305879338,75.122,995.4961669921875,660.476171875,12.753902,-3.7571845
bb09b488-e875-448b-9801-156d15b3962c,904,1775725466511000338,1775725466591125338,80.125,929.46748046875,804.0243896484375,8.647033,-12.944027
bb09b488-e875-448b-9801-156d15b3962c,905,1775725467471879338,1775725467562000338,90.121,1027.1749389648437,768.7749389648437,14.921148,-10.605275
bb09b488-e875-448b-9801-156d15b3962c,906,1775725467977375338,1775725468132499338,155.124,761.7549560546875,530.6114868164062,-2.2534704,4.549541
bb09b488-e875-448b-9801-156d15b3962c,907,1775725468352749338,1775725468442874338,90.125,752.922314453125,522.4820922851562,-2.8228555,5.0707116
bb09b488-e875-448b-9801-156d15b3962c,908,1775725468607999338,1775725468753124338,145.125,767.2620361328125,556.2638916015625,-1.8970782,2.9021335
bb09b488-e875-448b-9801-156d15b3962c,909,1775725468773124338,1775725468928257338,155.133,794.1726806640625,496.5030883789062,-0.16878763,6.741246
bb09b488-e875-448b-9801-156d15b3962c,910,1775725469048374338,1775725469128499338,80.125,770.3299682617187,790.439794921875,-1.7224711,-12.128906
bb09b488-e875-448b-9801-156d15b3962c,911,1775725469148499338,1775725469278624338,130.125,774.1717041015625,781.5585083007812,-1.4705123,-11.560839
bb09b488-e875-448b-9801-156d15b3962c,912,1775725469754015338,1775725469874124338,120.109,837.2929809570312,805.2906860351562,2.641637,-13.075987
bb09b488-e875-448b-9801-156d15b3962c,913,1775725470254499338,1775725470364624338,110.125,751.036572265625,789.9118408203125,-2.977819,-12.091032
bb09b488-e875-448b-9801-156d15b3962c,914,1775725470469749338,1775725470579874338,110.125,791.1823852539062,740.019140625,-0.36277863,-8.90016
bb09b488-e875-448b-9801-156d15b3962c,915,1775725471505748338,1775725471640873338,135.125,804.3186157226562,799.3749755859375,0.49031878,-12.702648
bb09b488-e875-448b-9801-156d15b3962c,916,1775725471725873338,1775725471830998338,105.125,806.7318237304687,806.9390625,0.648342,-13.186547
bb09b488-e875-448b-9801-156d15b3962c,917,1775725471891123338,1775725471971123338,80.0,809.2193115234375,789.3859619140625,0.80853045,-12.06292
bb09b488-e875-448b-9801-156d15b3962c,918,1775725472476623338,1775725472566748338,90.125,762.448681640625,492.799169921875,-2.2146888,6.977065
bb09b488-e875-448b-9801-156d15b3962c,919,1775725472661748338,1775725472791873338,130.125,772.8585327148437,488.0411743164062,-1.5440394,7.283454
bb09b488-e875-448b-9801-156d15b3962c,920,1775725473647748338,1775725473732747338,84.999,782.4961059570312,622.3910888671875,-0.9177383,-1.3471113
bb09b488-e875-448b-9801-156d15b3962c,921,1775725474098122338,1775725474193247338,95.125,743.7855346679687,744.2277587890625,-3.4292123,-9.163832
bb09b488-e875-448b-9801-156d15b3962c,922,1775725474398372338,1775725474513500338,115.128,766.4873779296875,694.4075073242187,-1.9517332,-5.9722214
bb09b488-e875-448b-9801-156d15b3962c,923,1775725474978997338,1775725475058997338,80.0,764.8855102539062,648.3976806640625,-2.0498285,-3.0176253
bb09b488-e875-448b-9801-156d15b3962c,924,1775725475439372338,1775725475514497338,75.125,710.7274291992187,720.7340454101562,-5.5537424,-7.6493196
bb09b488-e875-448b-9801-156d15b3962c,925,1775725476044997338,1775725476190121338,145.124,891.3491943359375,714.9689086914062,6.097856,-7.2768693
bb09b488-e875-448b-9801-156d15b3962c,926,1775725476700622338,1775725476815621338,114.999,700.4834106445312,688.3410400390625,-6.198478,-5.571296
bb09b488-e875-448b-9801-156d15b3962c,927,1775725477736496338,1775725477816621338,80.125,698.6582763671875,658.98056640625,-6.3056645,-3.6894836
bb09b488-e875-448b-9801-156d15b3962c,928,1775725478266996338,1775725478387121338,120.125,1117.0830810546875,695.6205810546875,20.564892,-5.9035096
bb09b488-e875-448b-9801-156d15b3962c,929,1775725478602377338,1775725478712495338,110.118,889.0540283203125,651.546728515625,5.926616,-3.2137132
bb09b488-e875-448b-9801-156d15b3962c,930,1775725478742495338,1775725478952620338,210.125,827.6623046875,667.567236328125,1.9851465,-4.2488284
bb09b488-e875-448b-9801-156d15b3962c,931,1775725478977749338,1775725479102750338,125.001,793.1335571289062,660.1156982421875,-0.23501314,-3.7712069
bb09b488-e875-448b-9801-156d15b3962c,932,1775725479237874338,1775725479322997338,85.123,926.5306518554687,728.5287231445312,8.374495,-8.128997
bb09b488-e875-448b-9801-156d15b3962c,933,1775725479458120338,1775725479533245338,75.125,542.1810729980468,812.5508178710937,-16.598227,-13.338416
bb09b488-e875-448b-9801-156d15b3962c,934,1775725479648370338,1775725479743371338,95.001,644.2197387695312,699.6982177734375,-9.822843,-6.2771826
bb09b488-e875-448b-9801-156d15b3962c,935,1775725480013628338,1775725480168745338,155.117,764.8426635742187,636.4505981445312,-2.051816,-2.2501307
bb09b488-e875-448b-9801-156d15b3962c,936,1775725480223870338,1775725480318995338,95.125,743.734326171875,637.840673828125,-3.4074514,-2.3383904
bb09b488-e875-448b-9801-156d15b3962c,937,1775725480394004338,1775725480504120338,110.116,710.2747924804687,646.6666625976562,-5.55698,-2.9017441
bb09b488-e875-448b-9801-156d15b3962c,938,1775725480599245338,1775725480689245338,90.0,559.3926513671875,680.7158569335937,-15.248916,-5.0248537
bb09b488-e875-448b-9801-156d15b3962c,939,1775725480709249338,1775725480799370338,90.121,508.7046325683594,690.4743408203125,-18.504,-5.6076603
bb09b488-e875-448b-9801-156d15b3962c,940,1775725480879495338,1775725480964495338,85.0,532.1883972167968,681.8302368164062,-16.991323,-5.078935
bb09b488-e875-448b-9801-156d15b3962c,941,1775725481309870338,1775725481454995338,145.125,772.4171875,616.4314331054687,-1.5647553,-0.96401966
bb09b488-e875-448b-9801-156d15b3962c,942,1775725481545119338,1775725481685244338,140.125,814.23212890625,642.1037963867187,1.1204857,-2.6137426
bb09b488-e875-448b-9801-156d15b3962c,943,1775725481995494338,1775725482090628338,95.134,479.8272216796875,705.5910400390625,-20.374392,-6.5326724
bb09b488-e875-448b-9801-156d15b3962c,944,1775725482480994338,1775725482611119338,130.125,1074.4561889648437,713.1994384765625,17.863499,-7.0463915
bb09b488-e875-448b-9801-156d15b3962c,945,1775725483161619338,1775725483296744338,135.125,977.4299438476562,700.1725219726562,11.624728,-6.29238
bb09b488-e875-448b-9801-156d15b3962c,946,1775725483366744338,1775725483586994338,220.25,839.4945190429687,543.2438110351562,2.7449436,3.7375953
bb09b488-e875-448b-9801-156d15b3962c,947,1775725483707119338,1775725484027376338,320.257,819.7112548828125,520.035498046875,1.4752252,5.2294726
bb09b488-e875-448b-9801-156d15b3962c,948,1775725484252619338,1775725484342744338,90.125,1040.26728515625,717.3725341796875,15.677366,-7.3401785
bb09b488-e875-448b-9801-156d15b3962c,949,1775725484392743338,1775725484552868338,160.125,819.5401733398437,613.2598022460937,1.460629,-0.7602068
bb09b488-e875-448b-9801-156d15b3962c,950,1775725484978243338,1775725485153493338,175.25,814.0123413085937,789.425146484375,1.1204379,-12.064989
bb09b488-e875-448b-9801-156d15b3962c,951,1775725485198493338,1775725485348618338,150.125,794.871533203125,787.0304931640625,-0.12510175,-11.912614
bb09b488-e875-448b-9801-156d15b3962c,952,1775725485443743338,1775725485563878338,120.135,796.4549682617187,790.3230346679687,-0.02211615,-12.123421
bb09b488-e875-448b-9801-156d15b3962c,953,1775725485778993338,1775725485874118338,95.125,795.7522094726562,785.9791625976562,-0.067796454,-11.845296
bb09b488-e875-448b-9801-156d15b3962c,954,1775725485889118338,1775725485984243338,95.125,789.3081176757812,779.0524658203125,-0.48643923,-11.401593
bb09b488-e875-448b-9801-156d15b3962c,955,1775725486044243338,1775725486169377338,125.134,785.4666259765625,779.8925537109375,-0.7361509,-11.455203
bb09b488-e875-448b-9801-156d15b3962c,956,1775725486524743338,1775725486669867338,145.124,761.4990356445312,790.9886840820312,-2.2973819,-12.162442
bb09b488-e875-448b-9801-156d15b3962c,957,1775725486950117338,1775725487035255338,85.138,1052.1401489257812,472.4144653320312,16.460892,8.157903
bb09b488-e875-448b-9801-156d15b3962c,958,1775725487050242338,1775725487205367338,155.125,941.6027954101562,493.8189453125,9.330229,6.8778567
bb09b488-e875-448b-9801-156d15b3962c,959,1775725487325492338,1775725487625742338,300.25,747.2679565429687,512.874365234375,-3.1886394,5.686747
bb09b488-e875-448b-9801-156d15b3962c,960,1775725487690867338,1775725487770867338,80.0,778.2064331054687,489.1433471679687,-1.1989031,7.2131095
bb09b488-e875-448b-9801-156d15b3962c,961,1775725487976117338,1775725488081251338,105.134,755.431103515625,557.3549560546875,-2.6570187,2.8314617
bb09b488-e875-448b-9801-156d15b3962c,962,1775725488106246338,1775725488426492338,320.246,828.9944580078125,530.4820922851562,2.0713983,4.5579696
bb09b488-e875-448b-9801-156d15b3962c,963,1775725488591617338,1775725488741867338,150.25,870.3357055664062,653.3431762695312,4.725186,-3.3314998
bb09b488-e875-448b-9801-156d15b3962c,964,1775725489367382338,1775725489447491338,80.109,772.631787109375,809.3815063476562,-1.577398,-13.341373
bb09b488-e875-448b-9801-156d15b3962c,965,1775725489757741338,1775725489872866338,115.125,806.3476684570312,799.6865600585937,0.62258536,-12.722469
bb09b488-e875-448b-9801-156d15b3962c,966,1775725490088116338,1775725490193116338,105.0,808.4898193359375,794.7004150390625,0.7616412,-12.403186
bb09b488-e875-448b-9801-156d15b3962c,967,1775725490993866338,1775725491093991338,100.125,782.6278198242187,806.1008056640625,-0.92437726,-13.132684
bb09b488-e875-448b-9801-156d15b3962c,968,1775725493711489338,1775725493866615338,155.126,733.2119262695312,630.7079223632812,-4.082356,-1.8797636
bb09b488-e875-448b-9801-156d15b3962c,969,1775725493911614338,1775725493991739338,80.125,782.7758911132812,693.8297485351562,-0.90261626,-5.9361787
bb09b488-e875-448b-9801-156d15b3962c,970,1775725494006739338,1775725494146865338,140.126,797.29462890625,682.0329956054687,0.032477546,-5.1789703
bb09b488-e875-448b-9801-156d15b3962c,971,1775725495332989338,1775725495407989338,75.0,838.3245971679687,798.1927856445312,2.705916,-12.621656
bb09b488-e875-448b-9801-156d15b3962c,972,1775725495463121338,1775725495543122338,80.001,834.2620361328125,801.7458251953125,2.4425848,-12.849989
bb09b488-e875-448b-9801-156d15b3962c,973,1775725496358989338,1775725496448988338,89.999,823.0223510742187,809.2817138671875,1.7119254,-13.3344345
bb09b488-e875-448b-9801-156d15b3962c,974,1775725496654238338,1775725496734238338,80.0,739.4353149414062,644.655615234375,-3.6842515,-2.7756727
bb09b488-e875-448b-9801-156d15b3962c,975,1775725496759363338,1775725496919488338,160.125,729.9398315429687,611.444677734375,-4.2911754,-0.64291203
bb09b488-e875-448b-9801-156d15b3962c,976,1775725496934488338,1775725497079613338,145.125,738.3205688476562,601.365087890625,-3.7532094,0.004200566
bb09b488-e875-448b-9801-156d15b3962c,977,1775725497575113338,1775725497690245338,115.132,752.208203125,635.1449951171875,-2.8630922,-2.16573
bb09b488-e875-448b-9801-156d15b3962c,978,1775725497785251338,1775725497975502338,190.251,789.6221435546875,672.35166015625,-0.46102408,-4.5571566
bb09b488-e875-448b-9801-156d15b3962c,979,1775725498545988338,1775725498631113338,85.125,740.4873168945312,686.314306640625,-3.6240573,-5.4496713
bb09b488-e875-448b-9801-156d15b3962c,980,1775725498996362338,1775725499121489338,125.127,771.0586059570312,627.0761474609375,-1.6522499,-1.6480017
bb09b488-e875-448b-9801-156d15b3962c,981,1775725499216612338,1775725499371737338,155.125,762.0135620117187,610.8039306640625,-2.2325428,-0.6022929
bb09b488-e875-448b-9801-156d15b3962c,982,1775725499942253338,1775725500202487338,260.234,770.5206420898437,615.1354125976562,-1.6864897,-0.88071185
bb09b488-e875-448b-9801-156d15b3962c,983,1775725500252612338,1775725500377737338,125.125,853.7483642578125,499.7474731445312,3.6706185,6.527625
bb09b488-e875-448b-9801-156d15b3962c,984,1775725500417737338,1775725500617862338,200.125,853.2510498046875,409.8280395507812,3.6758437,12.289279
bb09b488-e875-448b-9801-156d15b3962c,985,1775725500843112338,1775725500988237338,145.125,865.5267456054687,480.5517333984375,4.4366446,7.755884
bb09b488-e875-448b-9801-156d15b3962c,986,1775725501083361338,1775725501188491338,105.13,845.5735595703125,564.8186401367187,3.1331716,2.3515794
bb09b488-e875-448b-9801-156d15b3962c,987,1775725501208486338,1775725501493736338,285.25,827.78193359375,575.7698120117187,1.990119,1.6488007
bb09b488-e875-448b-9801-156d15b3962c,988,1775725501518736338,1775725501703986338,185.25,815.37177734375,570.2959350585937,1.1934116,2.0008082
bb09b488-e875-448b-9801-156d15b3962c,989,1775725501723986338,1775725501919111338,195.125,802.1438110351562,560.4465698242187,0.34398198,2.6339257
bb09b488-e875-448b-9801-156d15b3962c,990,1775725502409611338,1775725502559747338,150.136,846.7099731445312,798.5909790039062,3.252372,-12.644715
bb09b488-e875-448b-9801-156d15b3962c,991,1775725503065236338,1775725503255361338,190.125,770.3244140625,781.37802734375,-1.720545,-11.548757
bb09b488-e875-448b-9801-156d15b3962c,992,1775725503485611338,1775725503580735338,95.124,919.0139892578125,789.0617431640625,7.948277,-11.998142
bb09b488-e875-448b-9801-156d15b3962c,993,1775725503860985338,1775725503971110338,110.125,982.2116821289062,519.9606689453125,11.918208,5.1910734
bb09b488-e875-448b-9801-156d15b3962c,994,1775725504096110338,1775725504366360338,270.25,896.055859375,461.3915771484375,6.4182124,8.972321
bb09b488-e875-448b-9801-156d15b3962c,995,1775725504826860338,1775725504921985338,95.125,736.9530151367187,793.4587158203125,-3.8962266,-12.3135395
bb09b488-e875-448b-9801-156d15b3962c,996,1775725505112110338,1775725505227235338,115.125,707.237255859375,798.4997924804687,-5.8346205,-12.622318
bb09b488-e875-448b-9801-156d15b3962c,997,1775725505977984338,1775725506113109338,135.125,782.6651123046875,517.3623413085937,-0.9092757,5.401634
bb09b488-e875-448b-9801-156d15b3962c,998,1775725506143109338,1775725506263234338,120.125,761.9139526367187,520.3683227539062,-2.2445982,5.207309
bb09b488-e875-448b-9801-156d15b3962c,999,1775725506463359338,1775725506573484338,110.125,784.8023803710937,542.5644287109375,-0.77058876,3.7828522
bb09b488-e875-448b-9801-156d15b3962c,1000,1775725507133984338,1775725507214109338,80.125,972.17255859375,649.0118774414062,11.255099,-3.034284
bb09b488-e875-448b-9801-156d15b3962c,1001,1775725507544359338,1775725507819609338,275.25,907.121533203125,554.4071411132812,7.0855355,3.0129466
bb09b488-e875-448b-9801-156d15b3962c,1002,1775725507874734338,1775725508004858338,130.124,905.097607421875,534.3169921875,6.9617863,4.30028
bb09b488-e875-448b-9801-156d15b3962c,1003,1775725508184983338,1775725508300108338,115.125,595.2738159179687,590.0509399414062,-12.919951,0.7245601
bb09b488-e875-448b-9801-156d15b3962c,1004,1775725508365109338,1775725508590358338,225.249,658.3487060546875,559.6855224609375,-8.887811,2.670474
bb09b488-e875-448b-9801-156d15b3962c,1005,1775725508650364338,1775725509160866338,510.502,789.8518188476562,552.6593994140625,-0.44579276,3.1343122
bb09b488-e875-448b-9801-156d15b3962c,1006,1775725509331120338,1775725509526233338,195.113,723.3763549804687,789.61533203125,-4.7771363,-12.06238
bb09b488-e875-448b-9801-156d15b3962c,1007,1775725509546233338,1775725509676365338,130.132,753.66669921875,783.7499145507812,-2.8041477,-11.69734
bb09b488-e875-448b-9801-156d15b3962c,1008,1775725509766483338,1775725509916608338,150.125,752.5041015625,793.509130859375,-2.8838902,-12.321612
bb09b488-e875-448b-9801-156d15b3962c,1009,1775725510246858338,1775725510387107338,140.249,693.0752685546875,779.0240844726562,-6.7372437,-11.37014
bb09b488-e875-448b-9801-156d15b3962c,1010,1775725510462118338,1775725510577232338,115.114,775.48310546875,522.237158203125,-1.3711672,5.088245
bb09b488-e875-448b-9801-156d15b3962c,1011,1775725510627232338,1775725510717357338,90.125,755.3817260742187,479.2079833984375,-2.67365,7.8480988
bb09b488-e875-448b-9801-156d15b3962c,1012,1775725510737357338,1775725511017607338,280.25,818.1765869140625,500.9009765625,1.3782638,6.458142
bb09b488-e875-448b-9801-156d15b3962c,1013,1775725511037607338,1775725511127732338,90.125,827.6203735351562,501.49326171875,1.9867517,6.4193187
bb09b488-e875-448b-9801-156d15b3962c,1014,1775725511147732338,1775725511237857338,90.125,818.9474609375,503.9401611328125,1.4276187,6.2629824
bb09b488-e875-448b-9801-156d15b3962c,1015,1775725511678232338,1775725511813357338,135.125,726.0733154296875,774.04208984375,-4.591553,-11.067378
bb09b488-e875-448b-9801-156d15b3962c,1016,1775725511833363338,1775725511993613338,160.25,725.1984985351562,776.5810913085937,-4.649945,-11.229479
bb09b488-e875-448b-9801-156d15b3962c,1017,1775725512283857338,1775725512383857338,100.0,717.3382080078125,805.7314208984375,-5.182809,-13.089674
bb09b488-e875-448b-9801-156d15b3962c,1018,1775725512508981338,1775725512584110338,75.129,707.095166015625,776.75400390625,-5.825263,-11.2325325
bb09b488-e875-448b-9801-156d15b3962c,1019,1775725512704231338,1775725512794356338,90.125,706.6285522460937,766.328955078125,-5.847427,-10.565735
bb09b488-e875-448b-9801-156d15b3962c,1020,1775725512824356338,1775725512914356338,90.0,703.71357421875,776.0622314453125,-6.044171,-11.18662
bb09b488-e875-448b-9801-156d15b3962c,1021,1775725513054481338,1775725513139606338,85.125,729.7444580078125,814.0315307617187,-4.3798723,-13.625939
bb09b488-e875-448b-9801-156d15b3962c,1022,1775725513259731338,1775725513449856338,190.125,731.559765625,808.7052368164062,-4.257537,-13.286308
bb09b488-e875-448b-9801-156d15b3962c,1023,1775725513600108338,1775725513710106338,109.998,767.3631103515625,794.1518310546875,-1.9166398,-12.366009
bb09b488-e875-448b-9801-156d15b3962c,1024,1775725513905356338,1775725513995356338,90.0,740.7515991210937,790.8244995117187,-3.6475053,-12.146343
bb09b488-e875-448b-9801-156d15b3962c,1025,1775725515126480338,1775725515261605338,135.125,671.6688354492187,590.4585327148437,-8.0286,0.70260787
bb09b488-e875-448b-9801-156d15b3962c,1026,1775725515291605338,1775725515817105338,525.5,792.25703125,550.7001098632812,-0.29125974,3.2602267
bb09b488-e875-448b-9801-156d15b3962c,1027,1775725515847105338,1775725515922230338,75.125,841.7481811523437,575.402197265625,2.8868067,1.6719756
bb09b488-e875-448b-9801-156d15b3962c,1028,1775725516582855338,1775725516712980338,130.125,675.1405151367187,725.7992309570312,-7.8518963,-7.959246
bb09b488-e875-448b-9801-156d15b3962c,1029,1775725517183354338,1775725517258484338,75.13,925.608837890625,688.6156372070312,8.287976,-5.578352
bb09b488-e875-448b-9801-156d15b3962c,1030,1775725517348604338,1775725517473729338,125.125,781.4536865234375,663.055029296875,-0.9859514,-3.9598224
bb09b488-e875-448b-9801-156d15b3962c,1031,1775725517553729338,1775725518104229338,550.5,804.7562377929687,659.5084594726562,0.5121002,-3.7321382
bb09b488-e875-448b-9801-156d15b3962c,1032,1775725518119229338,1775725518304479338,185.25,884.8487670898437,662.2627319335937,5.659194,-3.901438
bb09b488-e875-448b-9801-156d15b3962c,1033,1775725518324479338,1775725518499604338,175.125,978.45625,683.11923828125,11.676925,-5.2057376
bb09b488-e875-448b-9801-156d15b3962c,1034,1775725518594729338,1775725519055109338,460.38,643.1013305664062,831.2099365234375,-10.063716,-14.655768
bb09b488-e875-448b-9801-156d15b3962c,1035,1775725519075104338,1775725519290353338,215.249,739.470654296875,800.5333618164062,-3.7364342,-12.766907
bb09b488-e875-448b-9801-156d15b3962c,1036,1775725519320353338,1775725519615728338,295.375,762.7933471679687,784.3682006835937,-2.21098,-11.738922
bb09b488-e875-448b-9801-156d15b3962c,1037,1775725519780853338,1775725519860853338,80.0,848.9148071289062,811.185400390625,3.4028137,-13.449393
bb09b488-e875-448b-9801-156d15b3962c,1038,1775725520176228338,1775725520256228338,80.0,816.98896484375,810.5264038085937,1.3183767,-13.415003
bb09b488-e875-448b-9801-156d15b3962c,1039,1775725520391353338,1775725520641605338,250.252,823.1207397460937,802.637548828125,1.7165357,-12.909344
bb09b488-e875-448b-9801-156d15b3962c,1040,1775725520956978338,1775725521041978338,85.0,770.2939575195312,787.9137329101562,-1.7241582,-11.967195
bb09b488-e875-448b-9801-156d15b3962c,1041,1775725521061978338,1775725521222228338,160.25,738.9774291992187,798.12900390625,-3.7671497,-12.612968
bb09b488-e875-448b-9801-156d15b3962c,1042,1775725521282228338,1775725521432353338,150.125,758.6300170898437,825.952978515625,-2.4985173,-14.398181
bb09b488-e875-448b-9801-156d15b3962c,1043,1775725521542485338,1775725521792727338,250.242,701.4090698242187,778.0082763671875,-6.195384,-11.309816
bb09b488-e875-448b-9801-156d15b3962c,1044,1775725521872727338,1775725521952852338,80.125,684.6455810546875,783.7988037109375,-7.28928,-11.669978
bb09b488-e875-448b-9801-156d15b3962c,1045,1775725522278102338,1775725522433352338,155.25,711.3049438476562,782.69443359375,-5.5566316,-11.614353
bb09b488-e875-448b-9801-156d15b3962c,1046,1775725522468352338,1775725522588477338,120.125,710.1271484375,776.831884765625,-5.628526,-11.23898
bb09b488-e875-448b-9801-156d15b3962c,1047,1775725522608477338,1775725522683477338,75.0,707.4069946289062,787.989599609375,-5.8143077,-11.950856
bb09b488-e875-448b-9801-156d15b3962c,1048,1775725522868727338,1775725522993852338,125.125,710.2630126953125,782.1274169921875,-5.623868,-11.5776005
bb09b488-e875-448b-9801-156d15b3962c,1049,1775725523058852338,1775725523153977338,95.125,709.7605712890625,794.8635009765625,-5.6671305,-12.391349
bb09b488-e875-448b-9801-156d15b3962c,1050,1775725523173977338,1775725523349102338,175.125,710.9998291015625,784.2341064453125,-5.5776825,-11.712633
bb09b488-e875-448b-9801-156d15b3962c,1051,1775725523464227338,1775725523589352338,125.125,707.8843505859375,792.6665405273437,-5.7873077,-12.249971
bb09b488-e875-448b-9801-156d15b3962c,1052,1775725523924726338,1775725524094851338,170.125,725.357373046875,787.7154296875,-4.6469736,-11.941725
bb09b488-e875-448b-9801-156d15b3962c,1053,1775725524229978338,1775725524315107338,85.129,676.5174682617187,792.78818359375,-7.8274307,-12.23823
bb09b488-e875-448b-9801-156d15b3962c,1054,1775725524945601338,1775725525055726338,110.125,729.833203125,793.5272583007812,-4.359696,-12.31522
bb09b488-e875-448b-9801-156d15b3962c,1055,1775725525095739338,1775725525200851338,105.112,722.7403686523437,785.0078491210937,-4.815249,-11.767472
bb09b488-e875-448b-9801-156d15b3962c,1056,1775725525245976338,1775725525340976338,95.0,719.3875244140625,785.757177734375,-5.033726,-11.813931
bb09b488-e875-448b-9801-156d15b3962c,1057,1775725525486101338,1775725525661351338,175.25,724.8551147460937,790.651708984375,-4.681671,-12.129281
bb09b488-e875-448b-9801-156d15b3962c,1058,1775725525806475338,1775725525906600338,100.125,721.12421875,788.7338623046875,-4.9229746,-12.0050335
bb09b488-e875-448b-9801-156d15b3962c,1059,1775725526752350338,1775725526827350338,75.0,597.3764770507812,694.63828125,-12.827128,-5.9303594
bb09b488-e875-448b-9801-156d15b3962c,1060,1775725527067600338,1775725527152725338,85.125,623.9620483398437,697.1425537109375,-11.122539,-6.104222
bb09b488-e875-448b-9801-156d15b3962c,1061,1775725527497975338,1775725527613100338,115.125,644.08515625,705.2556518554687,-9.8357315,-6.63184
bb09b488-e875-448b-9801-156d15b3962c,1062,1775725528218724338,1775725528313849338,95.125,773.735791015625,728.7822021484375,-1.4892886,-8.178495
bb09b488-e875-448b-9801-156d15b3962c,1063,1775725528328849338,1775725528428856338,100.007,789.3407104492187,724.4885620117187,-0.48108435,-7.9039903
bb09b488-e875-448b-9801-156d15b3962c,1064,1775725528624099338,1775725528754224338,130.125,740.2342041015625,727.0079711914062,-3.6523614,-8.059439
bb09b488-e875-448b-9801-156d15b3962c,1065,1775725528884349338,1775725528999474338,115.125,658.4610107421875,718.7134765625,-8.921251,-7.498297
bb09b488-e875-448b-9801-156d15b3962c,1066,1775725529014474338,1775725529094474338,80.0,671.8396118164062,716.7296508789062,-8.05797,-7.377949
bb09b488-e875-448b-9801-156d15b3962c,1067,1775725529519982338,1775725529599974338,79.992,650.6287353515625,729.9934448242187,-9.435749,-8.214163
bb09b488-e875-448b-9801-156d15b3962c,1068,1775725530240599338,1775725530340725338,100.126,651.5420654296875,734.223486328125,-9.380882,-8.484638
bb09b488-e875-448b-9801-156d15b3962c,1069,1775725532352597338,1775725532437598338,85.001,858.0316284179687,632.1635498046875,3.9323857,-1.9732826
bb09b488-e875-448b-9801-156d15b3962c,1070,1775725532477722338,1775725532622847338,145.125,875.6076171875,705.6230224609375,5.079352,-6.682964
bb09b488-e875-448b-9801-156d15b3962c,1071,1775725532642847338,1775725532822972338,180.125,881.7964599609375,694.1814331054687,5.473283,-5.9481177
bb09b488-e875-448b-9801-156d15b3962c,1072,1775725533128347338,1775725533253472338,125.125,898.2517822265625,688.0231689453125,6.529237,-5.5491734
bb09b488-e875-448b-9801-156d15b3962c,1073,1775725533293474338,1775725533383597338,90.123,891.8239868164062,615.0782836914062,6.0991197,-0.8751111
bb09b488-e875-448b-9801-156d15b3962c,1074,1775725533423597338,1775725533588722338,165.125,878.2984741210937,472.4955810546875,5.2646685,8.268271
bb09b488-e875-448b-9801-156d15b3962c,1075,1775725533934097338,1775725534054222338,120.125,808.0096557617187,495.1608642578125,0.72336483,6.8271837
bb09b488-e875-448b-9801-156d15b3962c,1076,1775725534084227338,1775725534199347338,115.12,791.7022216796875,513.5012573242187,-0.32761684,5.6498094
bb09b488-e875-448b-9801-156d15b3962c,1077,1775725534419482338,1775725534674728338,255.246,805.676220703125,553.4732421875,0.5710311,3.0819793
bb09b488-e875-448b-9801-156d15b3962c,1078,1775725534694721338,1775725535015096338,320.375,788.6455200195312,557.0686401367187,-0.52321976,2.8509755
bb09b488-e875-448b-9801-156d15b3962c,1079,1775725536341346338,1775725536426345338,84.999,768.0171630859375,557.9764770507812,-1.848454,2.7921333
bb09b488-e875-448b-9801-156d15b3962c,1080,1775725537307228338,1775725537447345338,140.117,853.0971801757812,425.2319091796875,3.6577368,11.303389
bb09b488-e875-448b-9801-156d15b3962c,1081,1775725537537470338,1775725537622470338,85.0,834.2727783203125,466.2583984375,2.4230437,8.679039
bb09b488-e875-448b-9801-156d15b3962c,1082,1775725537907729338,1775725538142970338,235.241,806.1572998046875,558.7839111328125,0.6018421,2.7407224
bb09b488-e875-448b-9801-156d15b3962c,1083,1775725538348220338,1775725538598486338,250.266,770.3008544921875,608.776953125,-1.700519,-0.47211632
bb09b488-e875-448b-9801-156d15b3962c,1084,1775725538613470338,1775725538768595338,155.125,751.720166015625,620.6901611328125,-2.893596,-1.2372272
bb09b488-e875-448b-9801-156d15b3962c,1085,1775725539093844338,1775725539384094338,290.25,765.00556640625,608.9433959960937,-2.0404506,-0.4827714
bb09b488-e875-448b-9801-156d15b3962c,1086,1775725539824594338,1775725539994719338,170.125,747.0868041992187,628.0026000976562,-3.1914263,-1.7067549
bb09b488-e875-448b-9801-156d15b3962c,1087,1775725540039727338,1775725540189848338,150.121,732.8870361328125,631.205908203125,-4.103256,-1.9117151
bb09b488-e875-448b-9801-156d15b3962c,1088,1775725540224969338,1775725540304969338,80.0,726.1375244140625,631.9748291015625,-4.536584,-1.960633
bb09b488-e875-448b-9801-156d15b3962c,1089,1775725540350094338,1775725540445094338,95.0,684.3591430664062,614.0458129882812,-7.2151246,-0.80819577
bb09b488-e875-448b-9801-156d15b3962c,1090,1775725540560219338,1775725540670344338,110.125,687.1834838867187,625.7568115234375,-7.0351696,-1.5587584
bb09b488-e875-448b-9801-156d15b3962c,1091,1775725540810468338,1775725540945593338,135.125,721.6348999023437,636.3680786132812,-4.826109,-2.242235
bb09b488-e875-448b-9801-156d15b3962c,1092,1775725541661218338,1775725541816468338,155.25,697.2635009765625,772.0264038085937,-6.459207,-10.925317
bb09b488-e875-448b-9801-156d15b3962c,1093,1775725541871468338,1775725541951593338,80.125,748.7393920898437,743.4074462890625,-3.108501,-9.112387
bb09b488-e875-448b-9801-156d15b3962c,1094,1775725541971593338,1775725542051593338,80.0,763.7622192382812,763.5575927734375,-2.1419063,-10.40638
bb09b488-e875-448b-9801-156d15b3962c,1095,1775725542081718338,1775725542201718338,120.0,761.0796630859375,765.9231323242187,-2.3165474,-10.557444
bb09b488-e875-448b-9801-156d15b3962c,1096,1775725542216843338,1775725542296843338,80.0,782.5752685546875,746.813330078125,-0.9201016,-9.33542
bb09b488-e875-448b-9801-156d15b3962c,1097,1775725542366968338,1775725542466973338,100.005,816.4127319335937,745.8080810546875,1.269616,-9.270452
bb09b488-e875-448b-9801-156d15b3962c,1098,1775725542932468338,1775725543052593338,120.125,924.9512451171875,495.917578125,8.25737,6.751321
bb09b488-e875-448b-9801-156d15b3962c,1099,1775725543147718338,1775725543317842338,170.124,827.727734375,521.3285278320312,1.9909728,5.145878
bb09b488-e875-448b-9801-156d15b3962c,1100,1775725543342854338,1775725543708217338,365.363,801.2926147460937,557.8387817382812,0.28931996,2.8015113
bb09b488-e875-448b-9801-156d15b3962c,1101,1775725543738217338,1775725543893342338,155.125,806.7862670898437,576.9632934570312,0.6419558,1.5724529
bb09b488-e875-448b-9801-156d15b3962c,1102,1775725543968467338,1775725544058467338,90.0,818.921337890625,467.1080688476562,1.4305489,8.626542
bb09b488-e875-448b-9801-156d15b3962c,1103,1775725544183592338,1775725544318719338,135.127,792.2830322265625,517.9078735351562,-0.29012594,5.366821
bb09b488-e875-448b-9801-156d15b3962c,1104,1775725544774220338,1775725544894342338,120.122,918.8950317382812,765.3844360351562,7.914857,-10.487147
bb09b488-e875-448b-9801-156d15b3962c,1105,1775725545124467338,1775725545234592338,110.125,790.03876953125,654.84970703125,-0.43384677,-3.4328735
bb09b488-e875-448b-9801-156d15b3962c,1106,1775725546040344338,1775725546300591338,260.247,849.4185913085937,751.7314819335937,3.4073012,-9.644342
bb09b488-e875-448b-9801-156d15b3962c,1107,1775725546355716338,1775725546515841338,160.125,675.566845703125,819.55966796875,-7.92362,-13.944732
bb09b488-e875-448b-9801-156d15b3962c,1108,1775725546831091338,1775725546986216338,155.125,594.688427734375,630.4427856445312,-12.960754,-1.8457355
bb09b488-e875-448b-9801-156d15b3962c,1109,1775725547691965338,1775725547837090338,145.125,1117.3533447265625,729.8666137695312,20.643166,-8.048127
bb09b488-e875-448b-9801-156d15b3962c,1110,1775725548647840338,1775725548857965338,210.125,726.9055908203125,793.7767700195312,-4.550415,-12.329973
bb09b488-e875-448b-9801-156d15b3962c,1111,1775725548913090338,1775725548993090338,80.0,762.2256591796875,787.2368530273437,-2.248833,-11.922442
bb09b488-e875-448b-9801-156d15b3962c,1112,1775725549163340338,1775725549343465338,180.125,829.09248046875,765.2448486328125,2.0948327,-10.514365
bb09b488-e875-448b-9801-156d15b3962c,1113,1775725549393468338,1775725549633715338,240.247,814.4363525390625,782.0575317382812,1.1468365,-11.593214
bb09b488-e875-448b-9801-156d15b3962c,1114,1775725550159214338,1775725550299339338,140.125,903.891796875,504.1737426757812,6.8974113,6.2309833
bb09b488-e875-448b-9801-156d15b3962c,1115,1775725550319339338,1775725550399464338,80.125,840.8894165039062,526.2239135742187,2.837035,4.830323
bb09b488-e875-448b-9801-156d15b3962c,1116,1775725550484464338,1775725550629714338,145.25,790.8331420898437,516.222265625,-0.38350144,5.475052
bb09b488-e875-448b-9801-156d15b3962c,1117,1775725550654714338,1775725550789839338,135.125,791.0072143554687,537.0760864257812,-0.371815,4.1355495
bb09b488-e875-448b-9801-156d15b3962c,1118,1775725552646590338,1775725553172088338,525.498,794.1189086914062,497.2948974609375,-0.1722437,6.690416
bb09b488-e875-448b-9801-156d15b3962c,1119,1775725553197088338,1775725553492338338,295.25,799.8117797851562,492.250341796875,0.19483113,7.0142283
bb09b488-e875-448b-9801-156d15b3962c,1120,1775725553657463338,1775725553757588338,100.125,728.7739379882812,821.9075073242187,-4.4493012,-14.128731
bb09b488-e875-448b-9801-156d15b3962c,1121,1775725553912713338,1775725554102962338,190.249,727.8556640625,809.50009765625,-4.499797,-13.335506
bb09b488-e875-448b-9801-156d15b3962c,1122,1775725554157962338,1775725554298088338,140.126,725.926220703125,798.3852294921875,-4.617433,-12.624197
bb09b488-e875-448b-9801-156d15b3962c,1123,1775725554318087338,1775725554403212338,85.125,724.160595703125,799.77744140625,-4.7334642,-12.712416
bb09b488-e875-448b-9801-156d15b3962c,1124,1775725554508228338,1775725554628337338,120.109,901.0518310546875,514.5499633789062,6.709766,5.56741
bb09b488-e875-448b-9801-156d15b3962c,1125,1775725554933723338,1775725555018712338,84.989,849.0685546875,445.3168701171875,3.3873024,10.01822
bb09b488-e875-448b-9801-156d15b3962c,1126,1775725555053843338,1775725555203962338,150.119,834.013134765625,508.2906860351562,2.3974714,5.982323
bb09b488-e875-448b-9801-156d15b3962c,1127,1775725555238977338,1775725555394087338,155.11,877.7795532226562,453.8314575195312,5.241596,9.463677
bb09b488-e875-448b-9801-156d15b3962c,1128,1775725555484212338,1775725555579218338,95.006,718.6775634765625,800.409033203125,-5.0911474,-12.750228
bb09b488-e875-448b-9801-156d15b3962c,1129,1775725555649337338,1775725555729462338,80.125,704.2669189453125,793.5764526367187,-6.0234613,-12.3061495
bb09b488-e875-448b-9801-156d15b3962c,1130,1775725555979712338,1775725556104711338,124.999,712.27265625,797.7510131835937,-5.5060883,-12.577165
bb09b488-e875-448b-9801-156d15b3962c,1131,1775725556415086338,1775725556540211338,125.125,882.8340576171875,406.33212890625,5.604006,12.499997
bb09b488-e875-448b-9801-156d15b3962c,1132,1775725556625211338,1775725556710336338,85.125,848.6571166992187,456.8356079101562,3.3561635,9.280226
bb09b488-e875-448b-9801-156d15b3962c,1133,1775725556725349338,1775725556995586338,270.237,857.8919189453125,475.8493408203125,3.945759,8.059254
bb09b488-e875-448b-9801-156d15b3962c,1134,1775725557335961338,1775725557571086338,235.125,694.548779296875,808.8385986328125,-6.6717625,-13.274861
bb09b488-e875-448b-9801-156d15b3962c,1135,1775725557591211338,1775725557701211338,110.0,703.4937255859375,804.1919311523437,-6.083847,-12.983766
bb09b488-e875-448b-9801-156d15b3962c,1136,1775725557771336338,1775725558051590338,280.254,701.6013916015625,810.1650756835937,-6.2132177,-13.364029
bb09b488-e875-448b-9801-156d15b3962c,1137,1775725558091586338,1775725558461960338,370.374,835.113232421875,807.9968017578125,2.5005527,-13.249638
bb09b488-e875-448b-9801-156d15b3962c,1138,1775725559217710338,1775725559467960338,250.25,910.1922119140625,583.390966796875,7.2772727,1.155784
bb09b488-e875-448b-9801-156d15b3962c,1139,1775725559487960338,1775725559753222338,265.262,898.605908203125,584.5536254882812,6.534312,1.0819429
bb09b488-e875-448b-9801-156d15b3962c,1140,1775725562090334338,1775725562165459338,75.125,725.5914428710937,766.9288696289062,-4.618478,-10.61203
bb09b488-e875-448b-9801-156d15b3962c,1141,1775725563416588338,1775725563491708338,75.12,721.9231689453125,773.0607666015625,-4.86026,-11.002963
bb09b488-e875-448b-9801-156d15b3962c,1142,1775725563957086338,1775725564227345338,270.259,721.0809448242187,791.6853393554687,-4.9279537,-12.193725
bb09b488-e875-448b-9801-156d15b3962c,1143,1775725564612708338,1775725564832970338,220.262,965.771435546875,527.878759765625,10.8586,4.6933575
bb09b488-e875-448b-9801-156d15b3962c,1144,1775725565278332338,1775725565748832338,470.5,806.0582397460937,371.2241271972656,0.60695106,14.769416
bb09b488-e875-448b-9801-156d15b3962c,1145,1775725565778832338,1775725565933957338,155.125,820.6710327148437,393.3393920898437,1.5587311,13.35278
bb09b488-e875-448b-9801-156d15b3962c,1146,1775725566134082338,1775725566444457338,310.375,874.906689453125,349.2464660644531,5.139881,16.15076
bb09b488-e875-448b-9801-156d15b3962c,1147,1775725566489457338,1775725566589582338,100.125,797.029736328125,352.7059387207031,0.015156189,15.953894
bb09b488-e875-448b-9801-156d15b3962c,1148,1775725567345331338,1775725567605588338,260.257,729.1067626953125,762.228125,-4.3879046,-10.312417
bb09b488-e875-448b-9801-156d15b3962c,1149,1775725567795706338,1775725567995831338,200.125,747.9688232421875,795.553076171875,-3.1801426,-12.451113
bb09b488-e875-448b-9801-156d15b3962c,1150,1775725568025956338,1775725568266081338,240.125,749.4046142578125,804.8150390625,-3.091159,-13.043994
bb09b488-e875-448b-9801-156d15b3962c,1151,1775725568281206338,1775725568541456338,260.25,730.48408203125,801.832373046875,-4.3229084,-12.846513
bb09b488-e875-448b-9801-156d15b3962c,1152,1775725568566456338,1775725568741581338,175.125,751.9318969726562,803.334814453125,-2.9256363,-12.950051
bb09b488-e875-448b-9801-156d15b3962c,1153,1775725568831706338,1775725569046830338,215.124,748.70380859375,798.128759765625,-3.1335335,-12.616103
bb09b488-e875-448b-9801-156d15b3962c,1154,1775725569111956338,1775725569206955338,94.999,739.4744995117187,798.6951049804687,-3.7351024,-12.649345
bb09b488-e875-448b-9801-156d15b3962c,1155,1775725569492330338,1775725569677455338,185.125,729.3841064453125,801.9669555664062,-4.3946867,-12.854654
bb09b488-e875-448b-9801-156d15b3962c,1156,1775725569722455338,1775725569822595338,100.14,732.9626586914062,799.3843139648437,-4.1597624,-12.6909895
bb09b488-e875-448b-9801-156d15b3962c,1157,1775725569837584338,1775725569942716338,105.132,731.16669921875,807.3231567382812,-4.2822075,-13.1978035
bb09b488-e875-448b-9801-156d15b3962c,1158,1775725569992705338,1775725570137830338,145.125,746.9948852539062,811.7682250976562,-3.2520373,-13.487888
bb09b488-e875-448b-9801-156d15b3962c,1159,1775725570693455338,1775725570948717338,255.262,760.18330078125,805.2116455078125,-2.3883257,-13.072224
bb09b488-e875-448b-9801-156d15b3962c,1160,1775725571133829338,1775725571278966338,145.137,753.4234130859375,803.4618896484375,-2.8284426,-12.958596
bb09b488-e875-448b-9801-156d15b3962c,1161,1775725571298954338,1775725571374079338,75.125,750.2608764648437,808.3531860351562,-3.0370708,-13.270531
bb09b488-e875-448b-9801-156d15b3962c,1162,1775725571739329338,1775725571894579338,155.25,737.4500854492187,797.6130737304687,-3.8663309,-12.579425
bb09b488-e875-448b-9801-156d15b3962c,1163,1775725572024704338,1775725572259829338,235.125,741.4727294921875,797.09580078125,-3.6040242,-12.547747
bb09b488-e875-448b-9801-156d15b3962c,1164,1775725572535079338,1775725572620204338,85.125,712.0701416015625,781.9475463867187,-5.5063343,-11.566973
bb09b488-e875-448b-9801-156d15b3962c,1165,1775725572735337338,1775725572855454338,120.117,694.26533203125,770.0005859375,-6.6518526,-10.794246
bb09b488-e875-448b-9801-156d15b3962c,1166,1775725573145704338,1775725573275828338,130.124,690.58515625,797.65537109375,-6.91782,-12.558429
bb09b488-e875-448b-9801-156d15b3962c,1167,1775725573506078338,1775725573626203338,120.125,655.9925048828125,775.5989135742187,-9.138929,-11.126774
bb09b488-e875-448b-9801-156d15b3962c,1168,1775725573641203338,1775725573881328338,240.125,653.9632080078125,775.5766357421875,-9.270445,-11.123802
bb09b488-e875-448b-9801-156d15b3962c,1169,1775725573951453338,1775725574051578338,100.125,708.7925537109375,788.679296875,-5.7248116,-11.995648
bb09b488-e875-448b-9801-156d15b3962c,1170,1775725574121578338,1775725574291711338,170.133,713.863720703125,791.6150268554687,-5.3974338,-12.185828
bb09b488-e875-448b-9801-156d15b3962c,1171,1775725574311828338,1775725574421828338,110.0,732.2022216796875,785.5952514648437,-4.2005525,-11.808809
bb09b488-e875-448b-9801-156d15b3962c,1172,1775725574627078338,1775725574772203338,145.125,756.72333984375,778.9930786132812,-2.603668,-11.393547
bb09b488-e875-448b-9801-156d15b3962c,1173,1775725574837328338,1775725575072453338,235.125,759.2544677734375,785.898046875,-2.4416285,-11.83613
bb09b488-e875-448b-9801-156d15b3962c,1174,1775725575197592338,1775725575397838338,200.246,750.6573608398437,791.1857055664062,-3.0030632,-12.172448
bb09b488-e875-448b-9801-156d15b3962c,1175,1775725575417827338,1775725575658077338,240.25,738.7230346679687,794.6753295898437,-3.7817047,-12.391984
bb09b488-e875-448b-9801-156d15b3962c,1176,1775725576328702338,1775725576408702338,80.0,694.2327392578125,776.2387451171875,-6.65955,-11.1928425
bb09b488-e875-448b-9801-156d15b3962c,1177,1775725576553837338,1775725576638958338,85.121,630.0506713867187,781.6315673828125,-10.829032,-11.489204
bb09b488-e875-448b-9801-156d15b3962c,1178,1775725576693952338,1775725576829077338,135.125,634.7110107421875,786.793310546875,-10.5346985,-11.821943
bb09b488-e875-448b-9801-156d15b3962c,1179,1775725577259577338,1775725577349577338,90.0,688.4083374023437,765.2992309570312,-7.0272536,-10.490617
bb09b488-e875-448b-9801-156d15b3962c,1180,1775725577394705338,1775725577584833338,190.128,702.6062744140625,761.1163696289062,-6.104099,-10.23051
bb09b488-e875-448b-9801-156d15b3962c,1181,1775725577649951338,1775725577770077338,120.126,707.5843017578125,773.817724609375,-5.791201,-11.045044
bb09b488-e875-448b-9801-156d15b3962c,1182,1775725577945201338,1775725578030201338,85.0,640.475048828125,788.1373657226562,-10.162659,-11.912737
bb09b488-e875-448b-9801-156d15b3962c,1183,1775725578380576338,1775725578485701338,105.125,632.4817016601562,779.2975219726562,-10.667914,-11.342901
bb09b488-e875-448b-9801-156d15b3962c,1184,1775725578505701338,1775725578690826338,185.125,632.9550903320312,785.8571533203125,-10.647185,-11.760752
bb09b488-e875-448b-9801-156d15b3962c,1185,1775725578785951338,1775725578906076338,120.125,710.771923828125,775.7577270507812,-5.585851,-11.170603
bb09b488-e875-448b-9801-156d15b3962c,1186,1775725578926076338,1775725579081201338,155.125,701.7912719726562,774.4049438476562,-6.1675305,-11.079707
bb09b488-e875-448b-9801-156d15b3962c,1187,1775725579636701338,1775725579711825338,75.124,645.0341918945312,766.6510986328125,-9.837466,-10.5480385
bb09b488-e875-448b-9801-156d15b3962c,1188,1775725579891957338,1775725579977075338,85.118,656.6922729492187,779.5459350585937,-9.098536,-11.378938
bb09b488-e875-448b-9801-156d15b3962c,1189,1775725579992075338,1775725580122207338,130.132,652.654248046875,787.6169189453125,-9.371251,-11.890095
bb09b488-e875-448b-9801-156d15b3962c,1190,1775725580232325338,1775725580362455338,130.13,654.3166625976562,790.6074584960937,-9.2674055,-12.082024
bb09b488-e875-448b-9801-156d15b3962c,1191,1775725580432461338,1775725580522575338,90.114,656.26142578125,792.6227172851562,-9.14384,-12.2120495
bb09b488-e875-448b-9801-156d15b3962c,1192,1775725581308335338,1775725581428459338,120.124,649.8911865234375,777.6055053710937,-9.537026,-11.249922
bb09b488-e875-448b-9801-156d15b3962c,1193,1775725581473450338,1775725581548575338,75.125,647.0389526367187,777.8561157226562,-9.722268,-11.263582
bb09b488-e875-448b-9801-156d15b3962c,1194,1775725581573579338,1775725581653699338,80.12,655.8718994140625,773.1301025390625,-9.14369,-10.969276
bb09b488-e875-448b-9801-156d15b3962c,1195,1775725581853836338,1775725582189199338,335.363,707.3335083007812,776.5373291015625,-5.809622,-11.218797
bb09b488-e875-448b-9801-156d15b3962c,1196,1775725582259199338,1775725582384328338,125.129,692.5481079101562,778.1697143554687,-6.770657,-11.315252
bb09b488-e875-448b-9801-156d15b3962c,1197,1775725582614574338,1775725582744699338,130.125,731.1771362304687,790.9521850585937,-4.270569,-12.15107
bb09b488-e875-448b-9801-156d15b3962c,1198,1775725582784707338,1775725582894824338,110.117,718.1660888671875,760.7930053710937,-5.095956,-10.216549
bb09b488-e875-448b-9801-156d15b3962c,1199,1775725583720573338,1775725583940823338,220.25,719.9600952148437,768.945654296875,-4.9849176,-10.738908
bb09b488-e875-448b-9801-156d15b3962c,1200,1775725584075957338,1775725584226073338,150.116,716.4759033203125,771.5686401367187,-5.212684,-10.905251
bb09b488-e875-448b-9801-156d15b3962c,1201,1775725584856698338,1775725584981698338,125.0,792.3715942382812,784.1717895507812,-0.28759876,-11.729525
bb09b488-e875-448b-9801-156d15b3962c,1202,1775725584996823338,1775725585086823338,90.0,783.865185546875,781.5380004882812,-0.8404206,-11.560471
bb09b488-e875-448b-9801-156d15b3962c,1203,1775725585151948338,1775725585347073338,195.125,765.934765625,772.3232788085937,-2.0033352,-10.968218
bb09b488-e875-448b-9801-156d15b3962c,1204,1775725585562323338,1775725585652323338,90.0,897.6187255859375,466.257177734375,6.515809,8.660311
bb09b488-e875-448b-9801-156d15b3962c,1205,1775725585692461338,1775725585807573338,115.112,800.8034790039062,433.6183837890625,0.2602507,10.774923
bb09b488-e875-448b-9801-156d15b3962c,1206,1775725585892573338,1775725585992708338,100.135,786.97333984375,414.990576171875,-0.63906664,11.968205
bb09b488-e875-448b-9801-156d15b3962c,1207,1775725586037697338,1775725586388072338,350.375,788.731640625,495.5925048828125,-0.5196203,6.799617
bb09b488-e875-448b-9801-156d15b3962c,1208,1775725586413072338,1775725586528201338,115.129,836.413037109375,489.7831176757812,2.5557065,7.1697516
bb09b488-e875-448b-9801-156d15b3962c,1209,1775725586568204338,1775725586703322338,135.118,808.6198852539062,522.0500854492187,0.76129967,5.1006007
bb09b488-e875-448b-9801-156d15b3962c,1210,1775725586778447338,1775725587223822338,445.375,785.4525268554687,504.4252075195312,-0.7305229,6.2324653
bb09b488-e875-448b-9801-156d15b3962c,1211,1775725587243822338,1775725587323947338,80.125,798.99970703125,478.0728515625,0.14260069,7.924139
bb09b488-e875-448b-9801-156d15b3962c,1212,1775725587368947338,1775725587809450338,440.503,820.1795166015625,411.5641235351562,1.5223534,12.186177
bb09b488-e875-448b-9801-156d15b3962c,1213,1775725587834447338,1775725588199821338,365.374,794.5130737304687,383.6392883300781,-0.14934891,13.975509
bb09b488-e875-448b-9801-156d15b3962c,1214,1775725588214822338,1775725588339946338,125.124,773.3556640625,384.5715698242187,-1.532708,13.914105
bb09b488-e875-448b-9801-156d15b3962c,1215,1775725588480078338,1775725588635197338,155.119,818.0700805664062,392.3516906738281,1.3891511,13.416389
bb09b488-e875-448b-9801-156d15b3962c,1216,1775725588700196338,1775725589040571338,340.375,872.6488159179687,408.4445556640625,4.9393396,12.369977
bb09b488-e875-448b-9801-156d15b3962c,1217,1775725589225696338,1775725589340821338,115.125,847.1959350585937,645.4272216796875,3.2379875,-2.825649
bb09b488-e875-448b-9801-156d15b3962c,1218,1775725589525949338,1775725589661071338,135.122,844.15302734375,655.0755981445312,3.0436347,-3.4454205
bb09b488-e875-448b-9801-156d15b3962c,1219,1775725589791196338,1775725590181570338,390.374,839.7342041015625,655.0669311523437,2.7597241,-3.4452155
bb09b488-e875-448b-9801-156d15b3962c,1220,1775725590351820338,1775725590571949338,220.129,798.9939086914062,649.9136108398437,0.14165811,-3.1157613
bb09b488-e875-448b-9801-156d15b3962c,1221,1775725591227570338,1775725591402820338,175.25,673.9572265625,790.0893920898437,-7.9906516,-12.064218
bb09b488-e875-448b-9801-156d15b3962c,1222,1775725591417820338,1775725591507822338,90.002,685.9729125976562,783.39365234375,-7.2026663,-11.644946
bb09b488-e875-448b-9801-156d15b3962c,1223,1775725591683070338,1775725591848195338,165.125,684.4611328125,785.5414794921875,-7.3030906,-11.781119
bb09b488-e875-448b-9801-156d15b3962c,1224,1775725592088445338,1775725592193445338,105.0,700.3614013671875,777.4870971679687,-6.2629347,-11.275951
bb09b488-e875-448b-9801-156d15b3962c,1225,1775725592263570338,1775725592473819338,210.249,702.9256713867187,780.7554077148437,-6.0992765,-11.486185
bb09b488-e875-448b-9801-156d15b3962c,1226,1775725592628948338,1775725592764069338,135.121,698.2375,783.584326171875,-6.40628,-11.664405
bb09b488-e875-448b-9801-156d15b3962c,1227,1775725593074319338,1775725593159444338,85.125,704.2515991210937,761.6403564453125,-5.9979234,-10.264791
bb09b488-e875-448b-9801-156d15b3962c,1228,1775725593534695338,1775725593804944338,270.249,708.68330078125,778.0358642578125,-5.7232,-11.31526
bb09b488-e875-448b-9801-156d15b3962c,1229,1775725593830069338,1775725594060194338,230.125,722.2268798828125,779.8429321289062,-4.8450627,-11.436926
bb09b488-e875-448b-9801-156d15b3962c,1230,1775725594120319338,1775725594205319338,85.0,716.4753540039062,769.41123046875,-5.2112293,-10.767253
bb09b488-e875-448b-9801-156d15b3962c,1231,1775725594350454338,1775725594540693338,190.239,729.2375,779.0758422851562,-4.3892226,-11.390631
bb09b488-e875-448b-9801-156d15b3962c,1232,1775725594630823338,1775725594740818338,109.995,701.1126220703125,757.2170166015625,-6.1978636,-9.980443
bb09b488-e875-448b-9801-156d15b3962c,1233,1775725594916070338,1775725595006068338,89.998,699.3942993164062,769.4217895507812,-6.31884,-10.759945
bb09b488-e875-448b-9801-156d15b3962c,1234,1775725595086193338,1775725595166318338,80.125,701.95966796875,774.8392700195312,-6.1569643,-11.1075535
bb09b488-e875-448b-9801-156d15b3962c,1235,1775725595556693338,1775725595636693338,80.0,716.4449584960937,762.1809448242187,-5.2083607,-10.304671
bb09b488-e875-448b-9801-156d15b3962c,1236,1775725596062068338,1775725596227318338,165.25,711.9492309570312,750.484228515625,-5.4918885,-9.554402
bb09b488-e875-448b-9801-156d15b3962c,1237,1775725596267318338,1775725596447451338,180.133,723.80732421875,812.1459716796875,-4.766044,-13.502716
bb09b488-e875-448b-9801-156d15b3962c,1238,1775725596567568338,1775725596692692338,125.124,749.471142578125,809.5620483398437,-3.0892193,-13.347596
bb09b488-e875-448b-9801-156d15b3962c,1239,1775725596722697338,1775725596802817338,80.12,735.7397583007812,786.1874755859375,-3.970901,-11.847973
bb09b488-e875-448b-9801-156d15b3962c,1240,1775725597398323338,1775725597578567338,180.244,908.3396728515625,548.1334594726562,7.1654143,3.4146094
bb09b488-e875-448b-9801-156d15b3962c,1241,1775725597603567338,1775725598259192338,655.625,913.8089111328125,568.848974609375,7.5112405,2.0869436
bb09b488-e875-448b-9801-156d15b3962c,1242,1775725598649567338,1775725598739566338,89.999,592.1134155273437,796.377294921875,-13.316266,-12.385434
bb09b488-e875-448b-9801-156d15b3962c,1243,1775725599765566338,1775725599845704338,80.138,831.7453125,798.2009643554687,2.2772875,-12.623774
bb09b488-e875-448b-9801-156d15b3962c,1244,1775725600356066338,1775725600461191338,105.125,781.4482543945312,763.8046630859375,-0.9951039,-10.424357
bb09b488-e875-448b-9801-156d15b3962c,1245,1775725601141815338,1775725601271940338,130.125,766.9591186523437,768.5571044921875,-1.9358667,-10.727153
bb09b488-e875-448b-9801-156d15b3962c,1246,1775725601717440338,1775725601812440338,95.0,774.1323364257812,766.1993774414062,-1.4699795,-10.577087
bb09b488-e875-448b-9801-156d15b3962c,1247,1775725602373065338,1775725602453065338,80.0,734.66669921875,767.5607055664062,-4.030317,-10.655614
bb09b488-e875-448b-9801-156d15b3962c,1248,1775725602588189338,1775725602668319338,80.13,728.7063110351562,774.35751953125,-4.420853,-11.088545
bb09b488-e875-448b-9801-156d15b3962c,1249,1775725602728314338,1775725602863439338,135.125,745.4160278320312,773.2851928710937,-3.3356457,-11.025297
bb09b488-e875-448b-9801-156d15b3962c,1250,1775725603293814338,1775725603393939338,100.125,726.9098022460937,769.1509155273437,-4.5343094,-10.75472
bb09b488-e875-448b-9801-156d15b3962c,1251,1775725604494938338,1775725604625064338,130.126,763.120556640625,783.601904296875,-2.1894648,-11.68993
bb09b488-e875-448b-9801-156d15b3962c,1252,1775725604885315338,1775725604960438338,75.123,782.6838500976562,795.5956176757812,-0.919159,-12.460396
bb09b488-e875-448b-9801-156d15b3962c,1253,1775725605631063338,1775725605751188338,120.125,770.0994995117187,774.8161376953125,-1.7335702,-11.128515
bb09b488-e875-448b-9801-156d15b3962c,1254,1775725606216563338,1775725606301688338,85.125,789.0633056640625,784.0860961914062,-0.5027224,-11.723937
bb09b488-e875-448b-9801-156d15b3962c,1255,1775725608193442338,1775725608298570338,105.128,876.8979614257812,479.5546630859375,5.170733,7.816516
bb09b488-e875-448b-9801-156d15b3962c,1256,1775725608338565338,1775725608643816338,305.251,871.154248046875,561.8607543945312,4.7758455,2.5395668
bb09b488-e875-448b-9801-156d15b3962c,1257,1775725608688937338,1775725608844061338,155.124,862.8392456054687,508.1907104492187,4.253596,5.9842906
bb09b488-e875-448b-9801-156d15b3962c,1258,1775725608874066338,1775725609104311338,230.245,841.9069946289062,570.3447021484375,2.8973184,1.996833
bb09b488-e875-448b-9801-156d15b3962c,1259,1775725609129318338,1775725609329561338,200.243,807.2575805664062,614.6386474609375,0.6721111,-0.8489105
bb09b488-e875-448b-9801-156d15b3962c,1260,1775725609419573338,1775725609584811338,165.238,713.05341796875,781.5590576171875,-5.4421644,-11.542603
bb09b488-e875-448b-9801-156d15b3962c,1261,1775725609704811338,1775725609779941338,75.13,705.626171875,789.5776733398437,-5.931473,-12.051396
bb09b488-e875-448b-9801-156d15b3962c,1262,1775725609814936338,1775725610120311338,305.375,739.515087890625,810.756201171875,-3.7397401,-13.420569
bb09b488-e875-448b-9801-156d15b3962c,1263,1775725610275436338,1775725610360436338,85.0,816.0721557617187,497.775,1.2429441,6.658949
bb09b488-e875-448b-9801-156d15b3962c,1264,1775725610495561338,1775725610570685338,75.124,789.46064453125,647.5837768554687,-0.47086638,-2.9660437
bb09b488-e875-448b-9801-156d15b3962c,1265,1775725610755810338,1775725610830948338,75.138,778.1008422851562,678.3727172851562,-1.2024889,-4.9435062
bb09b488-e875-448b-9801-156d15b3962c,1266,1775725610900936338,1775725610976060338,75.124,749.6656616210937,675.2414306640625,-3.0313334,-4.740233
bb09b488-e875-448b-9801-156d15b3962c,1267,1775725610991061338,1775725611086194338,95.133,756.88837890625,684.466162109375,-2.5681987,-5.333162
bb09b488-e875-448b-9801-156d15b3962c,1268,1775725611756810338,1775725611851810338,95.0,1086.7315185546875,740.81650390625,18.700272,-8.771451
bb09b488-e875-448b-9801-156d15b3962c,1269,1775725612502435338,1775725612672684338,170.249,557.6495788574218,837.0109008789062,-15.661405,-14.906068
bb09b488-e875-448b-9801-156d15b3962c,1270,1775725612877810338,1775725613093059338,215.249,696.455517578125,775.9535888671875,-6.5150642,-11.175849
bb09b488-e875-448b-9801-156d15b3962c,1271,1775725613538434338,1775725613748684338,210.25,675.5293090820312,784.0607055664062,-7.8815393,-11.680661
bb09b488-e875-448b-9801-156d15b3962c,1272,1775725614319196338,1775725614494309338,175.113,711.7957885742187,762.688330078125,-5.509934,-10.335189
bb09b488-e875-448b-9801-156d15b3962c,1273,1775725615220058338,1775725615315058338,95.0,1201.0373046875,664.105078125,25.881668,-3.874575
bb09b488-e875-448b-9801-156d15b3962c,1274,1775725615430183338,1775725615510308338,80.125,1041.8345458984375,649.164892578125,15.710657,-3.0223382
bb09b488-e875-448b-9801-156d15b3962c,1275,1775725615595308338,1775725615715437338,120.129,1020.4196899414062,600.1025756835937,14.329873,0.08478314
bb09b488-e875-448b-9801-156d15b3962c,1276,1775725615740558338,1775725616005808338,265.25,1035.746044921875,606.7565673828125,15.308707,-0.33700836
bb09b488-e875-448b-9801-156d15b3962c,1277,1775725616731433338,1775725616806444338,75.011,778.9556396484375,760.4387573242187,-1.1562486,-10.208468
bb09b488-e875-448b-9801-156d15b3962c,1278,1775725617131808338,1775725617266932338,135.124,780.6895263671875,774.0454467773437,-1.0457361,-11.080362
bb09b488-e875-448b-9801-156d15b3962c,1279,1775725617582182338,1775725617677307338,95.125,763.9638793945312,789.5117553710937,-2.136483,-12.0683975
bb09b488-e875-448b-9801-156d15b3962c,1280,1775725618002557338,1775725618082682338,80.125,764.3262451171875,790.5476440429687,-2.113233,-12.134773
bb09b488-e875-448b-9801-156d15b3962c,1281,1775725618708307338,1775725618823439338,115.132,804.2490356445312,605.1362060546875,0.47893283,-0.23820284
bb09b488-e875-448b-9801-156d15b3962c,1282,1775725618843432338,1775725618963557338,120.125,798.1241577148437,624.102880859375,0.08573253,-1.4571866
bb09b488-e875-448b-9801-156d15b3962c,1283,1775725619564056338,1775725619769306338,205.25,641.55341796875,427.2557739257812,-10.075915,11.117963
bb09b488-e875-448b-9801-156d15b3962c,1284,1775725621470805338,1775725621560930338,90.125,627.5338256835937,627.60751953125,-10.857992,-1.6703773
bb09b488-e875-448b-9801-156d15b3962c,1285,1775725623232563338,1775725623372686338,140.123,807.0213745117187,586.8118041992187,0.6569617,0.9395061
bb09b488-e875-448b-9801-156d15b3962c,1286,1775725623497804338,1775725623672929338,175.125,804.512646484375,580.1059326171875,0.49593318,1.3704978
bb09b488-e875-448b-9801-156d15b3962c,1287,1775725624093304338,1775725624173429338,80.125,962.37763671875,777.7948364257812,10.74625,-11.244915
bb09b488-e875-448b-9801-156d15b3962c,1288,1775725625569678338,1775725625674814338,105.136,600.1036499023437,571.709814453125,-12.614764,1.8925838
bb09b488-e875-448b-9801-156d15b3962c,1289,1775725626825803338,1775725626920928338,95.125,606.5798461914062,633.3603271484375,-12.200767,-2.0337024
bb09b488-e875-448b-9801-156d15b3962c,1290,1775725626996056338,1775725627116178338,120.122,719.1458862304687,621.7783569335937,-4.9843645,-1.3058091
bb09b488-e875-448b-9801-156d15b3962c,1291,1775725627331302338,1775725627411432338,80.13,705.308544921875,592.0580810546875,-5.87149,0.6011932
bb09b488-e875-448b-9801-156d15b3962c,1292,1775725627631566338,1775725627741677338,110.111,851.3497436523437,793.564306640625,3.55191,-12.321668
bb09b488-e875-448b-9801-156d15b3962c,1293,1775725628207177338,1775725628287177338,80.0,662.3807495117187,554.3700927734375,-8.630858,3.011239
bb09b488-e875-448b-9801-156d15b3962c,1294,1775725628332302338,1775725628442427338,110.125,680.8337524414062,535.0412353515625,-7.4534297,4.252414
bb09b488-e875-448b-9801-156d15b3962c,1295,1775725629138052338,1775725629243177338,105.125,646.2583740234375,546.9610961914062,-9.667408,3.481354
bb09b488-e875-448b-9801-156d15b3962c,1296,1775725629598426338,1775725629688564338,90.138,800.3486450195312,787.9714111328125,0.23122922,-11.972809
bb09b488-e875-448b-9801-156d15b3962c,1297,1775725630133926338,1775725630299056338,165.13,661.38837890625,538.256201171875,-8.700459,4.0417643
bb09b488-e875-448b-9801-156d15b3962c,1298,1775725630399181338,1775725630549301338,150.12,666.0306518554687,548.787939453125,-8.398571,3.369134
bb09b488-e875-448b-9801-156d15b3962c,1299,1775725630789551338,1775725630909676338,120.125,878.4693725585937,777.656591796875,5.304673,-11.293424
bb09b488-e875-448b-9801-156d15b3962c,1300,1775725631094801338,1775725631174926338,80.125,871.9923217773437,786.6875366210937,4.8904014,-11.873812
bb09b488-e875-448b-9801-156d15b3962c,1301,1775725633081675338,1775725633181800338,100.125,843.1739624023437,802.2389282226562,3.0237246,-12.879134
bb09b488-e875-448b-9801-156d15b3962c,1302,1775725635038549338,1775725635123674338,85.125,712.3291748046875,629.6223510742187,-5.422528,-1.8086613
bb09b488-e875-448b-9801-156d15b3962c,1303,1775725635173674338,1775725635278799338,105.125,743.65546875,645.680029296875,-3.4133322,-2.8417752
bb09b488-e875-448b-9801-156d15b3962c,1304,1775725635589049338,1775725635664177338,75.128,747.2932861328125,546.4755004882812,-3.1810715,3.5296094
bb09b488-e875-448b-9801-156d15b3962c,1305,1775725636059548338,1775725636249673338,190.125,747.2556274414062,445.011083984375,-3.210182,10.038827
bb09b488-e875-448b-9801-156d15b3962c,1306,1775725636595048338,1775725636675048338,80.0,883.3543212890625,787.3168701171875,5.629414,-11.908632
bb09b488-e875-448b-9801-156d15b3962c,1307,1775725637460805338,1775725637560933338,100.128,640.0603759765625,507.824072265625,-10.087349,5.9787035
bb09b488-e875-448b-9801-156d15b3962c,1308,1775725638701922338,1775725638787047338,85.125,939.3894165039062,659.743994140625,9.158703,-3.7281835
bb09b488-e875-448b-9801-156d15b3962c,1309,1775725638802047338,1775725638902172338,100.125,945.7459838867187,663.140478515625,9.567762,-3.9434574
bb09b488-e875-448b-9801-156d15b3962c,1310,1775725639272547338,1775725639372547338,100.0,645.1591918945312,549.6283935546875,-9.736823,3.3106472
bb09b488-e875-448b-9801-156d15b3962c,1311,1775725639392547338,1775725639472672338,80.125,664.3771484375,542.1052612304687,-8.507095,3.7963145
bb09b488-e875-448b-9801-156d15b3962c,1312,1775725639757921338,1775725639848046338,90.125,1020.6341064453125,772.0080932617187,14.504999,-10.817462
bb09b488-e875-448b-9801-156d15b3962c,1313,1775725640313427338,1775725640393546338,80.119,650.207470703125,590.2462524414062,-9.403825,0.7152369
bb09b488-e875-448b-9801-156d15b3962c,1314,1775725640984046338,1775725641169296338,185.25,724.4148681640625,556.8968872070312,-4.649125,2.8584409
bb09b488-e875-448b-9801-156d15b3962c,1315,1775725641239296338,1775725641499546338,260.25,727.4575927734375,554.3066162109375,-4.4541507,3.024995
bb09b488-e875-448b-9801-156d15b3962c,1316,1775725641794795338,1775725641869920338,75.125,881.7785766601562,808.5231689453125,5.5450478,-13.264383
bb09b488-e875-448b-9801-156d15b3962c,1317,1775725641889921338,1775725641985045338,95.124,885.0984008789062,809.207373046875,5.7621794,-13.306198
bb09b488-e875-448b-9801-156d15b3962c,1318,1775725642105170338,1775725642210295338,105.125,857.10810546875,810.9341186523437,3.93744,-13.430255
bb09b488-e875-448b-9801-156d15b3962c,1319,1775725642345420338,1775725642490548338,145.128,862.12861328125,811.8989624023437,4.265767,-13.4898205
bb09b488-e875-448b-9801-156d15b3962c,1320,1775725642515545338,1775725642720670338,205.125,830.6986206054687,803.0834106445312,2.2107613,-12.936384
bb09b488-e875-448b-9801-156d15b3962c,1321,1775725642825795338,1775725642925920338,100.125,816.4763305664062,797.7892211914062,1.2823542,-12.60008
bb09b488-e875-448b-9801-156d15b3962c,1322,1775725643166170338,1775725643251179338,85.009,662.3552368164062,605.128515625,-8.625108,-0.23648162
bb09b488-e875-448b-9801-156d15b3962c,1323,1775725643496420338,1775725643586545338,90.125,736.4858520507812,537.02451171875,-3.877184,4.1352696
bb09b488-e875-448b-9801-156d15b3962c,1324,1775725643911794338,1775725644192045338,280.251,740.4594848632812,478.8161376953125,-3.6370687,7.870447
bb09b488-e875-448b-9801-156d15b3962c,1325,1775725644412294338,1775725644612544338,200.25,890.0974243164062,802.2005981445312,6.081327,-12.855808
bb09b488-e875-448b-9801-156d15b3962c,1326,1775725645152929338,1775725645243044338,90.115,867.9621704101562,805.290380859375,4.641523,-13.064847
bb09b488-e875-448b-9801-156d15b3962c,1327,1775725645423294338,1775725645628419338,205.125,635.5446899414062,427.4210571289062,-10.465037,11.102376
bb09b488-e875-448b-9801-156d15b3962c,1328,1775725645658420338,1775725645753543338,95.123,657.3032958984375,400.3265747070312,-9.091351,12.847271
bb09b488-e875-448b-9801-156d15b3962c,1329,1775725646649418338,1775725646864556338,215.138,863.1878784179687,812.9560913085937,4.335667,-13.556907
bb09b488-e875-448b-9801-156d15b3962c,1330,1775725646879543338,1775725647039793338,160.25,870.031689453125,816.0365966796875,4.7848887,-13.750516
bb09b488-e875-448b-9801-156d15b3962c,1331,1775725647460168338,1775725647560293338,100.125,865.6849487304687,813.5421508789062,4.4991136,-13.593224
bb09b488-e875-448b-9801-156d15b3962c,1332,1775725647715418338,1775725647840542338,125.124,854.0835693359375,800.4090942382812,3.73375,-12.758499
bb09b488-e875-448b-9801-156d15b3962c,1333,1775725647855542338,1775725648085792338,230.25,855.2171752929687,811.5311645507812,3.814401,-13.469167
bb09b488-e875-448b-9801-156d15b3962c,1334,1775725648290917338,1775725648496167338,205.25,858.1998413085937,814.3713745117187,4.0109806,-13.649504
bb09b488-e875-448b-9801-156d15b3962c,1335,1775725648666292338,1775725648746303338,80.011,849.57978515625,820.6959594726562,3.451752,-14.057102
bb09b488-e875-448b-9801-156d15b3962c,1336,1775725648951547338,1775725649036667338,85.12,855.6389892578125,814.9562744140625,3.844126,-13.68793
bb09b488-e875-448b-9801-156d15b3962c,1337,1775725649056667338,1775725649271792338,215.125,843.7701538085937,820.5468505859375,3.071823,-14.049589
bb09b488-e875-448b-9801-156d15b3962c,1338,1775725649316917338,1775725649462042338,145.125,817.7408569335937,818.5883544921875,1.3692889,-13.9305525
bb09b488-e875-448b-9801-156d15b3962c,1339,1775725649572167338,1775725649702304338,130.137,789.2246826171875,814.3351806640625,-0.49468327,-13.659941
bb09b488-e875-448b-9801-156d15b3962c,1340,1775725649722291338,1775725649827417338,105.126,792.2027709960937,811.3781494140625,-0.29995456,-13.4708805
bb09b488-e875-448b-9801-156d15b3962c,1341,1775725649907416338,1775725650127666338,220.25,793.8343017578125,820.2782348632812,-0.19375196,-14.040218
bb09b488-e875-448b-9801-156d15b3962c,1342,1775725650482916338,1775725650748166338,265.25,771.9593017578125,815.7113403320312,-1.6230441,-13.746158
bb09b488-e875-448b-9801-156d15b3962c,1343,1775725650843291338,1775725651013416338,170.125,778.8592651367187,818.3358520507812,-1.1726956,-13.914987
bb09b488-e875-448b-9801-156d15b3962c,1344,1775725651233666338,1775725651318791338,85.125,773.4506958007812,823.1916870117187,-1.5275991,-14.22477
bb09b488-e875-448b-9801-156d15b3962c,1345,1775725651433916338,1775725651584040338,150.124,893.57978515625,809.1183837890625,6.3151517,-13.295379
bb09b488-e875-448b-9801-156d15b3962c,1346,1775725652124540338,1775725652204540338,80.0,829.486279296875,814.7302001953125,2.1357317,-13.681633
bb09b488-e875-448b-9801-156d15b3962c,1347,1775725652885165338,1775725652970294338,85.129,658.4883544921875,489.019873046875,-8.916292,7.188186
bb09b488-e875-448b-9801-156d15b3962c,1348,1775725653255540338,1775725653445790338,190.25,725.579541015625,459.9352172851562,-4.6064296,9.076617
bb09b488-e875-448b-9801-156d15b3962c,1349,1775725653485790338,1775725653585915338,100.125,780.40791015625,459.00546875,-1.0601068,9.146805
bb09b488-e875-448b-9801-156d15b3962c,1350,1775725653625914338,1775725653731040338,105.126,791.9708374023437,535.2282470703125,-0.30988565,4.254272
bb09b488-e875-448b-9801-156d15b3962c,1351,1775725653761039338,1775725654036289338,275.25,786.4969604492187,499.3954223632812,-0.66349137,6.5554237
bb09b488-e875-448b-9801-156d15b3962c,1352,1775725654246539338,1775725654341539338,95.0,866.9736450195312,803.4601806640625,4.575742,-12.948323
bb09b488-e875-448b-9801-156d15b3962c,1353,1775725654401664338,1775725654511789338,110.125,858.539013671875,805.0055297851562,4.0269566,-13.050694
bb09b488-e875-448b-9801-156d15b3962c,1354,1775725654992164338,1775725655107289338,115.125,856.2916381835937,796.686865234375,3.8754013,-12.519648
bb09b488-e875-448b-9801-156d15b3962c,1355,1775725655297421338,1775725655372539338,75.118,865.2763793945312,810.0439819335937,4.469853,-13.369869
bb09b488-e875-448b-9801-156d15b3962c,1356,1775725655572790338,1775725655712913338,140.123,855.5481689453125,803.5654052734375,3.8310733,-12.959778
bb09b488-e875-448b-9801-156d15b3962c,1357,1775725655752913338,1775725655913038338,160.125,840.1739013671875,815.7804931640625,2.834385,-13.746008
bb09b488-e875-448b-9801-156d15b3962c,1358,1775725655938038338,1775725656033163338,95.125,846.03291015625,808.671240234375,3.2133784,-13.289608
bb09b488-e875-448b-9801-156d15b3962c,1359,1775725656153288338,1775725656273413338,120.125,858.2266357421875,807.6113037109375,4.008269,-13.217399
bb09b488-e875-448b-9801-156d15b3962c,1360,1775725656393538338,1775725656623663338,230.125,841.4775512695312,819.5173095703125,2.9214084,-13.984511
bb09b488-e875-448b-9801-156d15b3962c,1361,1775725656858920338,1775725656969038338,110.118,834.9410522460937,819.6349853515625,2.4941323,-13.993923
bb09b488-e875-448b-9801-156d15b3962c,1362,1775725656994038338,1775725657084163338,90.125,819.1085327148437,825.9052490234375,1.4605334,-14.398222
bb09b488-e875-448b-9801-156d15b3962c,1363,1775725657244288338,1775725657354413338,110.125,814.9909790039062,823.1691650390625,1.1904404,-14.223882
bb09b488-e875-448b-9801-156d15b3962c,1364,1775725657374417338,1775725657504538338,130.121,820.8281982421875,821.6600708007812,1.5719475,-14.126497
bb09b488-e875-448b-9801-156d15b3962c,1365,1775725657524538338,1775725657629663338,105.125,820.9179809570312,808.29208984375,1.5743176,-13.271481
bb09b488-e875-448b-9801-156d15b3962c,1366,1775725657759787338,1775725657834788338,75.001,781.5606201171875,808.0194458007812,-0.9943252,-13.255347
bb09b488-e875-448b-9801-156d15b3962c,1367,1775725657849913338,1775725657969920338,120.007,779.025341796875,810.3012451171875,-1.1602305,-13.40107
bb09b488-e875-448b-9801-156d15b3962c,1368,1775725658190162338,1775725658285287338,95.125,811.7461059570312,805.1628173828125,0.9752553,-13.072469
bb09b488-e875-448b-9801-156d15b3962c,1369,1775725658390412338,1775725658470412338,80.0,796.7241333007812,801.1310180664062,-0.0046513584,-12.815244
bb09b488-e875-448b-9801-156d15b3962c,1370,1775725658485412338,1775725658600537338,115.125,805.5771606445312,789.30673828125,0.57151604,-12.05809
bb09b488-e875-448b-9801-156d15b3962c,1371,1775725658715662338,1775725658810787338,95.125,856.665234375,816.8044799804687,3.9123664,-13.805635
bb09b488-e875-448b-9801-156d15b3962c,1372,1775725659321287338,1775725659416287338,95.0,702.8147094726562,818.69345703125,-6.142956,-13.909215
bb09b488-e875-448b-9801-156d15b3962c,1373,1775725660041919338,1775725660172036338,130.117,750.8740356445312,830.2433227539062,-3.0085275,-14.670112
bb09b488-e875-448b-9801-156d15b3962c,1374,1775725660187036338,1775725660287169338,100.133,746.4857299804687,815.2194580078125,-3.287199,-13.708373
bb09b488-e875-448b-9801-156d15b3962c,1375,1775725660537415338,1775725660902661338,365.246,922.7508056640625,496.3608764648437,8.11548,6.7238975
bb09b488-e875-448b-9801-156d15b3962c,1376,1775725660942786338,1775725661052911338,110.125,860.8536499023437,582.02646484375,4.1127024,1.2458333
bb09b488-e875-448b-9801-156d15b3962c,1377,1775725661248047338,1775725661418161338,170.114,810.6693237304687,647.3224243164062,0.89176995,-2.9491253
bb09b488-e875-448b-9801-156d15b3962c,1378,1775725661453286338,1775725661853540338,400.254,785.7140625,663.067236328125,-0.71204716,-3.9607172
bb09b488-e875-448b-9801-156d15b3962c,1379,1775725661868661338,1775725662018785338,150.124,774.3391235351562,662.9330200195312,-1.4433281,-3.9517286
bb09b488-e875-448b-9801-156d15b3962c,1380,1775725662158911338,1775725662334036338,175.125,812.2940795898437,584.4924072265625,0.9955068,1.088534
bb09b488-e875-448b-9801-156d15b3962c,1381,1775725662364035338,1775725662459160338,95.125,761.9424560546875,575.5443481445312,-2.2376382,1.6632193
bb09b488-e875-448b-9801-156d15b3962c,1382,1775725662629285338,1775725662709410338,80.125,803.7906616210937,554.2231811523437,0.44986355,3.0338197
bb09b488-e875-448b-9801-156d15b3962c,1383,1775725662744414338,1775725662999660338,255.246,766.9697998046875,556.6908325195312,-1.9158201,2.8746898
bb09b488-e875-448b-9801-156d15b3962c,1384,1775725663154795338,1775725663470160338,315.365,824.3762329101562,525.2786010742187,1.7748928,4.892464
bb09b488-e875-448b-9801-156d15b3962c,1385,1775725663520160338,1775725663685285338,165.125,852.9626586914062,558.3124145507812,3.6083272,2.768897
bb09b488-e875-448b-9801-156d15b3962c,1386,1775725663705289338,1775725663965535338,260.246,854.4356201171875,574.6960815429687,3.7013,1.7167884
bb09b488-e875-448b-9801-156d15b3962c,1387,1775725664010673338,1775725664250784338,240.111,803.1628540039062,650.260595703125,0.40953812,-3.138028
bb09b488-e875-448b-9801-156d15b3962c,1388,1775725664340909338,1775725664426034338,85.125,790.9011352539062,639.6560424804687,-0.37821487,-2.456655
bb09b488-e875-448b-9801-156d15b3962c,1389,1775725664466034338,1775725664791296338,325.262,777.3977783203125,657.0246337890625,-1.2463592,-3.5723186
bb09b488-e875-448b-9801-156d15b3962c,1390,1775725664901409338,1775725664996534338,95.125,796.7573364257812,644.23984375,-0.0020490566,-2.7512138
bb09b488-e875-448b-9801-156d15b3962c,1391,1775725665146659338,1775725665221798338,75.139,748.5124633789062,814.6353515625,-3.1544816,-13.671688
bb09b488-e875-448b-9801-156d15b3962c,1392,1775725665522034338,1775725665652159338,130.125,776.2371948242187,788.3015502929687,-1.3375764,-11.992828
bb09b488-e875-448b-9801-156d15b3962c,1393,1775725666317783338,1775725666482908338,165.125,773.7676513671875,774.3514770507812,-1.4952649,-11.099241
bb09b488-e875-448b-9801-156d15b3962c,1394,1775725666517914338,1775725666643033338,125.119,715.9729736328125,784.3945678710937,-5.254635,-11.725255
bb09b488-e875-448b-9801-156d15b3962c,1395,1775725666783158338,1775725666903292338,120.134,723.8817260742187,785.8352416992187,-4.741633,-11.820871
bb09b488-e875-448b-9801-156d15b3962c,1396,1775725667438783338,1775725667588908338,150.125,1000.2171142578125,675.1279052734375,13.065727,-4.687067
bb09b488-e875-448b-9801-156d15b3962c,1397,1775725667619033338,1775725667834158338,215.125,970.6096313476562,663.564306640625,11.161751,-3.962657
bb09b488-e875-448b-9801-156d15b3962c,1398,1775725668234538338,1775725668374658338,140.12,739.124951171875,801.133642578125,-3.7593155,-12.80517
bb09b488-e875-448b-9801-156d15b3962c,1399,1775725668740032338,1775725668815157338,75.125,763.8744018554687,790.4213012695312,-2.142603,-12.126604
bb09b488-e875-448b-9801-156d15b3962c,1400,1775725669215532338,1775725669315532338,100.0,747.5389526367187,796.7340454101562,-3.2087202,-12.526539
bb09b488-e875-448b-9801-156d15b3962c,1401,1775725669410657338,1775725669485785338,75.128,740.559765625,782.4545654296875,-3.655517,-11.610747
bb09b488-e875-448b-9801-156d15b3962c,1402,1775725670721912338,1775725670812031338,90.119,764.2588623046875,798.7352661132812,-2.1202886,-12.658744
bb09b488-e875-448b-9801-156d15b3962c,1403,1775725671347531338,1775725671462531338,115.0,757.5529296875,794.1020874023437,-2.5554128,-12.360818
bb09b488-e875-448b-9801-156d15b3962c,1404,1775725672203281338,1775725672313406338,110.125,735.4275024414062,802.7975219726562,-4.0013433,-12.910191
bb09b488-e875-448b-9801-156d15b3962c,1405,1775725673949905338,1775725674095034338,145.129,708.2864501953125,781.423193359375,-5.7516885,-11.531606
bb09b488-e875-448b-9801-156d15b3962c,1406,1775725676172029338,1775725676312154338,140.125,803.785595703125,800.810888671875,0.45567605,-12.794569
bb09b488-e875-448b-9801-156d15b3962c,1407,1775725676607403338,1775725676697528338,90.125,778.4485595703125,811.3598388671875,-1.1980971,-13.468722
bb09b488-e875-448b-9801-156d15b3962c,1408,1775725677047778338,1775725677127903338,80.125,723.7530639648437,784.8614868164062,-4.749324,-11.758539
bb09b488-e875-448b-9801-156d15b3962c,1409,1775725678869527338,1775725678954532338,85.005,898.3131225585937,632.3197998046875,6.5170927,-1.9799966
bb09b488-e875-448b-9801-156d15b3962c,1410,1775725678969652338,1775725679064652338,95.0,870.4388549804687,624.5400146484375,4.7279863,-1.4831823
bb09b488-e875-448b-9801-156d15b3962c,1411,1775725679119777338,1775725679214777338,95.0,834.0970581054687,668.0328125,2.3989127,-4.2782526
bb09b488-e875-448b-9801-156d15b3962c,1412,1775725679254902338,1775725679400027338,145.125,824.3191040039062,694.0383666992187,1.7729735,-5.9486575
bb09b488-e875-448b-9801-156d15b3962c,1413,1775725679450039338,1775725679715277338,265.238,826.641064453125,707.7997802734375,1.9244808,-6.8316164
bb09b488-e875-448b-9801-156d15b3962c,1414,1775725679760277338,1775725679840402338,80.125,739.4624145507812,731.3225463867187,-3.7037723,-8.335801
bb09b488-e875-448b-9801-156d15b3962c,1415,1775725680170777338,1775725680255777338,85.0,742.1282470703125,772.2594360351562,-3.54857,-10.958696
bb09b488-e875-448b-9801-156d15b3962c,1416,1775725681056526338,1775725681136651338,80.125,769.8538330078125,775.5177978515625,-1.7496895,-11.173417
bb09b488-e875-448b-9801-156d15b3962c,1417,1775725681557026338,1775725681727151338,170.125,880.5798461914062,475.0809692382812,5.410568,8.101909
bb09b488-e875-448b-9801-156d15b3962c,1418,1775725681752151338,1775725681987413338,235.262,856.1914794921875,491.2577880859375,3.8306499,7.0716767
bb09b488-e875-448b-9801-156d15b3962c,1419,1775725682022401338,1775725682152538338,130.137,859.4824340820312,583.17880859375,4.024641,1.1718965
bb09b488-e875-448b-9801-156d15b3962c,1420,1775725682242651338,1775725682347776338,105.125,1110.24873046875,825.2106079101562,20.458027,-14.025458
bb09b488-e875-448b-9801-156d15b3962c,1421,1775725683023400338,1775725683118525338,95.125,922.0363891601562,763.834814453125,8.116654,-10.386224
bb09b488-e875-448b-9801-156d15b3962c,1422,1775725683308650338,1775725683393775338,85.125,715.9135864257812,705.27353515625,-5.212315,-6.660363
bb09b488-e875-448b-9801-156d15b3962c,1423,1775725683408775338,1775725683563900338,155.125,744.0484130859375,697.32529296875,-3.3974793,-6.1566777
bb09b488-e875-448b-9801-156d15b3962c,1424,1775725684309525338,1775725684424650338,115.125,785.7417114257812,801.757177734375,-0.7206942,-12.854976
bb09b488-e875-448b-9801-156d15b3962c,1425,1775725685295530338,1775725685430649338,135.119,726.2512329101562,540.2375854492187,-4.5342894,3.927741
bb09b488-e875-448b-9801-156d15b3962c,1426,1775725685745899338,1775725686031149338,285.25,855.6436279296875,474.5195678710937,3.8011024,8.145048
bb09b488-e875-448b-9801-156d15b3962c,1427,1775725686051161338,1775725686161274338,110.113,871.2893188476562,440.6672729492187,4.829326,10.308893
bb09b488-e875-448b-9801-156d15b3962c,1428,1775725686947023338,1775725687027148338,80.125,797.659619140625,793.3202270507812,0.056301247,-12.315295
bb09b488-e875-448b-9801-156d15b3962c,1429,1775725687637648338,1775725687717779338,80.131,832.7849853515625,814.9301513671875,2.3512993,-13.693641
bb09b488-e875-448b-9801-156d15b3962c,1430,1775725688253273338,1775725688413398338,160.125,888.7736938476562,560.9418701171875,5.906836,2.5966601
bb09b488-e875-448b-9801-156d15b3962c,1431,1775725688753773338,1775725688903897338,150.124,820.1707885742187,815.1239379882812,1.5272576,-13.708612
bb09b488-e875-448b-9801-156d15b3962c,1432,1775725689074022338,1775725689164147338,90.125,823.6314208984375,806.4633544921875,1.7508916,-13.154028
bb09b488-e875-448b-9801-156d15b3962c,1433,1775725689189147338,1775725689459397338,270.25,812.8166625976562,799.6789306640625,1.0442061,-12.721438
bb09b488-e875-448b-9801-156d15b3962c,1434,1775725689474397338,1775725689594522338,120.125,803.2824829101562,800.88193359375,0.42288432,-12.799146
bb09b488-e875-448b-9801-156d15b3962c,1435,1775725690180022338,1775725690360272338,180.25,857.3546875,485.38388671875,3.9076262,7.4480953
bb09b488-e875-448b-9801-156d15b3962c,1436,1775725690395272338,1775725690580397338,185.125,819.595654296875,463.765234375,1.4746445,8.840874
bb09b488-e875-448b-9801-156d15b3962c,1437,1775725690835646338,1775725690915772338,80.126,648.483837890625,822.925390625,-9.697236,-14.13442
bb09b488-e875-448b-9801-156d15b3962c,1438,1775725692917658338,1775725693032770338,115.112,768.3208740234375,809.1366943359375,-1.8587198,-13.324988
bb09b488-e875-448b-9801-156d15b3962c,1439,1775725693087770338,1775725693212910338,125.14,778.5905883789062,810.3718627929687,-1.1886305,-13.405537
bb09b488-e875-448b-9801-156d15b3962c,1440,1775725693903520338,1775725693988650338,85.13,799.5533569335937,805.4943603515625,0.17989351,-13.094435
bb09b488-e875-448b-9801-156d15b3962c,1441,1775725694018645338,1775725694093773338,75.128,806.1209228515625,806.473486328125,0.60843325,-13.156801
bb09b488-e875-448b-9801-156d15b3962c,1442,1775725695410020338,1775725695495019338,84.999,822.3391235351562,807.2150024414062,1.6667778,-13.202338
bb09b488-e875-448b-9801-156d15b3962c,1443,1775725695845403338,1775725695930394338,84.991,728.876171875,809.2721313476562,-4.433038,-13.321388
bb09b488-e875-448b-9801-156d15b3962c,1444,1775725696070519338,1775725696155644338,85.125,720.9314697265625,818.446630859375,-4.9590793,-13.903819
bb09b488-e875-448b-9801-156d15b3962c,1445,1775725696175644338,1775725696295769338,120.125,697.0027587890625,799.669775390625,-6.5021553,-12.691085
bb09b488-e875-448b-9801-156d15b3962c,1446,1775725696576019338,1775725696651144338,75.125,1066.6104248046875,782.75107421875,17.49932,-11.436072
bb09b488-e875-448b-9801-156d15b3962c,1447,1775725697812143338,1775725697997393338,185.25,823.6765258789062,759.1374267578125,1.7422855,-10.123918
bb09b488-e875-448b-9801-156d15b3962c,1448,1775725698547893338,1775725698643018338,95.125,927.993359375,688.6031860351562,8.441184,-5.576699
bb09b488-e875-448b-9801-156d15b3962c,1449,1775725698988268338,1775725699068398338,80.13,907.6203125,691.1171020507812,7.1330256,-5.744462
bb09b488-e875-448b-9801-156d15b3962c,1450,1775725699178518338,1775725699433767338,255.249,758.5153930664062,807.36728515625,-2.497998,-13.209715
bb09b488-e875-448b-9801-156d15b3962c,1451,1775725699453768338,1775725699558900338,105.132,755.4128540039062,795.7178100585937,-2.6954315,-12.46368
bb09b488-e875-448b-9801-156d15b3962c,1452,1775725699984267338,1775725700064267338,80.0,730.287060546875,801.091650390625,-4.335237,-12.799077
bb09b488-e875-448b-9801-156d15b3962c,1453,1775725700084276338,1775725700279519338,195.243,737.349560546875,789.2986206054687,-3.8679974,-12.047572
bb09b488-e875-448b-9801-156d15b3962c,1454,1775725700364642338,1775725700444642338,80.0,736.8619506835937,799.9128173828125,-3.9060483,-12.7262745
bb09b488-e875-448b-9801-156d15b3962c,1455,1775725700945142338,1775725701090267338,145.125,728.0959594726562,789.066259765625,-4.469778,-12.029233
bb09b488-e875-448b-9801-156d15b3962c,1456,1775725701230392338,1775725701370517338,140.125,723.871044921875,799.5351928710937,-4.752145,-12.696802
bb09b488-e875-448b-9801-156d15b3962c,1457,1775725701690767338,1775725701765891338,75.124,718.0442016601562,797.18515625,-5.129827,-12.54388
bb09b488-e875-448b-9801-156d15b3962c,1458,1775725701795891338,1775725702011141338,215.25,738.3082397460937,799.945654296875,-3.811826,-12.72891
bb09b488-e875-448b-9801-156d15b3962c,1459,1775725702251391338,1775725702626641338,375.25,709.3505981445312,809.3224243164062,-5.7069163,-13.314804
bb09b488-e875-448b-9801-156d15b3962c,1460,1775725702671766338,1775725702761891338,90.125,737.5474365234375,798.1424926757812,-3.8603134,-12.613317
bb09b488-e875-448b-9801-156d15b3962c,1461,1775725702836891338,1775725703012023338,175.132,760.8753173828125,808.4784301757812,-2.344442,-13.28135
bb09b488-e875-448b-9801-156d15b3962c,1462,1775725703107141338,1775725703327391338,220.25,742.9029052734375,801.4335083007812,-3.5132647,-12.82566
bb09b488-e875-448b-9801-156d15b3962c,1463,1775725703382391338,1775725703557516338,175.125,748.962353515625,797.8605102539062,-3.1165605,-12.599021
bb09b488-e875-448b-9801-156d15b3962c,1464,1775725703902898338,1775725704013015338,110.117,753.4412353515625,806.1040405273437,-2.8284905,-13.127596
bb09b488-e875-448b-9801-156d15b3962c,1465,1775725704603515338,1775725704718640338,115.125,725.027783203125,790.2470458984375,-4.670155,-12.1034775
bb09b488-e875-448b-9801-156d15b3962c,1466,1775725704808765338,1775725704903890338,95.125,743.951611328125,808.240087890625,-3.4487057,-13.261283
bb09b488-e875-448b-9801-156d15b3962c,1467,1775725704998890338,1775725705114015338,115.125,748.9992797851562,814.1750244140625,-3.1224344,-13.642414
bb09b488-e875-448b-9801-156d15b3962c,1468,1775725705399265338,1775725705474390338,75.125,740.6231811523437,803.9523681640625,-3.6633239,-12.985958
bb09b488-e875-448b-9801-156d15b3962c,1469,1775725705499390338,1775725705644515338,145.125,720.0859497070312,801.0218872070312,-4.9998827,-12.790075
bb09b488-e875-448b-9801-156d15b3962c,1470,1775725706410264338,1775725706500273338,90.009,764.9195068359375,815.1485961914062,-2.0828457,-13.708852
bb09b488-e875-448b-9801-156d15b3962c,1471,1775725706690514338,1775725706805639338,115.125,731.1646850585937,809.4895385742187,-4.283867,-13.336271
bb09b488-e875-448b-9801-156d15b3962c,1472,1775725706975764338,1775725707080889338,105.125,703.209912109375,812.3085083007812,-6.110478,-13.501863
bb09b488-e875-448b-9801-156d15b3962c,1473,1775725707591389338,1775725707671389338,80.0,707.789013671875,807.1322998046875,-5.806685,-13.174034
bb09b488-e875-448b-9801-156d15b3962c,1474,1775725708171888338,1775725708257013338,85.125,715.9415405273437,809.749609375,-5.2773385,-13.345676
bb09b488-e875-448b-9801-156d15b3962c,1475,1775725708797517338,1775725708907513338,109.996,985.560498046875,668.5019287109375,12.122431,-4.2717843
bb09b488-e875-448b-9801-156d15b3962c,1476,1775725708937646338,1775725709307888338,370.242,915.4095581054687,662.76865234375,7.6214457,-3.9276385
bb09b488-e875-448b-9801-156d15b3962c,1477,1775725709323013338,1775725709538138338,215.125,912.4038208007812,664.524267578125,7.4291415,-4.040733
bb09b488-e875-448b-9801-156d15b3962c,1478,1775725709578138338,1775725709768388338,190.25,864.3841064453125,641.8662475585937,4.341241,-2.5956426
bb09b488-e875-448b-9801-156d15b3962c,1479,1775725709928513338,1775725710088640338,160.127,712.4990356445312,806.9482177734375,-5.499395,-13.164888
bb09b488-e875-448b-9801-156d15b3962c,1480,1775725710268887338,1775725710414012338,145.125,759.103955078125,811.5664428710937,-2.4613132,-13.478435
bb09b488-e875-448b-9801-156d15b3962c,1481,1775725710694262338,1775725710814387338,120.125,769.6560180664062,799.1018432617187,-1.7686911,-12.683189
bb09b488-e875-448b-9801-156d15b3962c,1482,1775725710844387338,1775725710924513338,80.126,768.6541259765625,808.1191162109375,-1.8366582,-13.259957
bb09b488-e875-448b-9801-156d15b3962c,1483,1775725711039512338,1775725711144637338,105.125,759.7611206054687,807.9013427734375,-2.4169238,-13.244173
bb09b488-e875-448b-9801-156d15b3962c,1484,1775725711194762338,1775725711269762338,75.0,750.3912475585937,812.847021484375,-3.030835,-13.557932
bb09b488-e875-448b-9801-156d15b3962c,1485,1775725711710141338,1775725711885387338,175.246,1077.4441650390625,649.5672973632812,17.984598,-3.0341747
bb09b488-e875-448b-9801-156d15b3962c,1486,1775725713231636338,1775725713341761338,110.125,911.4241455078125,721.1723999023437,7.395298,-7.6660194
bb09b488-e875-448b-9801-156d15b3962c,1487,1775725713356761338,1775725713526886338,170.125,910.15205078125,707.5641845703125,7.3047433,-6.7960925
bb09b488-e875-448b-9801-156d15b3962c,1488,1775725713807144338,1775725713892261338,85.117,751.4248168945312,829.6265625,-2.9721158,-14.630873
bb09b488-e875-448b-9801-156d15b3962c,1489,1775725714087386338,1775725714162511338,75.125,732.3132446289062,832.08603515625,-4.2256327,-14.780549
bb09b488-e875-448b-9801-156d15b3962c,1490,1775725714402761338,1775725714733010338,330.249,966.338330078125,663.8285278320312,10.888175,-3.9809482
bb09b488-e875-448b-9801-156d15b3962c,1491,1775725714753010338,1775725714828135338,75.125,965.176708984375,664.253515625,10.8139515,-4.0084395
bb09b488-e875-448b-9801-156d15b3962c,1492,1775725715033260338,1775725715178385338,145.125,911.8017700195312,646.5119384765625,7.3850803,-2.887476
bb09b488-e875-448b-9801-156d15b3962c,1493,1775725715744010338,1775725715859010338,115.0,735.3783081054687,822.9145874023437,-4.0181456,-14.196001
bb09b488-e875-448b-9801-156d15b3962c,1494,1775725715919135338,1775725716009260338,90.125,740.1068237304687,818.8795532226562,-3.706238,-13.940046
bb09b488-e875-448b-9801-156d15b3962c,1495,1775725716059260338,1775725716164385338,105.125,745.626416015625,809.5200561523437,-3.3401263,-13.343689
bb09b488-e875-448b-9801-156d15b3962c,1496,1775725716284510338,1775725716389521338,105.011,731.8850219726562,821.9097045898437,-4.245864,-14.1302805
bb09b488-e875-448b-9801-156d15b3962c,1497,1775725717070259338,1775725717170259338,100.0,763.1043212890625,822.6213745117187,-2.2043204,-14.1862955
bb09b488-e875-448b-9801-156d15b3962c,1498,1775725717435520338,1775725717510634338,75.114,782.1960571289062,838.383154296875,-0.9581184,-15.197095
bb09b488-e875-448b-9801-156d15b3962c,1499,1775725718341384338,1775725718461509338,120.125,757.0909545898437,814.8817504882812,-2.5942013,-13.689939
bb09b488-e875-448b-9801-156d15b3962c,1500,1775725719212258338,1775725719312258338,100.0,712.8136108398437,811.3166259765625,-5.4828315,-13.444093
bb09b488-e875-448b-9801-156d15b3962c,1501,1775725720533383338,1775725720618508338,85.125,747.3023803710937,813.9013427734375,-3.2331245,-13.624369
bb09b488-e875-448b-9801-156d15b3962c,1502,1775725720713632338,1775725720788632338,75.0,738.5149658203125,804.7931884765625,-3.8012938,-13.03896
bb09b488-e875-448b-9801-156d15b3962c,1503,1775725720843766338,1775725720928758338,84.992,742.331005859375,810.6276611328125,-3.555851,-13.413378
bb09b488-e875-448b-9801-156d15b3962c,1504,1775725721569382338,1775725721679507338,110.125,729.6250122070312,805.1935791015625,-4.381252,-13.061022
bb09b488-e875-448b-9801-156d15b3962c,1505,1775725721914757338,1775725722009757338,95.0,702.204296875,804.7637084960937,-6.168439,-13.019515
bb09b488-e875-448b-9801-156d15b3962c,1506,1775725722225016338,1775725722335141338,110.125,711.2818725585937,802.6356567382812,-5.574882,-12.888737
bb09b488-e875-448b-9801-156d15b3962c,1507,1775725723846506338,1775725723966636338,120.13,1048.6386840820312,582.0978759765625,16.133883,1.2240449
bb09b488-e875-448b-9801-156d15b3962c,1508,1775725724071756338,1775725724176881338,105.125,870.7141845703125,718.207373046875,4.769186,-7.490716
bb09b488-e875-448b-9801-156d15b3962c,1509,1775725725513130338,1775725725628255338,115.125,859.0908325195312,685.3506225585937,4.0095396,-5.3866763
bb09b488-e875-448b-9801-156d15b3962c,1510,1775725725698255338,1775725725858380338,160.125,807.7605102539062,681.9623779296875,0.70600927,-5.174264
bb09b488-e875-448b-9801-156d15b3962c,1511,1775725725933513338,1775725726033630338,100.117,810.7566650390625,717.7972778320312,0.9011751,-7.474378
bb09b488-e875-448b-9801-156d15b3962c,1512,1775725726183755338,1775725726278755338,95.0,781.8857543945312,757.8130859375,-0.96600044,-10.040439
bb09b488-e875-448b-9801-156d15b3962c,1513,1775725726298880338,1775725726408880338,110.0,773.886181640625,775.3039916992187,-1.4877654,-11.160262
bb09b488-e875-448b-9801-156d15b3962c,1514,1775725726794255338,1775725726869380338,75.125,746.1600463867187,805.5795043945312,-3.303168,-13.091881
bb09b488-e875-448b-9801-156d15b3962c,1515,1775725727064513338,1775725727149629338,85.116,748.4058959960937,818.1406005859375,-3.1633472,-13.895753
bb09b488-e875-448b-9801-156d15b3962c,1516,1775725727219633338,1775725727329757338,110.124,753.2484252929687,805.1565307617187,-2.8406277,-13.066943
bb09b488-e875-448b-9801-156d15b3962c,1517,1775725727740129338,1775725727830254338,90.125,743.3413208007812,807.0641235351562,-3.4878495,-13.185884
bb09b488-e875-448b-9801-156d15b3962c,1518,1775725727920389338,1775725728010379338,89.99,757.5255859375,805.099951171875,-2.561635,-13.064444
bb09b488-e875-448b-9801-156d15b3962c,1519,1775725729031379338,1775725729166507338,135.128,760.6875122070312,811.1489013671875,-2.357747,-13.452111
bb09b488-e875-448b-9801-156d15b3962c,1520,1775725729511878338,1775725729586882338,75.004,731.7776000976562,819.7705444335937,-4.251294,-13.993561
bb09b488-e875-448b-9801-156d15b3962c,1521,1775725730017253338,1775725730092378338,75.125,1014.1792114257812,723.8856567382812,14.01104,-7.77449
bb09b488-e875-448b-9801-156d15b3962c,1522,1775725731804002338,1775725731899002338,95.0,738.4146850585937,773.1756958007812,-3.7900512,-11.016227
bb09b488-e875-448b-9801-156d15b3962c,1523,1775725732509627338,1775725732584752338,75.125,787.2720458984375,810.4025634765625,-0.62182724,-13.408255
bb09b488-e875-448b-9801-156d15b3962c,1524,1775725733345376338,1775725733715753338,370.377,970.518994140625,568.4074462890625,11.144526,2.1068263
bb09b488-e875-448b-9801-156d15b3962c,1525,1775725733760751338,1775725734066126338,305.375,981.8303955078125,562.8971313476562,11.870233,2.4559104
bb09b488-e875-448b-9801-156d15b3962c,1526,1775725734206251338,1775725734291251338,85.0,706.6425903320312,792.9621948242187,-5.868348,-12.268201
bb09b488-e875-448b-9801-156d15b3962c,1527,1775725734391376338,1775725734481505338,90.129,780.0030029296875,806.998876953125,-1.0957946,-13.189894
bb09b488-e875-448b-9801-156d15b3962c,1528,1775725734591630338,1775725734676626338,84.996,788.9778564453125,797.6159423828125,-0.5093545,-12.590115
bb09b488-e875-448b-9801-156d15b3962c,1529,1775725734711751338,1775725734786762338,75.011,791.1569946289062,805.6896118164062,-0.36787397,-13.106887
bb09b488-e875-448b-9801-156d15b3962c,1530,1775725734851876338,1775725734926880338,75.004,798.2249877929687,812.9347900390625,0.09331404,-13.570499
bb09b488-e875-448b-9801-156d15b3962c,1531,1775725735007001338,1775725735102015338,95.014,811.2464721679687,822.7714599609375,0.94537324,-14.19889
bb09b488-e875-448b-9801-156d15b3962c,1532,1775725735442375338,1775725735547505338,105.13,632.8022583007812,799.77744140625,-10.679546,-12.64615
bb09b488-e875-448b-9801-156d15b3962c,1533,1775725736253125338,1775725736398250338,145.125,774.4331176757812,805.4027465820312,-1.4588532,-13.087092
bb09b488-e875-448b-9801-156d15b3962c,1534,1775725736423250338,1775725736513380338,90.13,776.022900390625,810.3007568359375,-1.35625,-13.400673
bb09b488-e875-448b-9801-156d15b3962c,1535,1775725736533375338,1775725736613500338,80.125,761.5265014648437,795.3398803710937,-2.2971153,-12.440916
bb09b488-e875-448b-9801-156d15b3962c,1536,1775725737629375338,1775725737719499338,90.124,669.7386596679687,785.3041137695312,-8.258983,-11.755902
bb09b488-e875-448b-9801-156d15b3962c,1537,1775725738820499338,1775725738910624338,90.125,560.1870849609375,761.6689819335937,-15.312792,-10.150214
bb09b488-e875-448b-9801-156d15b3962c,1538,1775725739461123338,1775725739561248338,100.125,762.3928344726562,764.3215698242187,-2.2309172,-10.455086
bb09b488-e875-448b-9801-156d15b3962c,1539,1775725739771373338,1775725740186753338,415.38,791.2083862304687,739.4451049804687,-0.3610711,-8.863345
