recording id,saccade id,start timestamp [ns],end timestamp [ns],duration [ms],amplitude [deg],mean velocity [px/s],peak velocity [px/s]
bb09b488-e875-448b-9801-156d15b3962c,1,1775725052584178338,1775725052999548338,415.37,9.844173,2372.8137,5846.7856
bb09b488-e875-448b-9801-156d15b3962c,2,1775725053259797338,1775725053344922338,85.125,3.4935107,1573.1566,3000.5276
bb09b488-e875-448b-9801-156d15b3962c,3,1775725053435049338,1775725053755308338,320.259,4.3359585,1431.7765,2872.7986
bb09b488-e875-448b-9801-156d15b3962c,4,1775725053935420338,1775725054025545338,90.125,1.9055029,1330.9768,2167.3396
bb09b488-e875-448b-9801-156d15b3962c,5,1775725054155669338,1775725054330794338,175.125,1.7265657,1220.3687,1971.7047
bb09b488-e875-448b-9801-156d15b3962c,6,1775725054536059338,1775725054566043338,29.984,1.1132078,1285.4642,1831.9255
bb09b488-e875-448b-9801-156d15b3962c,7,1775725054676167338,1775725054891291338,215.124,30.229149,5487.9175,12818.448
bb09b488-e875-448b-9801-156d15b3962c,8,1775725055036551338,1775725055201665338,165.114,11.925341,1819.3223,3616.514
bb09b488-e875-448b-9801-156d15b3962c,9,1775725055406790338,1775725055461915338,55.125,4.940426,2323.7544,4439.947
bb09b488-e875-448b-9801-156d15b3962c,10,1775725055722163338,1775725056132550338,410.387,55.733387,4076.2693,10173.643
bb09b488-e875-448b-9801-156d15b3962c,11,1775725056227537338,1775725056257662338,30.125,4.052337,2265.1196,3606.101
bb09b488-e875-448b-9801-156d15b3962c,12,1775725056487786338,1775725056943284338,455.498,45.360104,4425.9478,19244.383
bb09b488-e875-448b-9801-156d15b3962c,13,1775725057063409338,1775725057984161338,920.752,10.194221,2223.9812,8207.504
bb09b488-e875-448b-9801-156d15b3962c,14,1775725058114280338,1775725058219405338,105.125,1.2544166,1377.8508,2209.7307
bb09b488-e875-448b-9801-156d15b3962c,15,1775725058379529338,1775725058404654338,25.125,1.5683002,1093.4021,1496.721
bb09b488-e875-448b-9801-156d15b3962c,16,1775725058554778338,1775725058875027338,320.249,26.644081,3582.4297,9526.997
bb09b488-e875-448b-9801-156d15b3962c,17,1775725059065276338,1775725060061148338,995.872,11.089926,1720.9159,4954.101
bb09b488-e875-448b-9801-156d15b3962c,18,1775725060211276338,1775725060256275338,44.999,2.1783576,1742.4932,2740.9722
bb09b488-e875-448b-9801-156d15b3962c,19,1775725060366397338,1775725060446521338,80.124,2.1297512,1481.5383,2266.234
bb09b488-e875-448b-9801-156d15b3962c,20,1775725060546646338,1775725060806901338,260.255,2.5901062,1702.1384,3214.5671
bb09b488-e875-448b-9801-156d15b3962c,21,1775725060901895338,1775725061012019338,110.124,21.965168,3877.7688,8512.784
bb09b488-e875-448b-9801-156d15b3962c,22,1775725061207269338,1775725061327268338,119.999,10.311632,3056.5125,8710.988
bb09b488-e875-448b-9801-156d15b3962c,23,1775725061417393338,1775725061742654338,325.261,2.266166,1296.8756,2585.6797
bb09b488-e875-448b-9801-156d15b3962c,24,1775725061942891338,1775725062028016338,85.125,13.591287,2644.2346,6883.0386
bb09b488-e875-448b-9801-156d15b3962c,25,1775725062108015338,1775725062353264338,245.249,0.98086756,1897.5931,5074.2197
bb09b488-e875-448b-9801-156d15b3962c,26,1775725062428399338,1775725064570381338,2141.982,11.336852,2044.2084,9885.173
bb09b488-e875-448b-9801-156d15b3962c,27,1775725064675381338,1775725064915630338,240.249,2.4420123,1628.6382,4352.374
bb09b488-e875-448b-9801-156d15b3962c,28,1775725065000755338,1775725065276004338,275.249,14.284101,2829.751,9651.638
bb09b488-e875-448b-9801-156d15b3962c,29,1775725065366128338,1775725065946626338,580.498,3.136858,1519.1948,2679.6262
bb09b488-e875-448b-9801-156d15b3962c,30,1775725066041751338,1775725067267872338,1226.121,2.1846654,2422.317,9951.5625
bb09b488-e875-448b-9801-156d15b3962c,31,1775725067362871338,1775725068108619338,745.748,2.7497897,1627.2361,4541.0845
bb09b488-e875-448b-9801-156d15b3962c,32,1775725068183743338,1775725072827976338,4644.233,16.72552,2197.443,10224.988
bb09b488-e875-448b-9801-156d15b3962c,33,1775725072913101338,1775725073323474338,410.373,25.001053,3635.379,10107.763
bb09b488-e875-448b-9801-156d15b3962c,34,1775725073428599338,1775725073928976338,500.377,3.9628873,1573.0355,3920.9456
bb09b488-e875-448b-9801-156d15b3962c,35,1775725074019097338,1775725074414470338,395.373,0.9938455,1400.5765,3053.5298
bb09b488-e875-448b-9801-156d15b3962c,36,1775725074509595338,1775725075015093338,505.498,0.6653029,1268.6252,2518.4116
bb09b488-e875-448b-9801-156d15b3962c,37,1775725075170217338,1775725076126089338,955.872,1.7998359,1385.0532,2809.4026
bb09b488-e875-448b-9801-156d15b3962c,38,1775725076221227338,1775725076611462338,390.235,21.801212,3657.5447,15254.6875
bb09b488-e875-448b-9801-156d15b3962c,39,1775725076691587338,1775725076876713338,185.126,4.668401,1635.3147,3019.9944
bb09b488-e875-448b-9801-156d15b3962c,40,1775725076971835338,1775725077121975338,150.14,1.4477693,1529.9022,3011.609
bb09b488-e875-448b-9801-156d15b3962c,41,1775725077227084338,1775725077547333338,320.249,4.560138,1469.8922,4040.4756
bb09b488-e875-448b-9801-156d15b3962c,42,1775725077622458338,1775725078202956338,580.498,3.5971165,1504.2852,2829.052
bb09b488-e875-448b-9801-156d15b3962c,43,1775725078363205338,1775725078468205338,105.0,0.8583669,1350.838,2767.1855
bb09b488-e875-448b-9801-156d15b3962c,44,1775725078548329338,1775725079243952338,695.623,28.954308,2230.0386,6516.2153
bb09b488-e875-448b-9801-156d15b3962c,45,1775725079349076338,1775725079454201338,105.125,7.267732,2122.8733,3136.1484
bb09b488-e875-448b-9801-156d15b3962c,46,1775725079564201338,1775725079919574338,355.373,3.4543142,1733.3722,4316.3726
bb09b488-e875-448b-9801-156d15b3962c,47,1775725080014699338,1775725082336815338,2322.116,0.60117596,1458.5951,3265.1484
bb09b488-e875-448b-9801-156d15b3962c,48,1775725082421940338,1775725082762189338,340.249,14.21973,2006.998,8425.023
bb09b488-e875-448b-9801-156d15b3962c,49,1775725082842316338,1775725083092562338,250.246,11.780927,1937.9836,3557.2117
bb09b488-e875-448b-9801-156d15b3962c,50,1775725083227687338,1775725083537945338,310.258,12.197158,2659.109,7636.3955
bb09b488-e875-448b-9801-156d15b3962c,51,1775725083973309338,1775725084513807338,540.498,7.4027524,2295.3467,8082.7188
bb09b488-e875-448b-9801-156d15b3962c,52,1775725084613931338,1775725084658931338,45.0,1.4337726,1079.5316,1769.4929
bb09b488-e875-448b-9801-156d15b3962c,53,1775725084739056338,1775725084974316338,235.26,11.915991,2196.7515,6057.4175
bb09b488-e875-448b-9801-156d15b3962c,54,1775725085059305338,1775725085985176338,925.871,6.5669336,2697.8289,12828.309
bb09b488-e875-448b-9801-156d15b3962c,55,1775725086075301338,1775725086140439338,65.138,1.3505071,1578.3187,2147.2078
bb09b488-e875-448b-9801-156d15b3962c,56,1775725086220425338,1775725087351546338,1131.121,12.751581,2693.9448,9315.964
bb09b488-e875-448b-9801-156d15b3962c,57,1775725087551670338,1775725087576670338,25.0,1.6625552,1146.7354,1702.2856
bb09b488-e875-448b-9801-156d15b3962c,58,1775725087756919338,1775725087776919338,20.0,1.7015629,1246.1526,1739.3978
bb09b488-e875-448b-9801-156d15b3962c,59,1775725087871919338,1775725088157292338,285.373,1.6017779,2292.645,5286.9023
bb09b488-e875-448b-9801-156d15b3962c,60,1775725088262292338,1775725088742797338,480.505,14.550444,2214.7903,9134.828
bb09b488-e875-448b-9801-156d15b3962c,61,1775725088837915338,1775725089208163338,370.248,1.9927564,1433.7339,2580.911
bb09b488-e875-448b-9801-156d15b3962c,62,1775725089288288338,1775725089573540338,285.252,21.957077,2266.1472,8470.052
bb09b488-e875-448b-9801-156d15b3962c,63,1775725089978910338,1775725090104047338,125.137,22.80326,3473.5786,8112.272
bb09b488-e875-448b-9801-156d15b3962c,64,1775725090234159338,1775725090504410338,270.251,1.9658343,1281.2391,2481.1606
bb09b488-e875-448b-9801-156d15b3962c,65,1775725090594533338,1775725090614533338,20.0,0.5460704,1119.3396,1641.8192
bb09b488-e875-448b-9801-156d15b3962c,66,1775725090824662338,1775725090839782338,15.12,1.1602547,1356.3799,2161.5505
bb09b488-e875-448b-9801-156d15b3962c,67,1775725090949782338,1775725090974906338,25.124,0.7019625,1110.884,1837.968
bb09b488-e875-448b-9801-156d15b3962c,68,1775725091105031338,1775725091180031338,75.0,0.9791736,1156.1757,1853.7418
bb09b488-e875-448b-9801-156d15b3962c,69,1775725091410280338,1775725091690529338,280.249,0.30108967,1188.072,2339.643
bb09b488-e875-448b-9801-156d15b3962c,70,1775725091770654338,1775725091905778338,135.124,1.1350231,1218.9373,2254.529
bb09b488-e875-448b-9801-156d15b3962c,71,1775725092015781338,1775725092090902338,75.121,1.1291364,1414.5466,2989.5056
bb09b488-e875-448b-9801-156d15b3962c,72,1775725092216026338,1775725092346151338,130.125,1.5594742,1129.0911,1913.461
bb09b488-e875-448b-9801-156d15b3962c,73,1775725092466275338,1775725092526275338,60.0,0.827648,1134.2568,2078.6458
bb09b488-e875-448b-9801-156d15b3962c,74,1775725092791524338,1775725092871649338,80.125,1.5558041,1380.38,2719.5293
bb09b488-e875-448b-9801-156d15b3962c,75,1775725093026773338,1775725093061773338,35.0,1.7562852,1022.43243,1802.5586
bb09b488-e875-448b-9801-156d15b3962c,76,1775725093216902338,1775725093242026338,25.124,0.7618941,1224.1782,2034.1515
bb09b488-e875-448b-9801-156d15b3962c,77,1775725093717396338,1775725093772395338,54.999,2.576558,1257.1844,1906.581
bb09b488-e875-448b-9801-156d15b3962c,78,1775725093982644338,1775725094052769338,70.125,0.7423208,1372.9653,2196.8381
bb09b488-e875-448b-9801-156d15b3962c,79,1775725094132769338,1775725094192894338,60.125,1.0405217,1170.5466,1806.0818
bb09b488-e875-448b-9801-156d15b3962c,80,1775725094343018338,1775725094373018338,30.0,0.9281323,947.82056,1397.3378
bb09b488-e875-448b-9801-156d15b3962c,81,1775725094483142338,1775725094513142338,30.0,1.6195917,1214.5972,2018.3419
bb09b488-e875-448b-9801-156d15b3962c,82,1775725094613267338,1775725094643267338,30.0,3.7691174,1734.4108,3122.6807
bb09b488-e875-448b-9801-156d15b3962c,83,1775725094733391338,1775725094753391338,20.0,1.2540642,1249.7736,1526.9292
bb09b488-e875-448b-9801-156d15b3962c,84,1775725094833391338,1775725095534138338,700.747,11.301555,3135.7256,15960.555
bb09b488-e875-448b-9801-156d15b3962c,85,1775725095669263338,1775725096044514338,375.251,25.62219,3726.6895,11151.494
bb09b488-e875-448b-9801-156d15b3962c,86,1775725096224760338,1775725096329885338,105.125,7.794749,1552.2238,2501.8945
bb09b488-e875-448b-9801-156d15b3962c,87,1775725096409885338,1775725096540009338,130.124,3.2775605,1466.2465,2206.928
bb09b488-e875-448b-9801-156d15b3962c,88,1775725096620134338,1775725097010507338,390.373,18.779608,3055.5962,8228.835
bb09b488-e875-448b-9801-156d15b3962c,89,1775725097160632338,1775725097410883338,250.251,3.0780861,1382.2804,2899.0962
bb09b488-e875-448b-9801-156d15b3962c,90,1775725097586018338,1775725097611005338,24.987,1.8332052,1299.2466,2378.9746
bb09b488-e875-448b-9801-156d15b3962c,91,1775725097706129338,1775725097731129338,25.0,2.0538697,1355.9402,2060.011
bb09b488-e875-448b-9801-156d15b3962c,92,1775725097861257338,1775725097926254338,64.997,0.66472805,1209.7511,2434.3604
bb09b488-e875-448b-9801-156d15b3962c,93,1775725098041378338,1775725098271627338,230.249,0.59857047,1344.9866,3145.557
bb09b488-e875-448b-9801-156d15b3962c,94,1775725098426751338,1775725098576876338,150.125,0.45192042,1323.152,2225.225
bb09b488-e875-448b-9801-156d15b3962c,95,1775725098677000338,1775725098787125338,110.125,0.54644114,1185.9209,2006.3466
bb09b488-e875-448b-9801-156d15b3962c,96,1775725098887255338,1775725099077374338,190.119,1.5559957,1372.2408,2392.0874
bb09b488-e875-448b-9801-156d15b3962c,97,1775725099182498338,1775725099637871338,455.373,0.81709254,1290.3138,2593.0806
bb09b488-e875-448b-9801-156d15b3962c,98,1775725099737996338,1775725099752996338,15.0,1.0016636,1373.5334,1946.2251
bb09b488-e875-448b-9801-156d15b3962c,99,1775725099833121338,1775725100633867338,800.746,4.388371,1417.149,2956.4585
bb09b488-e875-448b-9801-156d15b3962c,100,1775725100723868338,1775725101884987338,1161.119,1.593498,1418.6519,4176.1636
bb09b488-e875-448b-9801-156d15b3962c,101,1775725102000112338,1775725102465485338,465.373,1.2787743,1322.7384,2795.7231
bb09b488-e875-448b-9801-156d15b3962c,102,1775725102550610338,1775725102730734338,180.124,2.8118412,1503.2145,2616.3032
bb09b488-e875-448b-9801-156d15b3962c,103,1775725102855858338,1775725103156117338,300.259,3.0370934,1468.7112,2462.667
bb09b488-e875-448b-9801-156d15b3962c,104,1775725103366356338,1775725104117103338,750.747,1.0275187,1411.7574,3111.8833
bb09b488-e875-448b-9801-156d15b3962c,105,1775725104217102338,1775725105213098338,995.996,1.108709,1447.8154,3003.936
bb09b488-e875-448b-9801-156d15b3962c,106,1775725105338223338,1775725106238975338,900.752,26.239555,1916.8282,8928.218
bb09b488-e875-448b-9801-156d15b3962c,107,1775725106329094338,1775725106379219338,50.125,2.8349423,1541.1,2654.8315
bb09b488-e875-448b-9801-156d15b3962c,108,1775725106474229338,1775725106879591338,405.362,10.6778755,2672.5803,8918.239
bb09b488-e875-448b-9801-156d15b3962c,109,1775725106964719338,1775725107815471338,850.752,11.023677,1724.7146,6217.5225
bb09b488-e875-448b-9801-156d15b3962c,110,1775725107895587338,1775725108976582338,1080.995,10.897247,1726.3528,5321.9087
bb09b488-e875-448b-9801-156d15b3962c,111,1775725109136707338,1775725109216832338,80.125,4.973749,1651.2211,3816.676
bb09b488-e875-448b-9801-156d15b3962c,112,1775725109361956338,1775725109457080338,95.124,1.6690115,973.6684,1410.0936
bb09b488-e875-448b-9801-156d15b3962c,113,1775725109612205338,1775725109632205338,20.0,1.4050401,1070.1324,1503.3964
bb09b488-e875-448b-9801-156d15b3962c,114,1775725109917453338,1775725110122706338,205.253,1.0564345,1021.975,1538.6813
bb09b488-e875-448b-9801-156d15b3962c,115,1775725110352827338,1775725110377828338,25.001,1.2914383,1091.0951,1746.208
bb09b488-e875-448b-9801-156d15b3962c,116,1775725110818325338,1775725112504817338,1686.492,5.097907,2186.1047,8715.011
bb09b488-e875-448b-9801-156d15b3962c,117,1775725112634953338,1775725113335566338,700.613,13.619735,2163.9321,8607.05
bb09b488-e875-448b-9801-156d15b3962c,118,1775725113420692338,1775725113710937338,290.245,1.2014862,1392.9617,2738.9988
bb09b488-e875-448b-9801-156d15b3962c,119,1775725113801073338,1775725114346559338,545.486,1.0950346,2290.6648,7444.448
bb09b488-e875-448b-9801-156d15b3962c,120,1775725114436685338,1775725114837058338,400.373,0.9460149,1491.0999,2685.0034
bb09b488-e875-448b-9801-156d15b3962c,121,1775725114957182338,1775725115082306338,125.124,1.4226869,1217.5188,2045.7579
bb09b488-e875-448b-9801-156d15b3962c,122,1775725115197306338,1775725115242431338,45.125,0.16414177,1430.7849,2162.3162
bb09b488-e875-448b-9801-156d15b3962c,123,1775725115352555338,1775725115397555338,45.0,2.4430683,1139.5184,1707.598
bb09b488-e875-448b-9801-156d15b3962c,124,1775725115577679338,1775725115597679338,20.0,1.4031008,1373.1208,2174.4426
bb09b488-e875-448b-9801-156d15b3962c,125,1775725115742803338,1775725116213301338,470.498,13.5247965,1860.6498,6668.7256
bb09b488-e875-448b-9801-156d15b3962c,126,1775725116353426338,1775725116373426338,20.0,1.213156,1508.7963,1752.0537
bb09b488-e875-448b-9801-156d15b3962c,127,1775725116473550338,1775725117099173338,625.623,1.6197681,3020.7578,9723.567
bb09b488-e875-448b-9801-156d15b3962c,128,1775725117359421338,1775725117534546338,175.125,2.217073,1339.776,3219.9648
bb09b488-e875-448b-9801-156d15b3962c,129,1775725117624556338,1775725118040043338,415.487,2.170834,1340.7286,2837.8442
bb09b488-e875-448b-9801-156d15b3962c,130,1775725118200168338,1775725118520416338,320.248,20.491673,3017.3972,7795.213
bb09b488-e875-448b-9801-156d15b3962c,131,1775725118665541338,1775725118775665338,110.124,2.6634738,1680.5364,2958.899
bb09b488-e875-448b-9801-156d15b3962c,132,1775725118955789338,1775725119356163338,400.374,3.5816035,1463.6052,2741.6682
bb09b488-e875-448b-9801-156d15b3962c,133,1775725119441287338,1775725119726536338,285.249,1.471974,1340.659,2844.9753
bb09b488-e875-448b-9801-156d15b3962c,134,1775725119841661338,1775725120192034338,350.373,2.3163528,1516.8114,3463.4138
bb09b488-e875-448b-9801-156d15b3962c,135,1775725120277039338,1775725120572407338,295.368,2.623961,1188.3044,1870.3312
bb09b488-e875-448b-9801-156d15b3962c,136,1775725120682407338,1775725121498153338,815.746,2.695004,1354.612,2702.01
bb09b488-e875-448b-9801-156d15b3962c,137,1775725121598278338,1775725121918651338,320.373,3.675648,1562.7485,3529.2258
bb09b488-e875-448b-9801-156d15b3962c,138,1775725122028651338,1775725122273900338,245.249,4.2267146,1694.241,3755.0608
bb09b488-e875-448b-9801-156d15b3962c,139,1775725122369024338,1775725122924522338,555.498,4.934775,2363.8862,7991.9175
bb09b488-e875-448b-9801-156d15b3962c,140,1775725123054656338,1775725123099646338,44.99,4.8488984,1708.3684,4147.3086
bb09b488-e875-448b-9801-156d15b3962c,141,1775725123209771338,1775725123465020338,255.249,10.426554,1931.4751,6909.839
bb09b488-e875-448b-9801-156d15b3962c,142,1775725123540152338,1775725124270766338,730.614,5.2676435,1801.9458,5034.338
bb09b488-e875-448b-9801-156d15b3962c,143,1775725124345891338,1775725124646144338,300.253,9.103214,1821.0762,4874.5693
bb09b488-e875-448b-9801-156d15b3962c,144,1775725124881388338,1775725124901388338,20.0,1.9259385,1260.6116,1643.7167
bb09b488-e875-448b-9801-156d15b3962c,145,1775725125041513338,1775725125481893338,440.38,21.375565,3790.07,16881.7
bb09b488-e875-448b-9801-156d15b3962c,146,1775725125622010338,1775725125717135338,95.125,2.4251213,2397.5415,4976.0645
bb09b488-e875-448b-9801-156d15b3962c,147,1775725125817259338,1775725126302632338,485.373,7.0072436,1868.6798,3846.3716
bb09b488-e875-448b-9801-156d15b3962c,148,1775725126387757338,1775725126407757338,20.0,1.6972442,1312.4904,1952.6382
bb09b488-e875-448b-9801-156d15b3962c,149,1775725126507881338,1775725126813130338,305.249,31.162653,3767.7104,11986.932
bb09b488-e875-448b-9801-156d15b3962c,150,1775725126903254338,1775725126923254338,20.0,1.8241779,1974.6089,2797.8162
bb09b488-e875-448b-9801-156d15b3962c,151,1775725127023379338,1775725127418752338,395.373,12.449773,2583.4436,8379.085
bb09b488-e875-448b-9801-156d15b3962c,152,1775725127508752338,1775725127578876338,70.124,2.2170603,1339.9664,2998.0518
bb09b488-e875-448b-9801-156d15b3962c,153,1775725127739001338,1775725128074257338,335.256,22.48528,5048.095,15086.473
bb09b488-e875-448b-9801-156d15b3962c,154,1775725128149374338,1775725128349624338,200.25,6.836493,1727.3147,2526.096
bb09b488-e875-448b-9801-156d15b3962c,155,1775725128454622338,1775725128900120338,445.498,5.7899976,1814.9585,5401.848
bb09b488-e875-448b-9801-156d15b3962c,156,1775725128990120338,1775725130211239338,1221.119,15.264442,2627.22,9577.863
bb09b488-e875-448b-9801-156d15b3962c,157,1775725130341364338,1775725130741737338,400.373,2.0981424,2557.6306,7650.8105
bb09b488-e875-448b-9801-156d15b3962c,158,1775725131011986338,1775725131312359338,300.373,19.123491,2683.619,8249.457
bb09b488-e875-448b-9801-156d15b3962c,159,1775725131407359338,1775725131777741338,370.382,4.8490024,3298.2375,9873.021
bb09b488-e875-448b-9801-156d15b3962c,160,1775725132012997338,1775725132088106338,75.109,0.71038496,1617.4167,2325.2136
bb09b488-e875-448b-9801-156d15b3962c,161,1775725132233230338,1775725132313230338,80.0,1.0641421,1594.5957,2507.6775
bb09b488-e875-448b-9801-156d15b3962c,162,1775725132423355338,1775725132663603338,240.248,17.616882,4451.3096,9870.131
bb09b488-e875-448b-9801-156d15b3962c,163,1775725132748615338,1775725132763728338,15.113,1.9131911,1715.4031,2009.9375
bb09b488-e875-448b-9801-156d15b3962c,164,1775725132883727338,1775725132958852338,75.125,3.2739806,1657.1062,2967.1477
bb09b488-e875-448b-9801-156d15b3962c,165,1775725133068976338,1775725133374225338,305.249,5.325955,2617.8892,7456.319
bb09b488-e875-448b-9801-156d15b3962c,166,1775725133464350338,1775725133749598338,285.248,0.8660685,3009.349,10105.546
bb09b488-e875-448b-9801-156d15b3962c,167,1775725133939722338,1775725134054850338,115.128,1.3775362,1215.9559,2162.3403
bb09b488-e875-448b-9801-156d15b3962c,168,1775725134134971338,1775725134250096338,115.125,3.4781334,1353.5043,2215.9492
bb09b488-e875-448b-9801-156d15b3962c,169,1775725134395220338,1775725134500345338,105.125,2.5922284,1358.4756,2439.7566
bb09b488-e875-448b-9801-156d15b3962c,170,1775725134840593338,1775725135376091338,535.498,2.194116,2089.3618,5463.4976
bb09b488-e875-448b-9801-156d15b3962c,171,1775725135511215338,1775725135531218338,20.003,1.5823014,1059.3877,1454.2472
bb09b488-e875-448b-9801-156d15b3962c,172,1775725135641340338,1775725135681339338,39.999,4.0822525,1580.3733,2026.7452
bb09b488-e875-448b-9801-156d15b3962c,173,1775725135846589338,1775725135876589338,30.0,2.1131725,1072.431,1378.492
bb09b488-e875-448b-9801-156d15b3962c,174,1775725136106838338,1775725136136838338,30.0,3.017741,1409.9927,2001.3033
bb09b488-e875-448b-9801-156d15b3962c,175,1775725136291962338,1775725137017583338,725.621,13.445679,2601.0798,7439.04
bb09b488-e875-448b-9801-156d15b3962c,176,1775725137167708338,1775725137317957338,150.249,1.866573,1629.5077,3501.9753
bb09b488-e875-448b-9801-156d15b3962c,177,1775725137483081338,1775725137583206338,100.125,2.8260326,1623.6086,3683.5542
bb09b488-e875-448b-9801-156d15b3962c,178,1775725137768330338,1775725137788333338,20.003,1.2567003,1098.8967,1874.7266
bb09b488-e875-448b-9801-156d15b3962c,179,1775725138103579338,1775725138378827338,275.248,22.002792,2663.0173,8485.052
bb09b488-e875-448b-9801-156d15b3962c,180,1775725138564076338,1775725139610071338,1045.995,6.985937,1326.3973,2676.9417
bb09b488-e875-448b-9801-156d15b3962c,181,1775725139745196338,1775725140345693338,600.497,26.32869,2070.8174,7480.4897
bb09b488-e875-448b-9801-156d15b3962c,182,1775725140430818338,1775725140851191338,420.373,5.084453,2574.139,8481.509
bb09b488-e875-448b-9801-156d15b3962c,183,1775725141071440338,1775725141476813338,405.373,23.36972,2728.9998,8475.973
bb09b488-e875-448b-9801-156d15b3962c,184,1775725141591816338,1775725142407684338,815.868,26.672134,1953.8138,8149.9346
bb09b488-e875-448b-9801-156d15b3962c,185,1775725142652808338,1775725143038555338,385.747,26.871141,2408.7773,8572.427
bb09b488-e875-448b-9801-156d15b3962c,186,1775725143158683338,1775725144089554338,930.871,9.648213,3284.7197,18594.766
bb09b488-e875-448b-9801-156d15b3962c,187,1775725144194679338,1775725144409929338,215.25,9.069699,2253.7778,7029.778
bb09b488-e875-448b-9801-156d15b3962c,188,1775725144615054338,1775725144660054338,45.0,4.289274,1451.1168,2389.3394
bb09b488-e875-448b-9801-156d15b3962c,189,1775725144750179338,1775725144850303338,100.124,0.624811,1188.3864,1946.6909
bb09b488-e875-448b-9801-156d15b3962c,190,1775725144940304338,1775725145115553338,175.249,3.1915886,1478.0519,3291.4495
bb09b488-e875-448b-9801-156d15b3962c,191,1775725145200553338,1775725145285678338,85.125,3.9887874,1370.0659,2436.3682
bb09b488-e875-448b-9801-156d15b3962c,192,1775725145435806338,1775725145741053338,305.247,14.475069,2252.0679,8703.313
bb09b488-e875-448b-9801-156d15b3962c,193,1775725145871178338,1775725146141428338,270.25,1.3875036,1429.0652,2927.543
bb09b488-e875-448b-9801-156d15b3962c,194,1775725146316678338,1775725146822177338,505.499,25.839006,3200.5535,8235.763
bb09b488-e875-448b-9801-156d15b3962c,195,1775725146907177338,1775725146947177338,40.0,4.363173,1817.9894,2955.0276
bb09b488-e875-448b-9801-156d15b3962c,196,1775725147072302338,1775725147212427338,140.125,13.32,2401.7014,5065.9614
bb09b488-e875-448b-9801-156d15b3962c,197,1775725147347552338,1775725147432677338,85.125,1.2432846,1159.4644,2088.634
bb09b488-e875-448b-9801-156d15b3962c,198,1775725147527802338,1775725147547802338,20.0,1.5999318,1120.4852,1596.2859
bb09b488-e875-448b-9801-156d15b3962c,199,1775725147637930338,1775725147773052338,135.122,12.088627,1992.5876,5272.3896
bb09b488-e875-448b-9801-156d15b3962c,200,1775725147963177338,1775725147978177338,15.0,1.1304657,1120.4713,1689.9453
bb09b488-e875-448b-9801-156d15b3962c,201,1775725148343552338,1775725149069176338,725.624,23.63357,2254.112,10067.395
bb09b488-e875-448b-9801-156d15b3962c,202,1775725149149301338,1775725149314426338,165.125,27.220654,3233.4744,8504.305
bb09b488-e875-448b-9801-156d15b3962c,203,1775725149454554338,1775725149474551338,19.997,1.5382805,1195.3252,1504.4802
bb09b488-e875-448b-9801-156d15b3962c,204,1775725149614676338,1775725149634801338,20.125,1.2774104,1301.4186,1939.2628
bb09b488-e875-448b-9801-156d15b3962c,205,1775725149739801338,1775725150075176338,335.375,22.76096,2676.2734,11013.912
bb09b488-e875-448b-9801-156d15b3962c,206,1775725150215300338,1775725150575679338,360.379,0.40431318,1369.7821,2759.526
bb09b488-e875-448b-9801-156d15b3962c,207,1775725150700678338,1775725150810800338,110.122,1.0210544,1341.9146,2574.403
bb09b488-e875-448b-9801-156d15b3962c,208,1775725150890925338,1775725151226182338,335.257,1.6771939,1471.4082,2799.1702
bb09b488-e875-448b-9801-156d15b3962c,209,1775725151301300338,1775725153062924338,1761.624,2.2542064,1403.2305,3234.1155
bb09b488-e875-448b-9801-156d15b3962c,210,1775725153148049338,1775725153188049338,40.0,2.7925189,1580.7119,2859.9116
bb09b488-e875-448b-9801-156d15b3962c,211,1775725153273173338,1775725153688548338,415.375,1.1769369,1667.4303,5760.242
bb09b488-e875-448b-9801-156d15b3962c,212,1775725153768548338,1775725154539298338,770.75,3.1000981,1511.6034,3406.544
bb09b488-e875-448b-9801-156d15b3962c,213,1775725154619423338,1775725154639426338,20.003,1.5072637,1477.1693,3072.1606
bb09b488-e875-448b-9801-156d15b3962c,214,1775725154744548338,1775725155765422338,1020.874,5.648248,1807.3408,8619.519
bb09b488-e875-448b-9801-156d15b3962c,215,1775725155855554338,1775725156195927338,340.373,30.454279,2554.811,8403.02
bb09b488-e875-448b-9801-156d15b3962c,216,1775725156325921338,1775725156366047338,40.126,1.7456119,1392.938,2484.8765
bb09b488-e875-448b-9801-156d15b3962c,217,1775725156581175338,1775725157101671338,520.496,27.948418,2734.4868,9505.5
bb09b488-e875-448b-9801-156d15b3962c,218,1775725157236809338,1775725158783295338,1546.486,1.6370089,1360.1617,3107.2944
bb09b488-e875-448b-9801-156d15b3962c,219,1775725158873420338,1775725159774169338,900.749,5.520849,1444.8047,3218.2893
bb09b488-e875-448b-9801-156d15b3962c,220,1775725159849294338,1775725160850168338,1000.874,2.9851766,1331.3809,2837.9028
bb09b488-e875-448b-9801-156d15b3962c,221,1775725160945293338,1775725160960293338,15.0,0.7633282,1389.8594,2812.457
bb09b488-e875-448b-9801-156d15b3962c,222,1775725161045418338,1775725161721043338,675.625,19.330725,2638.7175,5867.927
bb09b488-e875-448b-9801-156d15b3962c,223,1775725161946167338,1775725162832042338,885.875,0.7812619,2686.688,9647.799
bb09b488-e875-448b-9801-156d15b3962c,224,1775725163042292338,1775725163082292338,40.0,4.915277,1836.8535,3200.3013
bb09b488-e875-448b-9801-156d15b3962c,225,1775725163247416338,1775725163262417338,15.001,0.8325237,904.5572,990.75476
bb09b488-e875-448b-9801-156d15b3962c,226,1775725163417541338,1775725163647802338,230.261,5.033868,3084.514,8224.518
bb09b488-e875-448b-9801-156d15b3962c,227,1775725163722916338,1775725163757916338,35.0,5.5474515,2193.9514,3951.6003
bb09b488-e875-448b-9801-156d15b3962c,228,1775725164008166338,1775725164048169338,40.003,10.962941,2984.195,5849.069
bb09b488-e875-448b-9801-156d15b3962c,229,1775725164133291338,1775725164463541338,330.25,1.8662541,1934.7544,4943.3774
bb09b488-e875-448b-9801-156d15b3962c,230,1775725164618669338,1775725164638791338,20.122,1.431125,1516.318,2374.6318
bb09b488-e875-448b-9801-156d15b3962c,231,1775725164738791338,1775725165019040338,280.249,2.8544161,1484.8418,4241.5205
bb09b488-e875-448b-9801-156d15b3962c,232,1775725165109165338,1775725165549540338,440.375,4.593893,1571.3435,4682.4575
bb09b488-e875-448b-9801-156d15b3962c,233,1775725165679665338,1775725166520539338,840.874,8.346774,1623.7073,3458.3896
bb09b488-e875-448b-9801-156d15b3962c,234,1775725166620539338,1775725166855789338,235.25,24.989614,5040.0957,16900.725
bb09b488-e875-448b-9801-156d15b3962c,235,1775725166950914338,1775725167206164338,255.25,7.6550126,1894.8403,3607.7659
bb09b488-e875-448b-9801-156d15b3962c,236,1775725167296163338,1775725167521425338,225.262,6.4445477,1679.0964,2938.4783
bb09b488-e875-448b-9801-156d15b3962c,237,1775725167661538338,1775725167731663338,70.125,2.8529043,1799.7903,3693.5847
bb09b488-e875-448b-9801-156d15b3962c,238,1775725167816663338,1775725167951788338,135.125,2.3786292,1442.5055,3057.0156
bb09b488-e875-448b-9801-156d15b3962c,239,1775725168362163338,1775725168437288338,75.125,1.3550172,1185.8762,1850.7758
bb09b488-e875-448b-9801-156d15b3962c,240,1775725168582412338,1775725168737537338,155.125,0.62101316,1320.6799,2007.7246
bb09b488-e875-448b-9801-156d15b3962c,241,1775725168827662338,1775725169408162338,580.5,1.2718569,1946.4485,5025.9062
bb09b488-e875-448b-9801-156d15b3962c,242,1775725169538287338,1775725169803543338,265.256,2.1182213,1569.888,2850.7263
bb09b488-e875-448b-9801-156d15b3962c,243,1775725169883661338,1775725169998786338,115.125,0.9046323,1427.8058,2044.9426
bb09b488-e875-448b-9801-156d15b3962c,244,1775725170123911338,1775725170319036338,195.125,1.6088294,1341.4292,2533.456
bb09b488-e875-448b-9801-156d15b3962c,245,1775725170394166338,1775725170899536338,505.37,3.3313072,1431.3417,2756.6926
bb09b488-e875-448b-9801-156d15b3962c,246,1775725170989660338,1775725171174785338,185.125,22.868073,4027.7822,9958.89
bb09b488-e875-448b-9801-156d15b3962c,247,1775725171425035338,1775725171910535338,485.5,13.775489,2248.6438,7605.59
bb09b488-e875-448b-9801-156d15b3962c,248,1775725172080660338,1775725172756284338,675.624,17.106487,3341.8562,12024.942
bb09b488-e875-448b-9801-156d15b3962c,249,1775725172861409338,1775725172901412338,40.003,0.8390786,1584.7128,2491.6265
bb09b488-e875-448b-9801-156d15b3962c,250,1775725172991537338,1775725173011534338,19.997,2.543663,1625.879,2131.6172
bb09b488-e875-448b-9801-156d15b3962c,251,1775725173086659338,1775725173436908338,350.249,13.051127,2702.367,8543.672
bb09b488-e875-448b-9801-156d15b3962c,252,1775725173547033338,1775725173772283338,225.25,7.7053027,1548.6239,3022.5186
bb09b488-e875-448b-9801-156d15b3962c,253,1775725173857283338,1775725173892408338,35.125,0.5495664,1408.2217,2344.108
bb09b488-e875-448b-9801-156d15b3962c,254,1775725174107533338,1775725174517921338,410.388,6.733318,1720.0697,5336.47
bb09b488-e875-448b-9801-156d15b3962c,255,1775725174633033338,1775725175378793338,745.76,0.8305417,1409.4619,3216.9226
bb09b488-e875-448b-9801-156d15b3962c,256,1775725175468782338,1775725175483907338,15.125,1.5935911,1438.3262,2645.0996
bb09b488-e875-448b-9801-156d15b3962c,257,1775725175583907338,1775725175644032338,60.125,0.8774495,1283.7024,2445.151
bb09b488-e875-448b-9801-156d15b3962c,258,1775725175724032338,1775725175869157338,145.125,1.0467058,1197.88,2218.613
bb09b488-e875-448b-9801-156d15b3962c,259,1775725175989281338,1775725176039419338,50.138,0.040411778,1301.4066,1838.738
bb09b488-e875-448b-9801-156d15b3962c,260,1775725176134406338,1775725176254531338,120.125,0.5557612,1250.1595,2319.6099
bb09b488-e875-448b-9801-156d15b3962c,261,1775725176514781338,1775725176554906338,40.125,0.2933393,1234.0398,2214.6782
bb09b488-e875-448b-9801-156d15b3962c,262,1775725176639906338,1775725177185405338,545.499,27.278631,3225.982,16612.271
bb09b488-e875-448b-9801-156d15b3962c,263,1775725177320530338,1775725177781030338,460.5,11.761855,1819.1843,4075.2183
bb09b488-e875-448b-9801-156d15b3962c,264,1775725177946155338,1775725178356529338,410.374,16.43771,3977.1953,10322.668
bb09b488-e875-448b-9801-156d15b3962c,265,1775725178431654338,1775725178486654338,55.0,1.8345164,1549.4425,2389.3425
bb09b488-e875-448b-9801-156d15b3962c,266,1775725178801904338,1775725179037154338,235.25,6.433752,3116.6108,10272.396
bb09b488-e875-448b-9801-156d15b3962c,267,1775725179112279338,1775725179127279338,15.0,1.0573204,1237.0441,1843.0242
bb09b488-e875-448b-9801-156d15b3962c,268,1775725179382528338,1775725179747787338,365.259,1.7511573,1391.4926,2991.3542
bb09b488-e875-448b-9801-156d15b3962c,269,1775725179852916338,1775725179913028338,60.112,1.1824615,1370.5516,2117.0315
bb09b488-e875-448b-9801-156d15b3962c,270,1775725179993028338,1775725180078153338,85.125,0.6001909,1197.2263,1627.6726
bb09b488-e875-448b-9801-156d15b3962c,271,1775725180238278338,1775725180343403338,105.125,1.2124635,1292.9847,2112.236
bb09b488-e875-448b-9801-156d15b3962c,272,1775725180473528338,1775725180643652338,170.124,7.388219,2229.0237,5640.2363
bb09b488-e875-448b-9801-156d15b3962c,273,1775725180833907338,1775725180858902338,24.995,2.0508003,1473.7246,2074.84
bb09b488-e875-448b-9801-156d15b3962c,274,1775725180943902338,1775725180964027338,20.125,1.7802966,1267.0225,2017.2582
bb09b488-e875-448b-9801-156d15b3962c,275,1775725181044027338,1775725182200151338,1156.124,18.892065,1887.5591,7094.837
bb09b488-e875-448b-9801-156d15b3962c,276,1775725182350276338,1775725182370278338,20.002,1.6219717,1067.083,1457.63
bb09b488-e875-448b-9801-156d15b3962c,277,1775725182470401338,1775725182490401338,20.0,1.4609625,1198.8969,1778.4062
bb09b488-e875-448b-9801-156d15b3962c,278,1775725182640526338,1775725182660525338,19.999,1.4683105,1254.6382,1485.4674
bb09b488-e875-448b-9801-156d15b3962c,279,1775725182745651338,1775725182945775338,200.124,7.7514267,3242.7036,7912.8525
bb09b488-e875-448b-9801-156d15b3962c,280,1775725183281150338,1775725183876651338,595.501,1.2776964,2411.7698,8909.747
bb09b488-e875-448b-9801-156d15b3962c,281,1775725183961779338,1775725183991774338,29.995,1.6488637,1159.3236,1926.0919
bb09b488-e875-448b-9801-156d15b3962c,282,1775725184101899338,1775725184136899338,35.0,4.5187206,1508.8896,2899.104
bb09b488-e875-448b-9801-156d15b3962c,283,1775725184397149338,1775725184427149338,30.0,1.8556194,1096.208,1788.7228
bb09b488-e875-448b-9801-156d15b3962c,284,1775725184532274338,1775725184687399338,155.125,0.6215563,1355.9341,2913.3464
bb09b488-e875-448b-9801-156d15b3962c,285,1775725184852648338,1775725184892652338,40.004,5.1279645,1735.402,3004.6042
bb09b488-e875-448b-9801-156d15b3962c,286,1775725185268023338,1775725185293023338,25.0,1.5305842,1123.1448,1457.2999
bb09b488-e875-448b-9801-156d15b3962c,287,1775725185418148338,1775725185448155338,30.007,1.6948498,1303.2003,1899.2507
bb09b488-e875-448b-9801-156d15b3962c,288,1775725185643273338,1775725185738398338,95.125,1.4707212,1225.52,1957.0857
bb09b488-e875-448b-9801-156d15b3962c,289,1775725185853523338,1775725185923648338,70.125,1.2520996,1470.9243,2457.686
bb09b488-e875-448b-9801-156d15b3962c,290,1775725186003661338,1775725186068772338,65.111,0.659933,1428.6898,2669.9048
bb09b488-e875-448b-9801-156d15b3962c,291,1775725186198898338,1775725186419022338,220.124,2.7210815,1414.1481,2702.141
bb09b488-e875-448b-9801-156d15b3962c,292,1775725186634272338,1775725186899522338,265.25,1.2122808,1409.2452,2588.1418
bb09b488-e875-448b-9801-156d15b3962c,293,1775725186984650338,1775725187044646338,59.996,2.0998492,1367.8073,2376.2551
bb09b488-e875-448b-9801-156d15b3962c,294,1775725187299896338,1775725187570162338,270.266,2.5014112,1293.627,3092.953
bb09b488-e875-448b-9801-156d15b3962c,295,1775725187695271338,1775725187720271338,25.0,1.2209109,1230.5917,1396.1726
bb09b488-e875-448b-9801-156d15b3962c,296,1775725188005521338,1775725188631145338,625.624,5.4352217,3585.9082,16476.129
bb09b488-e875-448b-9801-156d15b3962c,297,1775725188731270338,1775725188761270338,30.0,4.7808065,1782.5348,3416.7393
bb09b488-e875-448b-9801-156d15b3962c,298,1775725189041523338,1775725189221644338,180.121,6.2603416,2039.5186,4597.3
bb09b488-e875-448b-9801-156d15b3962c,299,1775725189386769338,1775725189486894338,100.125,2.4408348,1578.1388,3061.3438
bb09b488-e875-448b-9801-156d15b3962c,300,1775725189582019338,1775725190147519338,565.5,8.730822,1605.1669,4661.765
bb09b488-e875-448b-9801-156d15b3962c,301,1775725190437768338,1775725190557893338,120.125,2.8766239,1508.5757,2800.3489
bb09b488-e875-448b-9801-156d15b3962c,302,1775725190638018338,1775725190923268338,285.25,6.6023755,1490.0779,3129.1682
bb09b488-e875-448b-9801-156d15b3962c,303,1775725191068392338,1775725191533779338,465.387,21.91365,3169.8047,10173.593
bb09b488-e875-448b-9801-156d15b3962c,304,1775725191658892338,1775725191679017338,20.125,1.1810646,957.201,993.2422
bb09b488-e875-448b-9801-156d15b3962c,305,1775725191829142338,1775725192079400338,250.258,2.6922462,2206.9954,4900.057
bb09b488-e875-448b-9801-156d15b3962c,306,1775725192304516338,1775725193065266338,760.75,19.04198,3415.479,15998.545
bb09b488-e875-448b-9801-156d15b3962c,307,1775725193145391338,1775725193255390338,109.999,1.0298833,1455.8635,2103.4458
bb09b488-e875-448b-9801-156d15b3962c,308,1775725193365515338,1775725193826015338,460.5,2.4523258,1460.6656,3942.6833
bb09b488-e875-448b-9801-156d15b3962c,309,1775725193906015338,1775725194376514338,470.499,4.9771876,2022.721,6241.5557
bb09b488-e875-448b-9801-156d15b3962c,310,1775725194461514338,1775725194581639338,120.125,25.530529,4229.0977,9325.234
bb09b488-e875-448b-9801-156d15b3962c,311,1775725194922014338,1775725195252263338,330.249,2.104044,1492.3362,3142.725
bb09b488-e875-448b-9801-156d15b3962c,312,1775725195332388338,1775725195447513338,115.125,0.3910089,1287.0776,1855.4987
bb09b488-e875-448b-9801-156d15b3962c,313,1775725195552520338,1775725195582638338,30.118,1.8789712,1187.0891,2053.7214
bb09b488-e875-448b-9801-156d15b3962c,314,1775725195672638338,1775725195777763338,105.125,0.99216837,1481.5363,2758.4937
bb09b488-e875-448b-9801-156d15b3962c,315,1775725195862888338,1775725195932888338,70.0,0.81373096,1312.4674,2050.5903
bb09b488-e875-448b-9801-156d15b3962c,316,1775725196028013338,1775725196223262338,195.249,0.22415465,1558.2914,3375.8376
bb09b488-e875-448b-9801-156d15b3962c,317,1775725196308262338,1775725196423387338,115.125,1.282514,1480.9108,2793.0422
bb09b488-e875-448b-9801-156d15b3962c,318,1775725196563512338,1775725197249136338,685.624,0.331457,1364.2758,3261.031
bb09b488-e875-448b-9801-156d15b3962c,319,1775725197389261338,1775725198150011338,760.75,12.593532,2616.696,8302.898
bb09b488-e875-448b-9801-156d15b3962c,320,1775725198360135338,1775725198440260338,80.125,0.49690992,1144.5602,1957.1661
bb09b488-e875-448b-9801-156d15b3962c,321,1775725198515385338,1775725198600388338,85.003,0.28962022,1076.8396,1576.5118
bb09b488-e875-448b-9801-156d15b3962c,322,1775725198685510338,1775725198720510338,35.0,2.0748858,1167.3467,1551.9198
bb09b488-e875-448b-9801-156d15b3962c,323,1775725198885635338,1775725198945759338,60.124,4.027209,1576.4226,2115.6782
bb09b488-e875-448b-9801-156d15b3962c,324,1775725199171009338,1775725199401134338,230.125,2.9098005,1514.3136,2537.0671
bb09b488-e875-448b-9801-156d15b3962c,325,1775725199526259338,1775725200081762338,555.503,17.906477,2098.846,7592.799
bb09b488-e875-448b-9801-156d15b3962c,326,1775725200247008338,1775725200277008338,30.0,1.378844,1134.6044,1672.3927
bb09b488-e875-448b-9801-156d15b3962c,327,1775725200397133338,1775725200477136338,80.003,1.2217053,968.74255,1599.0178
bb09b488-e875-448b-9801-156d15b3962c,328,1775725200587258338,1775725200672383338,85.125,0.81785315,1206.6443,1839.5055
bb09b488-e875-448b-9801-156d15b3962c,329,1775725200752396338,1775725200862507338,110.111,0.6090004,1099.3951,1962.4883
bb09b488-e875-448b-9801-156d15b3962c,330,1775725201017632338,1775725201197889338,180.257,1.2272187,1246.6523,2229.4666
bb09b488-e875-448b-9801-156d15b3962c,331,1775725201328007338,1775725201348007338,20.0,0.8891107,1431.8328,2503.908
bb09b488-e875-448b-9801-156d15b3962c,332,1775725201468132338,1775725201498132338,30.0,0.84170485,1269.7819,1885.8641
bb09b488-e875-448b-9801-156d15b3962c,333,1775725201588257338,1775725201908506338,320.249,2.6320436,1614.0652,2900.2695
bb09b488-e875-448b-9801-156d15b3962c,334,1775725201993631338,1775725202404012338,410.381,17.784035,2453.6572,8967.672
bb09b488-e875-448b-9801-156d15b3962c,335,1775725202749255338,1775725202799380338,50.125,0.6430096,1063.0359,1370.4968
bb09b488-e875-448b-9801-156d15b3962c,336,1775725203409880338,1775725204445878338,1035.998,2.8583567,2069.0513,7818.033
bb09b488-e875-448b-9801-156d15b3962c,337,1775725204536003338,1775725204586004338,50.001,2.329122,1422.8511,2279.005
bb09b488-e875-448b-9801-156d15b3962c,338,1775725204771128338,1775725204786260338,15.132,1.2483615,1279.5691,1551.3052
bb09b488-e875-448b-9801-156d15b3962c,339,1775725204876253338,1775725205111503338,235.25,27.83966,5549.049,16429.652
bb09b488-e875-448b-9801-156d15b3962c,340,1775725205196628338,1775725205211628338,15.0,2.0767975,1562.8925,2031.0093
bb09b488-e875-448b-9801-156d15b3962c,341,1775725205376753338,1775725205441753338,65.0,2.9648564,1394.748,2410.154
bb09b488-e875-448b-9801-156d15b3962c,342,1775725205576877338,1775725206037377338,460.5,5.461585,1447.9058,3067.3892
bb09b488-e875-448b-9801-156d15b3962c,343,1775725206122377338,1775725206272627338,150.25,1.4414388,1490.1241,2770.9324
bb09b488-e875-448b-9801-156d15b3962c,344,1775725206352628338,1775725206392761338,40.133,2.3467727,1537.7617,2491.0417
bb09b488-e875-448b-9801-156d15b3962c,345,1775725206497751338,1775725208574749338,2076.998,2.4664414,2041.9707,8214.193
bb09b488-e875-448b-9801-156d15b3962c,346,1775725208659749338,1775725208879999338,220.25,4.24811,3002.2979,7813.1597
bb09b488-e875-448b-9801-156d15b3962c,347,1775725208985123338,1775725209285373338,300.25,8.8025,1873.4138,3734.3118
bb09b488-e875-448b-9801-156d15b3962c,348,1775725209375507338,1775725209415513338,40.006,1.9356332,1464.3289,2259.4246
bb09b488-e875-448b-9801-156d15b3962c,349,1775725209560639338,1775725209585623338,24.984,1.5057424,1327.2853,2615.063
bb09b488-e875-448b-9801-156d15b3962c,350,1775725209680748338,1775725209755873338,75.125,2.7329814,1147.9722,1359.0573
bb09b488-e875-448b-9801-156d15b3962c,351,1775725209850872338,1775725210011004338,160.132,9.79301,2275.3064,6294.312
bb09b488-e875-448b-9801-156d15b3962c,352,1775725210151247338,1775725210611622338,460.375,16.544422,2363.583,6660.439
bb09b488-e875-448b-9801-156d15b3962c,353,1775725210701747338,1775725210721747338,20.0,1.2249298,1509.9701,2304.6125
bb09b488-e875-448b-9801-156d15b3962c,354,1775725210811871338,1775725210946996338,135.125,1.5298961,1447.4072,3264.109
bb09b488-e875-448b-9801-156d15b3962c,355,1775725211056996338,1775725211077121338,20.125,1.2699634,1537.4911,2571.961
bb09b488-e875-448b-9801-156d15b3962c,356,1775725211257246338,1775725211657620338,400.374,2.1362195,1305.857,2874.1812
bb09b488-e875-448b-9801-156d15b3962c,357,1775725211792745338,1775725212083001338,290.256,0.22566415,1544.8767,3791.518
bb09b488-e875-448b-9801-156d15b3962c,358,1775725212183120338,1775725212243120338,60.0,0.65501,1275.5583,1993.333
bb09b488-e875-448b-9801-156d15b3962c,359,1775725212318245338,1775725212573494338,255.249,4.183312,1452.1199,2527.2969
bb09b488-e875-448b-9801-156d15b3962c,360,1775725212778621338,1775725212813619338,34.998,1.6483066,1285.3445,2112.1848
bb09b488-e875-448b-9801-156d15b3962c,361,1775725212918744338,1775725213239119338,320.375,13.608765,1853.8676,6214.868
bb09b488-e875-448b-9801-156d15b3962c,362,1775725213334123338,1775725213464243338,130.12,1.6388046,1366.5966,2284.2227
bb09b488-e875-448b-9801-156d15b3962c,363,1775725213539374338,1775725213574368338,34.994,4.054991,1467.4854,2339.1973
bb09b488-e875-448b-9801-156d15b3962c,364,1775725213754618338,1775725214069868338,315.25,16.737785,2908.9312,8128.97
bb09b488-e875-448b-9801-156d15b3962c,365,1775725214154992338,1775725214244992338,90.0,0.8667415,1418.9606,3088.3394
bb09b488-e875-448b-9801-156d15b3962c,366,1775725214360117338,1775725214525242338,165.125,6.0314474,2000.4248,4897.824
bb09b488-e875-448b-9801-156d15b3962c,367,1775725214660367338,1775725214890617338,230.25,21.234905,2708.4514,6368.587
bb09b488-e875-448b-9801-156d15b3962c,368,1775725214985753338,1775725215005741338,19.988,1.117387,944.27954,1063.3793
bb09b488-e875-448b-9801-156d15b3962c,369,1775725215205866338,1775725215406116338,200.25,2.6249735,3039.9624,6645.976
bb09b488-e875-448b-9801-156d15b3962c,370,1775725215501242338,1775725215601241338,99.999,2.514731,1072.1941,1671.9639
bb09b488-e875-448b-9801-156d15b3962c,371,1775725215821491338,1775725215836490338,14.999,1.0738269,1157.8293,1460.9962
bb09b488-e875-448b-9801-156d15b3962c,372,1775725215946615338,1775725215981616338,35.001,4.745902,1594.8727,3195.1394
bb09b488-e875-448b-9801-156d15b3962c,373,1775725216151740338,1775725216266868338,115.128,0.60939497,1067.335,1671.9493
bb09b488-e875-448b-9801-156d15b3962c,374,1775725216562115338,1775725217057614338,495.499,20.300974,3468.6277,11324.896
bb09b488-e875-448b-9801-156d15b3962c,375,1775725217187739338,1775725217202739338,15.0,1.0435584,1488.5072,2082.5159
bb09b488-e875-448b-9801-156d15b3962c,376,1775725217277864338,1775725217332864338,55.0,0.5668169,1491.9213,2152.7356
bb09b488-e875-448b-9801-156d15b3962c,377,1775725217427989338,1775725218133613338,705.624,30.575758,2954.8745,14255.264
bb09b488-e875-448b-9801-156d15b3962c,378,1775725218253738338,1775725218278745338,25.007,2.5509286,1658.6011,2427.1562
bb09b488-e875-448b-9801-156d15b3962c,379,1775725218353863338,1775725218423863338,70.0,4.944786,1435.6525,2132.5913
bb09b488-e875-448b-9801-156d15b3962c,380,1775725218789237338,1775725219029487338,240.25,6.378636,2887.012,7489.512
bb09b488-e875-448b-9801-156d15b3962c,381,1775725219109612338,1775725219269736338,160.124,2.1727185,1185.6238,1938.563
bb09b488-e875-448b-9801-156d15b3962c,382,1775725219499861338,1775725219780248338,280.387,12.054765,2354.0654,5854.5273
bb09b488-e875-448b-9801-156d15b3962c,383,1775725219865236338,1775725220185611338,320.375,2.463922,1832.9983,4924.608
bb09b488-e875-448b-9801-156d15b3962c,384,1775725220270610338,1775725220560860338,290.25,1.6163262,1367.7158,2423.1453
bb09b488-e875-448b-9801-156d15b3962c,385,1775725220670996338,1775725220911235338,240.239,7.6402397,1595.7578,3547.659
bb09b488-e875-448b-9801-156d15b3962c,386,1775725221016359338,1775725221486734338,470.375,2.043286,1327.9756,2336.4404
bb09b488-e875-448b-9801-156d15b3962c,387,1775725221571859338,1775725221621859338,50.0,2.0500152,1341.7336,2555.7803
bb09b488-e875-448b-9801-156d15b3962c,388,1775725221766984338,1775725221827109338,60.125,1.8546056,1206.0576,2029.0352
bb09b488-e875-448b-9801-156d15b3962c,389,1775725221957233338,1775725221972233338,15.0,1.3339825,1115.0034,1729.246
bb09b488-e875-448b-9801-156d15b3962c,390,1775725222087358338,1775725222812982338,725.624,2.5209224,1476.646,4124.884
bb09b488-e875-448b-9801-156d15b3962c,391,1775725223008232338,1775725223813981338,805.749,0.17238452,1535.5933,3739.8828
bb09b488-e875-448b-9801-156d15b3962c,392,1775725223913986338,1775725223959106338,45.12,0.8773287,1389.5078,2140.3555
bb09b488-e875-448b-9801-156d15b3962c,393,1775725224084231338,1775725224664730338,580.499,1.9313065,1288.8937,2795.4597
bb09b488-e875-448b-9801-156d15b3962c,394,1775725224824855338,1775725225130230338,305.375,29.272512,2609.338,6686.3843
bb09b488-e875-448b-9801-156d15b3962c,395,1775725225290354338,1775725225380354338,90.0,1.2005688,1010.87415,1598.4674
bb09b488-e875-448b-9801-156d15b3962c,396,1775725225615604338,1775725226731603338,1115.999,30.14401,2150.8977,9879.905
bb09b488-e875-448b-9801-156d15b3962c,397,1775725226816727338,1775725227267105338,450.378,1.3308605,1590.5961,4022.6296
bb09b488-e875-448b-9801-156d15b3962c,398,1775725227362227338,1775725227697604338,335.377,1.2162108,1540.9166,2859.069
bb09b488-e875-448b-9801-156d15b3962c,399,1775725227807726338,1775725228338101338,530.375,1.8324335,1430.6842,3167.7634
bb09b488-e875-448b-9801-156d15b3962c,400,1775725228463232338,1775725228658478338,195.246,1.4238423,1446.9158,2432.0132
bb09b488-e875-448b-9801-156d15b3962c,401,1775725228738475338,1775725229349099338,610.624,20.290949,2446.3472,8789.656
bb09b488-e875-448b-9801-156d15b3962c,402,1775725229474224338,1775725229519224338,45.0,4.1187506,2003.9476,2780.653
bb09b488-e875-448b-9801-156d15b3962c,403,1775725229594349338,1775725229614349338,20.0,2.2249668,1290.0569,2370.8113
bb09b488-e875-448b-9801-156d15b3962c,404,1775725229804477338,1775725229824599338,20.122,1.1486948,1019.04877,1778.2638
bb09b488-e875-448b-9801-156d15b3962c,405,1775725229969724338,1775725229999723338,29.999,3.379272,1545.9994,2406.3428
bb09b488-e875-448b-9801-156d15b3962c,406,1775725230224973338,1775725230264975338,40.002,2.9934876,1397.2163,1962.7487
bb09b488-e875-448b-9801-156d15b3962c,407,1775725230380098338,1775725230675348338,295.25,1.7050952,2686.0544,6779.921
bb09b488-e875-448b-9801-156d15b3962c,408,1775725230850472338,1775725230965609338,115.137,0.99164593,1056.4443,1589.9717
bb09b488-e875-448b-9801-156d15b3962c,409,1775725231245847338,1775725231280847338,35.0,1.9417585,1077.5957,1433.9169
bb09b488-e875-448b-9801-156d15b3962c,410,1775725231661226338,1775725231681222338,19.996,0.860885,897.6904,1029.0828
bb09b488-e875-448b-9801-156d15b3962c,411,1775725231841471338,1775725231866471338,25.0,2.2933009,1328.4371,2136.7063
bb09b488-e875-448b-9801-156d15b3962c,412,1775725231966596338,1775725231996596338,30.0,1.6674619,1079.1376,1578.3068
bb09b488-e875-448b-9801-156d15b3962c,413,1775725232261856338,1775725232577095338,315.239,17.603477,2201.0525,6614.616
bb09b488-e875-448b-9801-156d15b3962c,414,1775725232702226338,1775725232797345338,95.119,0.21048221,1368.608,2415.578
bb09b488-e875-448b-9801-156d15b3962c,415,1775725232902476338,1775725233303041338,400.565,18.731411,2082.3328,6414.482
bb09b488-e875-448b-9801-156d15b3962c,416,1775725233603291338,1775725233823416338,220.125,1.265111,3077.865,7775.748
bb09b488-e875-448b-9801-156d15b3962c,417,1775725234494050338,1775725234574167338,80.117,3.1115758,1423.5951,2159.3276
bb09b488-e875-448b-9801-156d15b3962c,418,1775725234684294338,1775725235199790338,515.496,3.1781154,2542.076,6895.305
bb09b488-e875-448b-9801-156d15b3962c,419,1775725235304915338,1775725235339915338,35.0,4.4765706,1634.6296,2674.2136
bb09b488-e875-448b-9801-156d15b3962c,420,1775725235695165338,1775725235715290338,20.125,1.2454113,917.7033,1165.4962
bb09b488-e875-448b-9801-156d15b3962c,421,1775725235800290338,1775725236951415338,1151.125,18.04752,1821.1503,7126.5723
bb09b488-e875-448b-9801-156d15b3962c,422,1775725237036540338,1775725237592040338,555.5,18.645214,1777.9806,7795.994
bb09b488-e875-448b-9801-156d15b3962c,423,1775725237742177338,1775725238032418338,290.241,11.078938,2840.3198,8474.171
bb09b488-e875-448b-9801-156d15b3962c,424,1775725238112540338,1775725238242665338,130.125,1.7215403,1419.6398,2643.7703
bb09b488-e875-448b-9801-156d15b3962c,425,1775725238327664338,1775725238592915338,265.251,2.262412,1407.9281,3739.61
bb09b488-e875-448b-9801-156d15b3962c,426,1775725238688039338,1775725238783176338,95.137,4.732943,1455.2231,2707.795
bb09b488-e875-448b-9801-156d15b3962c,427,1775725238873168338,1775725238888164338,14.996,1.145804,1233.4575,1572.2871
bb09b488-e875-448b-9801-156d15b3962c,428,1775725239003289338,1775725239373664338,370.375,9.146013,1929.7166,5811.7607
bb09b488-e875-448b-9801-156d15b3962c,429,1775725239488789338,1775725239513789338,25.0,1.3310963,1257.4087,1792.0984
bb09b488-e875-448b-9801-156d15b3962c,430,1775725239658914338,1775725239809039338,150.125,1.1379339,1402.1285,2139.6824
bb09b488-e875-448b-9801-156d15b3962c,431,1775725239899164338,1775725241515664338,1616.5,9.086969,1935.0953,8904.911
bb09b488-e875-448b-9801-156d15b3962c,432,1775725241710799338,1775725241795917338,85.118,1.1687579,1487.5961,2462.5872
bb09b488-e875-448b-9801-156d15b3962c,433,1775725241901039338,1775725242161289338,260.25,3.0932949,3378.3784,11149.273
bb09b488-e875-448b-9801-156d15b3962c,434,1775725242381413338,1775725242421538338,40.125,5.858684,2019.0807,3085.4133
bb09b488-e875-448b-9801-156d15b3962c,435,1775725242511538338,1775725243342413338,830.875,16.068487,1843.0581,4932.2383
bb09b488-e875-448b-9801-156d15b3962c,436,1775725243437413338,1775725244178163338,740.75,4.897715,1756.1934,5876.555
bb09b488-e875-448b-9801-156d15b3962c,437,1775725244278288338,1775725244638538338,360.25,2.7948837,1525.1343,3231.6875
bb09b488-e875-448b-9801-156d15b3962c,438,1775725244743663338,1775725244763672338,20.009,1.5457425,1316.9081,1729.8984
bb09b488-e875-448b-9801-156d15b3962c,439,1775725244853788338,1775725244913796338,60.008,0.39701846,1411.9539,2208.5188
bb09b488-e875-448b-9801-156d15b3962c,440,1775725245023919338,1775725245974787338,950.868,0.690968,1541.5251,3357.5786
bb09b488-e875-448b-9801-156d15b3962c,441,1775725246084912338,1775725246455297338,370.385,2.169526,1410.9651,2572.793
bb09b488-e875-448b-9801-156d15b3962c,442,1775725246565412338,1775725246930662338,365.25,1.2031013,1439.4153,2632.9104
bb09b488-e875-448b-9801-156d15b3962c,443,1775725247221044338,1775725247246037338,24.993,1.7537973,1364.5569,1914.5817
bb09b488-e875-448b-9801-156d15b3962c,444,1775725247366162338,1775725248592287338,1226.125,24.54703,2030.6686,7886.9956
bb09b488-e875-448b-9801-156d15b3962c,445,1775725248687412338,1775725249172786338,485.374,3.8829844,3500.3394,13128.206
bb09b488-e875-448b-9801-156d15b3962c,446,1775725249548164338,1775725249598161338,49.997,7.1361265,2321.8342,4510.509
bb09b488-e875-448b-9801-156d15b3962c,447,1775725249828411338,1775725249928536338,100.125,35.091595,5358.3813,12028.181
bb09b488-e875-448b-9801-156d15b3962c,448,1775725250013536338,1775725252285661338,2272.125,14.470437,1579.6566,4306.475
bb09b488-e875-448b-9801-156d15b3962c,449,1775725252360786338,1775725253672035338,1311.249,21.190931,2184.2498,8006.5796
bb09b488-e875-448b-9801-156d15b3962c,450,1775725253782160338,1775725254137410338,355.25,6.415736,3295.583,11698.143
bb09b488-e875-448b-9801-156d15b3962c,451,1775725255238534338,1775725255478659338,240.125,30.24166,4701.0205,15621.524
bb09b488-e875-448b-9801-156d15b3962c,452,1775725255558784338,1775725256319534338,760.75,15.623583,1967.845,7608.916
bb09b488-e875-448b-9801-156d15b3962c,453,1775725256494659338,1775725256779909338,285.25,10.82545,2038.3899,5714.865
bb09b488-e875-448b-9801-156d15b3962c,454,1775725256935034338,1775725256955034338,20.0,1.3150097,1220.0751,2025.6315
bb09b488-e875-448b-9801-156d15b3962c,455,1775725257070159338,1775725257375534338,305.375,14.50956,2300.8013,8961.0625
bb09b488-e875-448b-9801-156d15b3962c,456,1775725257510659338,1775725257545659338,35.0,2.2407007,1159.8002,1541.7599
bb09b488-e875-448b-9801-156d15b3962c,457,1775725257765784338,1775725257996033338,230.249,6.629892,1414.4894,3305.602
bb09b488-e875-448b-9801-156d15b3962c,458,1775725258116158338,1775725258561533338,445.375,8.912468,2585.399,8174.7744
bb09b488-e875-448b-9801-156d15b3962c,459,1775725258641658338,1775725258736783338,95.125,3.962754,2067.4321,2876.154
bb09b488-e875-448b-9801-156d15b3962c,460,1775725258821784338,1775725258841783338,19.999,0.5973906,1192.1042,1496.2996
bb09b488-e875-448b-9801-156d15b3962c,461,1775725258971921338,1775725259037033338,65.112,5.2406406,1760.2173,3432.9395
bb09b488-e875-448b-9801-156d15b3962c,462,1775725259187158338,1775725259397408338,210.25,1.6847339,1381.1907,2307.7227
bb09b488-e875-448b-9801-156d15b3962c,463,1775725259522533338,1775725259597533338,75.0,1.3087374,1238.9066,1699.5913
bb09b488-e875-448b-9801-156d15b3962c,464,1775725259722658338,1775725260318164338,595.506,2.0520158,1371.3955,4033.9504
bb09b488-e875-448b-9801-156d15b3962c,465,1775725260403283338,1775725260503407338,100.124,0.5704923,1210.897,2385.1912
bb09b488-e875-448b-9801-156d15b3962c,466,1775725260603532338,1775725260698544338,95.012,1.823843,1062.975,1722.3885
bb09b488-e875-448b-9801-156d15b3962c,467,1775725260843658338,1775725260858782338,15.124,0.9504802,1013.32,1309.1471
bb09b488-e875-448b-9801-156d15b3962c,468,1775725260943782338,1775725261474282338,530.5,0.7482261,1358.843,2731.1348
bb09b488-e875-448b-9801-156d15b3962c,469,1775725261609407338,1775725262104907338,495.5,21.127352,1943.3912,5229.696
bb09b488-e875-448b-9801-156d15b3962c,470,1775725262195032338,1775725262225039338,30.007,2.0742083,1091.1544,1489.2421
bb09b488-e875-448b-9801-156d15b3962c,471,1775725262345157338,1775725262585285338,240.128,2.7578905,2971.469,7579.5884
bb09b488-e875-448b-9801-156d15b3962c,472,1775725263431156338,1775725263451164338,20.008,1.189941,962.34174,1057.1206
bb09b488-e875-448b-9801-156d15b3962c,473,1775725263571281338,1775725263741406338,170.125,39.269913,4546.648,10959.506
bb09b488-e875-448b-9801-156d15b3962c,474,1775725263841531338,1775725264011656338,170.125,5.5309095,2426.3857,4534.885
bb09b488-e875-448b-9801-156d15b3962c,475,1775725264121787338,1775725264141788338,20.001,1.5913997,1356.2623,2367.0059
bb09b488-e875-448b-9801-156d15b3962c,476,1775725264236906338,1775725264977531338,740.625,32.023407,3113.9,10175.455
bb09b488-e875-448b-9801-156d15b3962c,477,1775725265112656338,1775725265528031338,415.375,18.880735,2076.1013,6946.848
bb09b488-e875-448b-9801-156d15b3962c,478,1775725265613166338,1775725266103658338,490.492,19.980175,2104.1633,6707.973
bb09b488-e875-448b-9801-156d15b3962c,479,1775725266223780338,1775725266789294338,565.514,13.867443,2372.581,6814.2466
bb09b488-e875-448b-9801-156d15b3962c,480,1775725266899408338,1775725267820280338,920.872,1.2228662,1360.5073,3586.345
bb09b488-e875-448b-9801-156d15b3962c,481,1775725267965404338,1775725268010417338,45.013,2.4571192,1235.0555,1544.8278
bb09b488-e875-448b-9801-156d15b3962c,482,1775725268170529338,1775725268265654338,95.125,9.6743355,2733.3533,6377.594
bb09b488-e875-448b-9801-156d15b3962c,483,1775725268385779338,1775725268971279338,585.5,17.97244,1930.4513,5849.419
bb09b488-e875-448b-9801-156d15b3962c,484,1775725269091411338,1775725269897157338,805.746,8.176173,2936.0742,13937.395
bb09b488-e875-448b-9801-156d15b3962c,485,1775725269992279338,1775725270297533338,305.254,14.7813835,2988.0796,10479.928
bb09b488-e875-448b-9801-156d15b3962c,486,1775725270417653338,1775725270863028338,445.375,11.24101,2802.0774,8963.33
bb09b488-e875-448b-9801-156d15b3962c,487,1775725270973153338,1775725271573778338,600.625,5.997988,2367.5066,8214.199
bb09b488-e875-448b-9801-156d15b3962c,488,1775725271919028338,1775725272209278338,290.25,12.497194,2168.5925,7991.4263
bb09b488-e875-448b-9801-156d15b3962c,489,1775725272294403338,1775725272995028338,700.625,2.5370717,2585.4065,8973.765
bb09b488-e875-448b-9801-156d15b3962c,490,1775725273085152338,1775725273430527338,345.375,1.0663338,1301.812,2690.517
bb09b488-e875-448b-9801-156d15b3962c,491,1775725273520527338,1775725273725777338,205.25,3.3541043,1347.0093,2706.1343
bb09b488-e875-448b-9801-156d15b3962c,492,1775725273885902338,1775725274536535338,650.633,9.1341095,2597.038,9913.497
bb09b488-e875-448b-9801-156d15b3962c,493,1775725274616527338,1775725275097026338,480.499,1.933437,2243.7783,9688.893
bb09b488-e875-448b-9801-156d15b3962c,494,1775725275172160338,1775725275472409338,300.249,8.253999,2846.5366,9061.221
bb09b488-e875-448b-9801-156d15b3962c,495,1775725275597526338,1775725275617526338,20.0,1.1080197,1157.7048,1563.1313
bb09b488-e875-448b-9801-156d15b3962c,496,1775725275772658338,1775725275797651338,24.993,3.2343683,1775.0498,2935.5693
bb09b488-e875-448b-9801-156d15b3962c,497,1775725275907776338,1775725276718526338,810.75,6.815227,2122.7573,7634.2607
bb09b488-e875-448b-9801-156d15b3962c,498,1775725276853663338,1775725276868654338,14.991,1.5910705,1431.2809,2729.2861
bb09b488-e875-448b-9801-156d15b3962c,499,1775725276963785338,1775725277003777338,39.992,1.5278178,1899.3624,3026.0085
bb09b488-e875-448b-9801-156d15b3962c,500,1775725277264025338,1775725277844538338,580.513,13.493379,1800.2081,5646.67
bb09b488-e875-448b-9801-156d15b3962c,501,1775725277939650338,1775725277954650338,15.0,1.6481212,1515.6854,2184.276
bb09b488-e875-448b-9801-156d15b3962c,502,1775725278124900338,1775725279160775338,1035.875,13.813296,2557.742,9768.83
bb09b488-e875-448b-9801-156d15b3962c,503,1775725279260900338,1775725279691274338,430.374,5.479715,1610.6273,3933.1482
bb09b488-e875-448b-9801-156d15b3962c,504,1775725279811399338,1775725281453023338,1641.624,4.3790145,2029.4645,10128.598
bb09b488-e875-448b-9801-156d15b3962c,505,1775725281533024338,1775725281753273338,220.249,1.8601322,1239.9258,2259.8328
bb09b488-e875-448b-9801-156d15b3962c,506,1775725281883398338,1775725281933398338,50.0,0.24799089,1170.3604,1996.1617
bb09b488-e875-448b-9801-156d15b3962c,507,1775725282018523338,1775725282143648338,125.125,1.2457246,1106.1858,1788.6306
bb09b488-e875-448b-9801-156d15b3962c,508,1775725282223648338,1775725282358780338,135.132,1.7428507,1216.7135,3259.1287
bb09b488-e875-448b-9801-156d15b3962c,509,1775725282448898338,1775725282704148338,255.25,2.8614902,1420.6149,2884.3218
bb09b488-e875-448b-9801-156d15b3962c,510,1775725282929278338,1775725282944398338,15.12,0.8264242,1376.3655,1934.972
bb09b488-e875-448b-9801-156d15b3962c,511,1775725283034398338,1775725283324648338,290.25,0.28357777,1465.1113,4343.02
bb09b488-e875-448b-9801-156d15b3962c,512,1775725283449773338,1775725283695033338,245.26,1.3090141,1339.7509,2628.0093
bb09b488-e875-448b-9801-156d15b3962c,513,1775725283775147338,1775725284255522338,480.375,1.9996836,1485.8767,3140.1838
bb09b488-e875-448b-9801-156d15b3962c,514,1775725284365647338,1775725284385647338,20.0,1.3567498,1129.6511,1341.018
bb09b488-e875-448b-9801-156d15b3962c,515,1775725284595897338,1775725284655897338,60.0,0.25112763,1251.706,1883.2219
bb09b488-e875-448b-9801-156d15b3962c,516,1775725284851147338,1775725284906147338,55.0,0.88877827,1509.1364,2478.96
bb09b488-e875-448b-9801-156d15b3962c,517,1775725285036281338,1775725285426647338,390.366,2.3177736,1342.316,2599.3108
bb09b488-e875-448b-9801-156d15b3962c,518,1775725285521772338,1775725285726897338,205.125,0.910623,1366.0555,3125.4834
bb09b488-e875-448b-9801-156d15b3962c,519,1775725285857021338,1775725286017271338,160.25,0.34848985,1261.8011,2066.0044
bb09b488-e875-448b-9801-156d15b3962c,520,1775725286097271338,1775725286142396338,45.125,0.6856474,1293.3191,1906.5538
bb09b488-e875-448b-9801-156d15b3962c,521,1775725286247396338,1775725286432646338,185.25,1.0868961,1268.1189,2119.366
bb09b488-e875-448b-9801-156d15b3962c,522,1775725286512646338,1775725286532646338,20.0,1.719806,1497.3677,2500.3745
bb09b488-e875-448b-9801-156d15b3962c,523,1775725286612771338,1775725286893021338,280.25,1.1551796,1194.9033,2256.9434
bb09b488-e875-448b-9801-156d15b3962c,524,1775725286968146338,1775725287043152338,75.006,0.79440594,1280.2136,2138.7493
bb09b488-e875-448b-9801-156d15b3962c,525,1775725287258396338,1775725287343521338,85.125,0.5882393,1029.3257,1490.7704
bb09b488-e875-448b-9801-156d15b3962c,526,1775725287468520338,1775725288154270338,685.75,0.82663834,1293.4856,3412.7375
bb09b488-e875-448b-9801-156d15b3962c,527,1775725288239270338,1775725289250270338,1011.0,0.6891061,1429.5092,2930.5803
bb09b488-e875-448b-9801-156d15b3962c,528,1775725289340270338,1775725290561519338,1221.249,3.372421,1439.3739,3465.991
bb09b488-e875-448b-9801-156d15b3962c,529,1775725290706644338,1775725290761644338,55.0,1.2742577,1217.4155,2045.0819
bb09b488-e875-448b-9801-156d15b3962c,530,1775725290876769338,1775725291081894338,205.125,0.9509041,1536.9974,3562.405
bb09b488-e875-448b-9801-156d15b3962c,531,1775725291192019338,1775725291272144338,80.125,1.9692805,1679.5079,2890.6267
bb09b488-e875-448b-9801-156d15b3962c,532,1775725291457269338,1775725291897768338,440.499,1.8789068,1428.5106,3839.814
bb09b488-e875-448b-9801-156d15b3962c,533,1775725291987772338,1775725293118900338,1131.128,4.442818,1510.4529,3903.2993
bb09b488-e875-448b-9801-156d15b3962c,534,1775725293244018338,1775725293684392338,440.374,1.911125,2536.834,9184.348
bb09b488-e875-448b-9801-156d15b3962c,535,1775725293789524338,1775725293879518338,89.994,1.1204934,1258.9476,2366.2078
bb09b488-e875-448b-9801-156d15b3962c,536,1775725293974642338,1775725294445142338,470.5,4.199111,2412.56,10335.215
bb09b488-e875-448b-9801-156d15b3962c,537,1775725294560152338,1775725295110767338,550.615,5.8273244,2499.289,9610.187
bb09b488-e875-448b-9801-156d15b3962c,538,1775725295230892338,1775725295315891338,84.999,0.8662394,1295.458,1925.95
bb09b488-e875-448b-9801-156d15b3962c,539,1775725295441016338,1775725295506144338,65.128,0.9403563,1259.936,2175.1167
bb09b488-e875-448b-9801-156d15b3962c,540,1775725295606155338,1775725295781392338,175.237,4.615258,1827.1082,3421.2173
bb09b488-e875-448b-9801-156d15b3962c,541,1775725295881391338,1775725296406891338,525.5,13.007006,1837.0859,5490.241
bb09b488-e875-448b-9801-156d15b3962c,542,1775725296567016338,1775725297477902338,910.886,0.5891793,2629.5564,9253.692
bb09b488-e875-448b-9801-156d15b3962c,543,1775725297643140338,1775725298213640338,570.5,15.451215,2687.6982,9562.102
bb09b488-e875-448b-9801-156d15b3962c,544,1775725298298643338,1775725298333770338,35.127,0.4660486,1357.429,2330.5747
bb09b488-e875-448b-9801-156d15b3962c,545,1775725298433765338,1775725298669015338,235.25,3.5039845,1245.9694,2381.6284
bb09b488-e875-448b-9801-156d15b3962c,546,1775725298794143338,1775725299129515338,335.372,4.102941,1275.9166,2688.2927
bb09b488-e875-448b-9801-156d15b3962c,547,1775725299209515338,1775725299564889338,355.374,2.9421804,1382.9376,3596.5593
bb09b488-e875-448b-9801-156d15b3962c,548,1775725299645014338,1775725299910141338,265.127,5.6384354,1604.7726,3654.1487
bb09b488-e875-448b-9801-156d15b3962c,549,1775725299995274338,1775725300090389338,95.115,0.2661865,1446.2468,2481.4854
bb09b488-e875-448b-9801-156d15b3962c,550,1775725300260517338,1775725300500764338,240.247,7.3480477,1632.2861,4351.3228
bb09b488-e875-448b-9801-156d15b3962c,551,1775725300580764338,1775725300595889338,15.125,0.60341537,1261.1422,1832.7687
bb09b488-e875-448b-9801-156d15b3962c,552,1775725300685899338,1775725300861142338,175.243,5.5301633,1589.6445,2961.6406
bb09b488-e875-448b-9801-156d15b3962c,553,1775725300941138338,1775725301361513338,420.375,8.43404,1737.5735,5617.2036
bb09b488-e875-448b-9801-156d15b3962c,554,1775725301451639338,1775725301516638338,64.999,9.974147,2183.9316,3978.1753
bb09b488-e875-448b-9801-156d15b3962c,555,1775725301691894338,1775725301827013338,135.119,0.87201554,1257.7727,2432.6719
bb09b488-e875-448b-9801-156d15b3962c,556,1775725301952138338,1775725302467641338,515.503,16.118923,1718.3188,5556.163
bb09b488-e875-448b-9801-156d15b3962c,557,1775725302607763338,1775725302888013338,280.25,2.663975,3329.3325,8362.597
bb09b488-e875-448b-9801-156d15b3962c,558,1775725303243262338,1775725303508512338,265.25,23.222294,2651.9033,8178.881
bb09b488-e875-448b-9801-156d15b3962c,559,1775725303603645338,1775725304284262338,680.617,11.783214,2796.685,9889.109
bb09b488-e875-448b-9801-156d15b3962c,560,1775725304529512338,1775725304544512338,15.0,1.862338,1693.821,2529.524
bb09b488-e875-448b-9801-156d15b3962c,561,1775725304639637338,1775725304904887338,265.25,19.208504,3874.8127,10621.475
bb09b488-e875-448b-9801-156d15b3962c,562,1775725304984886338,1775725305385261338,400.375,26.433897,2221.6597,7639.8804
bb09b488-e875-448b-9801-156d15b3962c,563,1775725305705645338,1775725305980886338,275.241,3.4867923,3142.6838,9184.322
bb09b488-e875-448b-9801-156d15b3962c,564,1775725306151011338,1775725306351261338,200.25,14.44481,2583.4602,6464.5347
bb09b488-e875-448b-9801-156d15b3962c,565,1775725306466265338,1775725306481386338,15.121,0.9735118,1121.2241,1550.1168
bb09b488-e875-448b-9801-156d15b3962c,566,1775725306631511338,1775725306671519338,40.008,4.1877923,1889.1768,2888.6626
bb09b488-e875-448b-9801-156d15b3962c,567,1775725306866635338,1775725306881760338,15.125,1.0932012,1167.6132,1925.4293
bb09b488-e875-448b-9801-156d15b3962c,568,1775725306976760338,1775725307061885338,85.125,3.5166411,1407.0972,3128.9438
bb09b488-e875-448b-9801-156d15b3962c,569,1775725307157010338,1775725307172010338,15.0,0.75223994,1027.4956,1423.8119
bb09b488-e875-448b-9801-156d15b3962c,570,1775725307252014338,1775725307612385338,360.371,1.9945396,1417.8696,2628.3909
bb09b488-e875-448b-9801-156d15b3962c,571,1775725307842635338,1775725307932635338,90.0,7.9980097,1781.0442,4834.49
bb09b488-e875-448b-9801-156d15b3962c,572,1775725308072892338,1775725308122885338,49.993,1.4785441,1146.2534,1961.0491
bb09b488-e875-448b-9801-156d15b3962c,573,1775725308303009338,1775725308363135338,60.126,0.46425337,1200.9867,2242.159
bb09b488-e875-448b-9801-156d15b3962c,574,1775725308458134338,1775725308583260338,125.126,5.6723275,1591.5907,3889.62
bb09b488-e875-448b-9801-156d15b3962c,575,1775725308668386338,1775725308868509338,200.123,1.8673118,1360.9427,2503.3123
bb09b488-e875-448b-9801-156d15b3962c,576,1775725309068772338,1775725309429134338,360.362,1.7367945,1295.9436,2913.466
bb09b488-e875-448b-9801-156d15b3962c,577,1775725309509139338,1775725309554259338,45.12,1.1462331,1279.74,1809.6997
bb09b488-e875-448b-9801-156d15b3962c,578,1775725309644259338,1775725309759395338,115.136,1.1438645,1343.9154,2643.8447
bb09b488-e875-448b-9801-156d15b3962c,579,1775725310129758338,1775725310149768338,20.01,0.20656802,1301.6599,1632.9648
bb09b488-e875-448b-9801-156d15b3962c,580,1775725310264883338,1775725310284883338,20.0,1.6846586,1099.4528,1689.7737
bb09b488-e875-448b-9801-156d15b3962c,581,1775725310425008338,1775725310835386338,410.378,1.7196145,1381.0896,2757.0103
bb09b488-e875-448b-9801-156d15b3962c,582,1775725311000508338,1775725311135633338,135.125,0.58935267,1270.7551,3333.1472
bb09b488-e875-448b-9801-156d15b3962c,583,1775725311285883338,1775725311506008338,220.125,0.73468906,1137.0757,1816.0005
bb09b488-e875-448b-9801-156d15b3962c,584,1775725311646133338,1775725311766257338,120.124,0.47115704,1084.0027,2135.0505
bb09b488-e875-448b-9801-156d15b3962c,585,1775725311841383338,1775725311956508338,115.125,0.55830646,1079.1556,1849.5511
bb09b488-e875-448b-9801-156d15b3962c,586,1775725312086632338,1775725312211632338,125.0,2.010607,1292.722,2379.2236
bb09b488-e875-448b-9801-156d15b3962c,587,1775725312291757338,1775725312426882338,135.125,0.42260045,1310.3093,2518.9402
bb09b488-e875-448b-9801-156d15b3962c,588,1775725312552007338,1775725312642132338,90.125,3.601185,1688.2715,3728.7935
bb09b488-e875-448b-9801-156d15b3962c,589,1775725312832257338,1775725312922382338,90.125,0.6637353,1372.7102,2166.8796
bb09b488-e875-448b-9801-156d15b3962c,590,1775725313012382338,1775725313062507338,50.125,0.4484018,1065.2394,1682.2375
bb09b488-e875-448b-9801-156d15b3962c,591,1775725313227632338,1775725313327757338,100.125,0.13413173,1029.1626,2112.466
bb09b488-e875-448b-9801-156d15b3962c,592,1775725313537881338,1775725313903256338,365.375,0.4508368,1252.0963,2406.7903
bb09b488-e875-448b-9801-156d15b3962c,593,1775725314003381338,1775725314273631338,270.25,2.5299044,1380.3385,2769.859
bb09b488-e875-448b-9801-156d15b3962c,594,1775725314358637338,1775725314543881338,185.244,1.761156,1254.3582,2426.6987
bb09b488-e875-448b-9801-156d15b3962c,595,1775725314779134338,1775725314864131338,84.997,0.60452265,1403.4841,2065.0518
bb09b488-e875-448b-9801-156d15b3962c,596,1775725314999256338,1775725315059381338,60.125,0.6828322,1439.4045,2911.0474
bb09b488-e875-448b-9801-156d15b3962c,597,1775725315194505338,1775725315294630338,100.125,1.8554829,1248.6656,2553.1714
bb09b488-e875-448b-9801-156d15b3962c,598,1775725315429755338,1775725315604880338,175.125,1.4061906,1161.8536,1932.5607
bb09b488-e875-448b-9801-156d15b3962c,599,1775725315694880338,1775725315710005338,15.125,1.030277,1027.0723,1390.1028
bb09b488-e875-448b-9801-156d15b3962c,600,1775725315890130338,1775725315975255338,85.125,2.8807712,1449.7408,2837.5461
bb09b488-e875-448b-9801-156d15b3962c,601,1775725316120380338,1775725316175380338,55.0,0.88407123,1209.445,1757.2114
bb09b488-e875-448b-9801-156d15b3962c,602,1775725316270505338,1775725316370630338,100.125,0.9260409,1167.4335,1950.8319
bb09b488-e875-448b-9801-156d15b3962c,603,1775725316460630338,1775725316771011338,310.381,1.5708168,1321.5238,2930.4277
bb09b488-e875-448b-9801-156d15b3962c,604,1775725317011129338,1775725317296379338,285.25,2.1416557,1398.8218,3045.8071
bb09b488-e875-448b-9801-156d15b3962c,605,1775725317396504338,1775725318432503338,1035.999,5.470269,1370.6392,4199.354
bb09b488-e875-448b-9801-156d15b3962c,606,1775725318557628338,1775725318812878338,255.25,3.4143953,1382.704,2846.8403
bb09b488-e875-448b-9801-156d15b3962c,607,1775725318902878338,1775725319018003338,115.125,0.8248854,1332.1505,2329.0305
bb09b488-e875-448b-9801-156d15b3962c,608,1775725319228253338,1775725319333387338,105.134,1.668901,1193.2894,2096.2087
bb09b488-e875-448b-9801-156d15b3962c,609,1775725319503503338,1775725319888878338,385.375,1.0615232,1288.0966,2784.6035
bb09b488-e875-448b-9801-156d15b3962c,610,1775725319979003338,1775725322976763338,2997.76,1.1671296,1926.5602,6254.31
bb09b488-e875-448b-9801-156d15b3962c,611,1775725323131880338,1775725324413126338,1281.246,1.5842582,1478.7795,4649.34
bb09b488-e875-448b-9801-156d15b3962c,612,1775725324548250338,1775725325358999338,810.749,1.0351274,1502.2206,4948.262
bb09b488-e875-448b-9801-156d15b3962c,613,1775725325453999338,1775725325644249338,190.25,6.400737,1517.2661,4963.8564
bb09b488-e875-448b-9801-156d15b3962c,614,1775725325724249338,1775725325759374338,35.125,0.8849969,1297.441,2093.8257
bb09b488-e875-448b-9801-156d15b3962c,615,1775725325849374338,1775725327310748338,1461.374,4.739049,1676.9393,4807.2725
bb09b488-e875-448b-9801-156d15b3962c,616,1775725327400875338,1775725328847247338,1446.372,2.3412068,1579.7045,4016.4314
bb09b488-e875-448b-9801-156d15b3962c,617,1775725328942372338,1775725330453746338,1511.374,6.993058,1542.096,4205.638
bb09b488-e875-448b-9801-156d15b3962c,618,1775725330528746338,1775725331179371338,650.625,2.9098847,1992.631,7187.0283
bb09b488-e875-448b-9801-156d15b3962c,619,1775725331349509338,1775725331484752338,135.243,1.0655227,1607.4806,3590.4736
bb09b488-e875-448b-9801-156d15b3962c,620,1775725331584751338,1775725331930120338,345.369,3.5547593,1367.2584,3066.101
bb09b488-e875-448b-9801-156d15b3962c,621,1775725332025132338,1775725332175370338,150.238,0.65279436,1351.7351,2181.4739
bb09b488-e875-448b-9801-156d15b3962c,622,1775725332280495338,1775725333361494338,1080.999,2.4041603,1918.9684,7752.16
bb09b488-e875-448b-9801-156d15b3962c,623,1775725333441494338,1775725333691744338,250.25,1.5618771,1478.9938,3373.381
bb09b488-e875-448b-9801-156d15b3962c,624,1775725333766869338,1775725335408368338,1641.499,2.301056,1451.5476,3507.5618
bb09b488-e875-448b-9801-156d15b3962c,625,1775725335573493338,1775725335813742338,240.249,0.9868922,1504.3933,2919.428
bb09b488-e875-448b-9801-156d15b3962c,626,1775725335918871338,1775725336098992338,180.121,1.2783811,1837.1384,3769.8928
bb09b488-e875-448b-9801-156d15b3962c,627,1775725336174117338,1775725337530366338,1356.249,2.623542,1470.8582,3521.8691
bb09b488-e875-448b-9801-156d15b3962c,628,1775725337680491338,1775725337700503338,20.012,0.6802458,1159.4232,1623.5166
bb09b488-e875-448b-9801-156d15b3962c,629,1775725337845616338,1775725341048614338,3202.998,19.640272,1905.4565,10189.883
bb09b488-e875-448b-9801-156d15b3962c,630,1775725341148739338,1775725341218738338,69.999,5.7069416,3008.8555,4624.995
bb09b488-e875-448b-9801-156d15b3962c,631,1775725341308864338,1775725341368863338,59.999,10.387852,2749.9636,5674.142
bb09b488-e875-448b-9801-156d15b3962c,632,1775725341549113338,1775725342039492338,490.379,27.132504,3933.5317,10381.999
bb09b488-e875-448b-9801-156d15b3962c,633,1775725342124613338,1775725342620113338,495.5,12.504701,2161.0845,6336.4316
bb09b488-e875-448b-9801-156d15b3962c,634,1775725342705114338,1775725342735237338,30.123,2.358499,1482.0406,2274.6238
bb09b488-e875-448b-9801-156d15b3962c,635,1775725342900362338,1775725342955362338,55.0,1.4552256,1392.9609,2818.288
bb09b488-e875-448b-9801-156d15b3962c,636,1775725343030487338,1775725343295737338,265.25,20.71055,2589.995,7163.725
bb09b488-e875-448b-9801-156d15b3962c,637,1775725343380862338,1775725343410873338,30.011,2.042098,1132.8939,1546.5997
bb09b488-e875-448b-9801-156d15b3962c,638,1775725343796237338,1775725344091487338,295.25,21.460705,3604.9688,8643.526
bb09b488-e875-448b-9801-156d15b3962c,639,1775725344226611338,1775725344306611338,80.0,3.1396487,1369.0359,2483.0828
bb09b488-e875-448b-9801-156d15b3962c,640,1775725344381736338,1775725344406736338,25.0,1.86091,1132.8777,1552.3761
bb09b488-e875-448b-9801-156d15b3962c,641,1775725344516861338,1775725344626986338,110.125,19.666674,3551.4988,7360.6426
bb09b488-e875-448b-9801-156d15b3962c,642,1775725344772111338,1775725344797111338,25.0,2.4446464,1281.515,2512.8357
bb09b488-e875-448b-9801-156d15b3962c,643,1775725345307611338,1775725345327623338,20.012,0.9912146,836.4529,876.5476
bb09b488-e875-448b-9801-156d15b3962c,644,1775725345572860338,1775725345853110338,280.25,19.412262,2365.1636,9365.386
bb09b488-e875-448b-9801-156d15b3962c,645,1775725345938235338,1775725346053235338,115.0,1.1775969,1115.4177,2107.419
bb09b488-e875-448b-9801-156d15b3962c,646,1775725346128360338,1775725346158360338,30.0,2.098507,1160.1775,1652.6685
bb09b488-e875-448b-9801-156d15b3962c,647,1775725346368610338,1775725346558735338,190.125,17.070324,2386.0083,6584.066
bb09b488-e875-448b-9801-156d15b3962c,648,1775725346768987338,1775725346949113338,180.126,5.188636,3904.7998,9654.619
bb09b488-e875-448b-9801-156d15b3962c,649,1775725347194359338,1775725347214359338,20.0,1.5299795,1171.9141,1458.521
bb09b488-e875-448b-9801-156d15b3962c,650,1775725347464614338,1775725347524609338,59.995,13.731876,3132.5908,6825.151
bb09b488-e875-448b-9801-156d15b3962c,651,1775725347624734338,1775725347904984338,280.25,1.123333,1388.1696,2254.4329
bb09b488-e875-448b-9801-156d15b3962c,652,1775725347985109338,1775725348015123338,30.014,1.9811007,1244.2461,1797.3367
bb09b488-e875-448b-9801-156d15b3962c,653,1775725348250358338,1775725348280362338,30.004,2.8443265,1496.7784,2520.8591
bb09b488-e875-448b-9801-156d15b3962c,654,1775725348450484338,1775725348495615338,45.131,4.5748935,1550.1715,2387.5718
bb09b488-e875-448b-9801-156d15b3962c,655,1775725348670733338,1775725348690733338,20.0,1.4419869,1201.9808,1912.3594
bb09b488-e875-448b-9801-156d15b3962c,656,1775725348795858338,1775725348815858338,20.0,1.3409058,1214.468,1509.1389
bb09b488-e875-448b-9801-156d15b3962c,657,1775725348890993338,1775725349711732338,820.739,11.106047,2401.0317,7872.475
bb09b488-e875-448b-9801-156d15b3962c,658,1775725349801738338,1775725350031982338,230.244,22.987017,4417.9873,13911.551
bb09b488-e875-448b-9801-156d15b3962c,659,1775725350127107338,1775725350157120338,30.013,2.572046,1190.7626,1785.0924
bb09b488-e875-448b-9801-156d15b3962c,660,1775725350627612338,1775725352003856338,1376.244,26.872648,2403.4668,6748.762
bb09b488-e875-448b-9801-156d15b3962c,661,1775725352093981338,1775725352964734338,870.753,1.9314849,1733.4116,3648.2058
bb09b488-e875-448b-9801-156d15b3962c,662,1775725353074855338,1775725353385105338,310.25,2.8734868,1515.2264,3865.324
bb09b488-e875-448b-9801-156d15b3962c,663,1775725353470239338,1775725353785479338,315.24,4.481045,1598.7559,3156.4148
bb09b488-e875-448b-9801-156d15b3962c,664,1775725353930604338,1775725354396104338,465.5,11.220999,2034.6063,6386.9043
bb09b488-e875-448b-9801-156d15b3962c,665,1775725354546229338,1775725354576229338,30.0,0.40230322,1324.6898,2013.8535
bb09b488-e875-448b-9801-156d15b3962c,666,1775725354656354338,1775725355532103338,875.749,11.486627,2164.2412,8489.751
bb09b488-e875-448b-9801-156d15b3962c,667,1775725355622228338,1775725355647233338,25.005,1.4077597,1106.1366,1715.0306
bb09b488-e875-448b-9801-156d15b3962c,668,1775725355742353338,1775725355787353338,45.0,0.7602685,1010.6003,1390.8073
bb09b488-e875-448b-9801-156d15b3962c,669,1775725355862479338,1775725356087732338,225.253,3.5851965,3249.7192,8227.064
bb09b488-e875-448b-9801-156d15b3962c,670,1775725356212728338,1775725356292853338,80.125,2.4107945,1063.5524,1455.5071
bb09b488-e875-448b-9801-156d15b3962c,671,1775725356843352338,1775725357213727338,370.375,13.483579,2160.333,5833.562
bb09b488-e875-448b-9801-156d15b3962c,672,1775725357423977338,1775725357443977338,20.0,1.2505598,1102.6077,1402.4387
bb09b488-e875-448b-9801-156d15b3962c,673,1775725357564102338,1775725357699227338,135.125,0.40503857,1235.5176,1977.3213
bb09b488-e875-448b-9801-156d15b3962c,674,1775725357784226338,1775725357934351338,150.125,1.4044994,1131.9243,2151.2456
bb09b488-e875-448b-9801-156d15b3962c,675,1775725358059478338,1775725358690101338,630.623,14.264227,2459.8613,8209.225
bb09b488-e875-448b-9801-156d15b3962c,676,1775725358910351338,1775725359010351338,100.0,1.9951198,1242.7241,1777.2202
bb09b488-e875-448b-9801-156d15b3962c,677,1775725359095476338,1775725360126475338,1030.999,5.251812,2239.6775,7167.303
bb09b488-e875-448b-9801-156d15b3962c,678,1775725360591849338,1775725361432599338,840.75,1.7431294,2602.1523,8577.718
bb09b488-e875-448b-9801-156d15b3962c,679,1775725362228349338,1775725362308477338,80.128,1.0644555,1038.154,1313.3469
bb09b488-e875-448b-9801-156d15b3962c,680,1775725363039110338,1775725363069222338,30.112,2.46444,1131.432,1619.009
bb09b488-e875-448b-9801-156d15b3962c,681,1775725363159222338,1775725363224348338,65.126,16.760405,3878.585,6540.5503
bb09b488-e875-448b-9801-156d15b3962c,682,1775725364365346338,1775725365106096338,740.75,22.043358,3389.367,14343.467
bb09b488-e875-448b-9801-156d15b3962c,683,1775725365236221338,1775725365296221338,60.0,7.1372747,2230.5261,3560.3435
bb09b488-e875-448b-9801-156d15b3962c,684,1775725365406346338,1775725365501475338,95.129,7.0121555,2235.3203,4814.6104
bb09b488-e875-448b-9801-156d15b3962c,685,1775725365726720338,1775725365791725338,65.005,6.588287,2467.6165,5429.0835
bb09b488-e875-448b-9801-156d15b3962c,686,1775725365946845338,1775725365961845338,15.0,1.3940536,1165.3734,2090.5461
bb09b488-e875-448b-9801-156d15b3962c,687,1775725366071970338,1775725366217095338,145.125,11.647817,3072.4739,8410.701
bb09b488-e875-448b-9801-156d15b3962c,688,1775725366307220338,1775725366562470338,255.25,14.600846,2552.3303,6773.356
bb09b488-e875-448b-9801-156d15b3962c,689,1775725366637470338,1775725366842720338,205.25,2.4584525,1635.0371,3662.3938
bb09b488-e875-448b-9801-156d15b3962c,690,1775725367062969338,1775725367082969338,20.0,1.9927263,1337.8064,2430.366
bb09b488-e875-448b-9801-156d15b3962c,691,1775725367288094338,1775725367708473338,420.379,5.5846286,2346.1848,8675.343
bb09b488-e875-448b-9801-156d15b3962c,692,1775725367783594338,1775725368609343338,825.749,1.6421384,1542.2504,3458.4272
bb09b488-e875-448b-9801-156d15b3962c,693,1775725368784468338,1775725369214968338,430.5,1.4346874,1313.8309,3180.7832
bb09b488-e875-448b-9801-156d15b3962c,694,1775725369385092338,1775725369540218338,155.126,1.154246,1201.5052,2146.7388
bb09b488-e875-448b-9801-156d15b3962c,695,1775725369665349338,1775725369690342338,24.993,1.7809507,1020.34436,1527.767
bb09b488-e875-448b-9801-156d15b3962c,696,1775725369800467338,1775725370105717338,305.25,1.0891423,1290.7639,2386.2178
bb09b488-e875-448b-9801-156d15b3962c,697,1775725370200842338,1775725370225842338,25.0,0.7075593,1097.3656,1498.6548
bb09b488-e875-448b-9801-156d15b3962c,698,1775725370441096338,1775725370466092338,24.996,0.48901832,1218.0712,1810.4073
bb09b488-e875-448b-9801-156d15b3962c,699,1775725370741350338,1775725370951591338,210.241,3.1607747,1212.6282,2402.1943
bb09b488-e875-448b-9801-156d15b3962c,700,1775725371081716338,1775725371281841338,200.125,23.101864,3221.951,7812.9673
bb09b488-e875-448b-9801-156d15b3962c,701,1775725371376970338,1775725371411966338,34.996,2.8191423,1436.7385,1970.9298
bb09b488-e875-448b-9801-156d15b3962c,702,1775725371837341338,1775725372187723338,350.382,18.369083,2685.2622,8288.216
bb09b488-e875-448b-9801-156d15b3962c,703,1775725372277840338,1775725372397848338,120.008,1.5910608,1395.3816,2250.1934
bb09b488-e875-448b-9801-156d15b3962c,704,1775725372477977338,1775725372753215338,275.238,3.1770022,1196.828,2047.6934
bb09b488-e875-448b-9801-156d15b3962c,705,1775725372873350338,1775725373358840338,485.49,7.7479477,3237.6636,8895.812
bb09b488-e875-448b-9801-156d15b3962c,706,1775725373448840338,1775725373583966338,135.126,1.2722592,1895.1382,3185.694
bb09b488-e875-448b-9801-156d15b3962c,707,1775725373669089338,1775725373719089338,50.0,5.6523557,1970.1549,3468.4302
bb09b488-e875-448b-9801-156d15b3962c,708,1775725373924339338,1775725374159589338,235.25,8.839653,2028.2227,5074.285
bb09b488-e875-448b-9801-156d15b3962c,709,1775725374279714338,1775725374735088338,455.374,10.104297,2505.4316,8202.358
bb09b488-e875-448b-9801-156d15b3962c,710,1775725374860213338,1775725375040338338,180.125,11.374404,2106.0312,5974.184
bb09b488-e875-448b-9801-156d15b3962c,711,1775725375145467338,1775725375165463338,19.996,1.2891172,1048.665,1329.8617
bb09b488-e875-448b-9801-156d15b3962c,712,1775725375240588338,1775725375265591338,25.003,1.6717234,1180.3169,1393.5416
bb09b488-e875-448b-9801-156d15b3962c,713,1775725375590838338,1775725375630963338,40.125,1.6824243,1559.4031,2266.3
bb09b488-e875-448b-9801-156d15b3962c,714,1775725375886213338,1775725375906212338,19.999,2.4123125,1537.0691,2011.0444
bb09b488-e875-448b-9801-156d15b3962c,715,1775725376011338338,1775725376671837338,660.499,20.332829,2603.9412,7779.528
bb09b488-e875-448b-9801-156d15b3962c,716,1775725376917087338,1775725377087337338,170.25,0.26438257,1143.0146,1576.1497
bb09b488-e875-448b-9801-156d15b3962c,717,1775725377297461338,1775725377392598338,95.137,0.17728907,1253.9707,2032.9259
bb09b488-e875-448b-9801-156d15b3962c,718,1775725377682836338,1775725378163336338,480.5,1.6608458,1227.0332,2597.9983
bb09b488-e875-448b-9801-156d15b3962c,719,1775725378338460338,1775725379009085338,670.625,24.289885,1887.5989,8674.351
bb09b488-e875-448b-9801-156d15b3962c,720,1775725379089216338,1775725379229335338,140.119,9.139362,2208.7197,4362.2144
bb09b488-e875-448b-9801-156d15b3962c,721,1775725379449460338,1775725379664710338,215.25,2.6059542,3997.0916,13556.859
bb09b488-e875-448b-9801-156d15b3962c,722,1775725380065086338,1775725380085084338,19.998,1.0627902,863.5056,1108.9749
bb09b488-e875-448b-9801-156d15b3962c,723,1775725380435459338,1775725380745709338,310.25,19.989645,2147.8281,8861.983
bb09b488-e875-448b-9801-156d15b3962c,724,1775725380825834338,1775725380885834338,60.0,2.0206444,1294.5619,2048.4326
bb09b488-e875-448b-9801-156d15b3962c,725,1775725381005959338,1775725381181083338,175.124,23.575413,3333.1338,9820.219
bb09b488-e875-448b-9801-156d15b3962c,726,1775725381356208338,1775725382367207338,1010.999,3.341207,2972.1409,11276.037
bb09b488-e875-448b-9801-156d15b3962c,727,1775725382852715338,1775725382867707338,14.992,1.0927762,1123.9745,1359.8785
bb09b488-e875-448b-9801-156d15b3962c,728,1775725382952707338,1775725383137957338,185.25,11.01747,3392.306,7656.808
bb09b488-e875-448b-9801-156d15b3962c,729,1775725383323085338,1775725383343082338,19.997,1.3804219,1175.167,1700.5347
bb09b488-e875-448b-9801-156d15b3962c,730,1775725383603331338,1775725383618331338,15.0,1.0227556,1142.8141,1644.1881
bb09b488-e875-448b-9801-156d15b3962c,731,1775725383863775338,1775725384659527338,795.752,12.802605,2420.4766,8806.3125
bb09b488-e875-448b-9801-156d15b3962c,732,1775725384759650338,1775725387907524338,3147.874,2.0814164,2441.0105,10053.72
bb09b488-e875-448b-9801-156d15b3962c,733,1775725388067774338,1775725388463149338,395.375,23.963936,2451.2861,8218.602
bb09b488-e875-448b-9801-156d15b3962c,734,1775725388573149338,1775725388658274338,85.125,3.8520646,1165.8649,1557.7886
bb09b488-e875-448b-9801-156d15b3962c,735,1775725388973536338,1775725388988657338,15.121,0.930455,1010.87897,1469.0474
bb09b488-e875-448b-9801-156d15b3962c,736,1775725389078661338,1775725391140649338,2061.988,4.2770786,2208.5535,7614.6313
bb09b488-e875-448b-9801-156d15b3962c,737,1775725391230648338,1775725391385773338,155.125,4.539699,1534.1523,2959.0278
bb09b488-e875-448b-9801-156d15b3962c,738,1775725391691148338,1775725391716148338,25.0,1.846083,1227.8075,1559.4371
bb09b488-e875-448b-9801-156d15b3962c,739,1775725391826273338,1775725392001398338,175.125,1.7904422,1072.201,1551.8851
bb09b488-e875-448b-9801-156d15b3962c,740,1775725392496898338,1775725392511898338,15.0,0.9603699,1091.971,1438.1084
bb09b488-e875-448b-9801-156d15b3962c,741,1775725392677023338,1775725392697023338,20.0,1.5630469,1083.9208,1784.6833
bb09b488-e875-448b-9801-156d15b3962c,742,1775725392877273338,1775725392902273338,25.0,1.3723043,1088.2491,1455.6346
bb09b488-e875-448b-9801-156d15b3962c,743,1775725393117398338,1775725393137523338,20.125,1.5227935,1163.0801,1528.6459
bb09b488-e875-448b-9801-156d15b3962c,744,1775725393447773338,1775725394273522338,825.749,5.265591,3010.8179,14926.572
bb09b488-e875-448b-9801-156d15b3962c,745,1775725394348647338,1775725395374522338,1025.875,5.393691,1697.6411,4499.478
bb09b488-e875-448b-9801-156d15b3962c,746,1775725395534772338,1775725396085272338,550.5,3.6885746,1477.5663,3451.7058
bb09b488-e875-448b-9801-156d15b3962c,747,1775725396170272338,1775725396710772338,540.5,6.197857,1443.4049,5357.262
bb09b488-e875-448b-9801-156d15b3962c,748,1775725396906033338,1775725397686780338,780.747,0.55202425,1379.569,3338.4465
bb09b488-e875-448b-9801-156d15b3962c,749,1775725397771771338,1775725399678521338,1906.75,4.8887143,1797.8998,4949.919
bb09b488-e875-448b-9801-156d15b3962c,750,1775725399768650338,1775725401335146338,1566.496,3.8438034,1798.5558,7531.8564
bb09b488-e875-448b-9801-156d15b3962c,751,1775725401420270338,1775725403567270338,2147.0,0.35796377,1414.1406,3861.9163
bb09b488-e875-448b-9801-156d15b3962c,752,1775725403642270338,1775725403692395338,50.125,0.980472,1618.2335,2681.0835
bb09b488-e875-448b-9801-156d15b3962c,753,1775725403807395338,1775725405689144338,1881.749,2.0676143,1926.1791,9162.0625
bb09b488-e875-448b-9801-156d15b3962c,754,1775725405769269338,1775725406159644338,390.375,25.563463,2310.1772,10817.993
bb09b488-e875-448b-9801-156d15b3962c,755,1775725406319773338,1775725406439894338,120.121,11.478245,2453.247,5473.6763
bb09b488-e875-448b-9801-156d15b3962c,756,1775725406580019338,1775725407025394338,445.375,7.8192344,1854.8823,5411.9893
bb09b488-e875-448b-9801-156d15b3962c,757,1775725407475894338,1775725407540894338,65.0,1.07408,1121.1089,2029.2897
bb09b488-e875-448b-9801-156d15b3962c,758,1775725407826147338,1775725407841269338,15.122,0.95999026,1101.335,1570.8943
bb09b488-e875-448b-9801-156d15b3962c,759,1775725407991394338,1775725408021394338,30.0,3.6873415,1841.076,2561.3535
bb09b488-e875-448b-9801-156d15b3962c,760,1775725408231519338,1775725408246644338,15.125,0.8886547,928.7528,1105.5586
bb09b488-e875-448b-9801-156d15b3962c,761,1775725408326644338,1775725409242518338,915.874,4.835372,2175.2786,6447.425
bb09b488-e875-448b-9801-156d15b3962c,762,1775725409332643338,1775725409908143338,575.5,4.442808,1643.4503,3714.8508
bb09b488-e875-448b-9801-156d15b3962c,763,1775725409993270338,1775725410433643338,440.373,9.192995,2110.7246,5809.774
bb09b488-e875-448b-9801-156d15b3962c,764,1775725410643772338,1775725411534643338,890.871,9.712777,1668.7391,8277.427
bb09b488-e875-448b-9801-156d15b3962c,765,1775725411649768338,1775725412535642338,885.874,8.032756,2312.7446,9023.19
bb09b488-e875-448b-9801-156d15b3962c,766,1775725412720767338,1775725412735767338,15.0,1.6887987,1308.1044,2570.9868
bb09b488-e875-448b-9801-156d15b3962c,767,1775725412810905338,1775725413016017338,205.112,6.419284,1451.6855,3664.939
bb09b488-e875-448b-9801-156d15b3962c,768,1775725413096142338,1775725413111142338,15.0,1.2350883,1050.5532,1268.7518
bb09b488-e875-448b-9801-156d15b3962c,769,1775725413346392338,1775725413516517338,170.125,18.167534,3285.8667,8786.936
bb09b488-e875-448b-9801-156d15b3962c,770,1775725413601642338,1775725414127155338,525.513,20.575844,2522.25,7893.988
bb09b488-e875-448b-9801-156d15b3962c,771,1775725414252151338,1775725414342267338,90.116,1.2619474,1150.2892,1650.5493
bb09b488-e875-448b-9801-156d15b3962c,772,1775725414552517338,1775725414602517338,50.0,0.65042,1157.9954,2010.2931
bb09b488-e875-448b-9801-156d15b3962c,773,1775725414732652338,1775725414757642338,24.99,2.1378484,1238.4546,1628.3978
bb09b488-e875-448b-9801-156d15b3962c,774,1775725414857767338,1775725414872771338,15.004,2.0360184,1410.9299,2820.873
bb09b488-e875-448b-9801-156d15b3962c,775,1775725414957892338,1775725414982892338,25.0,2.582662,1409.695,2195.2979
bb09b488-e875-448b-9801-156d15b3962c,776,1775725415223145338,1775725415428267338,205.122,3.3257527,1118.4434,1710.1832
bb09b488-e875-448b-9801-156d15b3962c,777,1775725415578391338,1775725415993897338,415.506,21.608414,4543.611,13483.37
bb09b488-e875-448b-9801-156d15b3962c,778,1775725416073891338,1775725416359141338,285.25,11.4026375,1783.2382,3689.152
bb09b488-e875-448b-9801-156d15b3962c,779,1775725416494266338,1775725416524266338,30.0,3.777907,1877.3668,2590.109
bb09b488-e875-448b-9801-156d15b3962c,780,1775725416664516338,1775725416694516338,30.0,4.7614627,1796.521,3872.3494
bb09b488-e875-448b-9801-156d15b3962c,781,1775725417465266338,1775725417800516338,335.25,28.476206,3763.468,10624.968
bb09b488-e875-448b-9801-156d15b3962c,782,1775725417880641338,1775725418020766338,140.125,6.3149033,1940.9792,3341.9907
bb09b488-e875-448b-9801-156d15b3962c,783,1775725418115766338,1775725418200891338,85.125,3.5282125,1658.5559,2440.609
bb09b488-e875-448b-9801-156d15b3962c,784,1775725418586266338,1775725418606266338,20.0,1.325435,1084.338,1427.3108
bb09b488-e875-448b-9801-156d15b3962c,785,1775725418996641338,1775725419296890338,300.249,14.587087,2096.3782,5896.3677
bb09b488-e875-448b-9801-156d15b3962c,786,1775725419452015338,1775725419647265338,195.25,0.28552073,1210.1464,2135.187
bb09b488-e875-448b-9801-156d15b3962c,787,1775725419742272338,1775725419812390338,70.118,1.4171671,1261.9719,2542.1733
bb09b488-e875-448b-9801-156d15b3962c,788,1775725419997515338,1775725420543140338,545.625,1.3711001,1237.2139,2685.9866
bb09b488-e875-448b-9801-156d15b3962c,789,1775725420673265338,1775725420828390338,155.125,1.2073121,1303.127,2262.0825
bb09b488-e875-448b-9801-156d15b3962c,790,1775725420933390338,1775725421033515338,100.125,0.71814376,1279.4197,2176.4392
bb09b488-e875-448b-9801-156d15b3962c,791,1775725421198640338,1775725422274640338,1076.0,17.898415,1610.4644,6494.6763
bb09b488-e875-448b-9801-156d15b3962c,792,1775725422384764338,1775725422409776338,25.012,2.3696542,1346.6815,2372.1985
bb09b488-e875-448b-9801-156d15b3962c,793,1775725422585019338,1775725422965389338,380.37,3.4775853,2798.5112,8118.845
bb09b488-e875-448b-9801-156d15b3962c,794,1775725423120514338,1775725423135514338,15.0,1.5422243,1163.564,2103.935
bb09b488-e875-448b-9801-156d15b3962c,795,1775725423395764338,1775725423470764338,75.0,6.7489314,2310.6309,4472.3745
bb09b488-e875-448b-9801-156d15b3962c,796,1775725423610889338,1775725423691014338,80.125,2.0820515,1068.523,1778.2773
bb09b488-e875-448b-9801-156d15b3962c,797,1775725423801139338,1775725423821139338,20.0,1.608823,1135.2124,1537.1198
bb09b488-e875-448b-9801-156d15b3962c,798,1775725424446764338,1775725424491764338,45.0,0.71964175,1045.8362,1511.3248
bb09b488-e875-448b-9801-156d15b3962c,799,1775725424742015338,1775725424772014338,29.999,3.2736735,1543.1658,2030.7612
bb09b488-e875-448b-9801-156d15b3962c,800,1775725424902152338,1775725425883014338,980.862,9.302246,2877.4495,15835.101
bb09b488-e875-448b-9801-156d15b3962c,801,1775725425988138338,1775725426173389338,185.251,3.7181454,1609.5713,3833.24
bb09b488-e875-448b-9801-156d15b3962c,802,1775725426288514338,1775725426969138338,680.624,12.809274,3103.9604,9041.825
bb09b488-e875-448b-9801-156d15b3962c,803,1775725427099263338,1775725427294388338,195.125,4.6612463,1809.8157,4822.0806
bb09b488-e875-448b-9801-156d15b3962c,804,1775725427910013338,1775725428885900338,975.887,15.512868,2329.0164,12312.367
bb09b488-e875-448b-9801-156d15b3962c,805,1775725428986013338,1775725429296263338,310.25,0.70648474,1570.3921,3692.317
bb09b488-e875-448b-9801-156d15b3962c,806,1775725429396392338,1775725429771766338,375.374,3.4450831,1397.5983,2935.527
bb09b488-e875-448b-9801-156d15b3962c,807,1775725429891766338,1775725429921887338,30.121,1.3554163,1342.0851,2053.3916
bb09b488-e875-448b-9801-156d15b3962c,808,1775725430016889338,1775725430037012338,20.123,1.339215,1130.97,1612.7792
bb09b488-e875-448b-9801-156d15b3962c,809,1775725430127012338,1775725430337262338,210.25,0.78955173,1243.0236,2233.0627
bb09b488-e875-448b-9801-156d15b3962c,810,1775725430437387338,1775725430547387338,110.0,1.3544283,1507.7928,2738.5176
bb09b488-e875-448b-9801-156d15b3962c,811,1775725430662512338,1775725431077887338,415.375,0.6281297,1229.0707,2677.396
bb09b488-e875-448b-9801-156d15b3962c,812,1775725431158012338,1775725431183012338,25.0,1.9731722,1373.1779,2016.62
bb09b488-e875-448b-9801-156d15b3962c,813,1775725431373267338,1775725432058894338,685.627,0.45094585,1349.5806,3200.143
bb09b488-e875-448b-9801-156d15b3962c,814,1775725432279012338,1775725432299012338,20.0,1.4401382,1372.3556,2199.4082
bb09b488-e875-448b-9801-156d15b3962c,815,1775725432439262338,1775725432509262338,70.0,1.8533285,1227.7615,1740.6149
bb09b488-e875-448b-9801-156d15b3962c,816,1775725432669387338,1775725433064761338,395.374,1.4715809,1303.2847,2849.1196
bb09b488-e875-448b-9801-156d15b3962c,817,1775725433199902338,1775725433229886338,29.984,2.4515038,1795.8334,3174.9949
bb09b488-e875-448b-9801-156d15b3962c,818,1775725433325011338,1775725433345011338,20.0,0.9508811,1365.5153,1965.6222
bb09b488-e875-448b-9801-156d15b3962c,819,1775725433495136338,1775725433860511338,365.375,0.015802545,1358.2616,2699.9927
bb09b488-e875-448b-9801-156d15b3962c,820,1775725434125761338,1775725434871511338,745.75,2.182916,1256.4396,2795.6797
bb09b488-e875-448b-9801-156d15b3962c,821,1775725435231761338,1775725435502011338,270.25,2.1190667,1361.8337,2650.8638
bb09b488-e875-448b-9801-156d15b3962c,822,1775725435607136338,1775725435747261338,140.125,2.3263853,1384.8087,2274.6008
bb09b488-e875-448b-9801-156d15b3962c,823,1775725435912386338,1775725436002519338,90.133,1.8068333,1283.0583,2088.2405
bb09b488-e875-448b-9801-156d15b3962c,824,1775725436117635338,1775725436347886338,230.251,1.1297576,1151.4076,2128.9329
bb09b488-e875-448b-9801-156d15b3962c,825,1775725436432889338,1775725436488010338,55.121,0.0627823,1153.3173,2488.671
bb09b488-e875-448b-9801-156d15b3962c,826,1775725436718260338,1775725437223635338,505.375,1.3995919,1395.3555,3403.3916
bb09b488-e875-448b-9801-156d15b3962c,827,1775725437328766338,1775725437348760338,19.994,1.1418433,1241.0292,1716.0438
bb09b488-e875-448b-9801-156d15b3962c,828,1775725437428885338,1775725437488885338,60.0,1.0911436,1233.1414,1797.5411
bb09b488-e875-448b-9801-156d15b3962c,829,1775725437624010338,1775725437704135338,80.125,0.63761675,1234.5658,2203.3132
bb09b488-e875-448b-9801-156d15b3962c,830,1775725437844266338,1775725437869260338,24.994,1.5091441,1114.1444,1947.9678
bb09b488-e875-448b-9801-156d15b3962c,831,1775725437994385338,1775725438019386338,25.001,0.53837824,1296.7644,2035.5542
bb09b488-e875-448b-9801-156d15b3962c,832,1775725438164511338,1775725438199635338,35.124,0.9372385,1051.5255,1645.4524
bb09b488-e875-448b-9801-156d15b3962c,833,1775725438484885338,1775725438584889338,100.004,0.7630699,1377.0997,3012.308
bb09b488-e875-448b-9801-156d15b3962c,834,1775725438815134338,1775725438895259338,80.125,0.65000457,926.3765,1380.5116
bb09b488-e875-448b-9801-156d15b3962c,835,1775725438980259338,1775725439310634338,330.375,3.0971937,1347.125,3169.0435
bb09b488-e875-448b-9801-156d15b3962c,836,1775725439385634338,1775725440041259338,655.625,25.474674,2715.2615,8642.188
bb09b488-e875-448b-9801-156d15b3962c,837,1775725440136384338,1775725440161388338,25.004,1.9760201,1291.5962,1554.7233
bb09b488-e875-448b-9801-156d15b3962c,838,1775725440491759338,1775725440601895338,110.136,7.2504325,2034.7665,4800.5073
bb09b488-e875-448b-9801-156d15b3962c,839,1775725440732009338,1775725440777009338,45.0,0.11989437,1225.7021,1703.3511
bb09b488-e875-448b-9801-156d15b3962c,840,1775725440947134338,1775725440982134338,35.0,3.5368896,1464.1802,2242.5813
bb09b488-e875-448b-9801-156d15b3962c,841,1775725441362509338,1775725441582759338,220.25,20.759417,2863.1348,8309.357
bb09b488-e875-448b-9801-156d15b3962c,842,1775725441682884338,1775725441787886338,105.002,0.5083734,1274.9448,2218.576
bb09b488-e875-448b-9801-156d15b3962c,843,1775725441863008338,1775725441883009338,20.001,0.6794193,1105.1094,1613.9014
bb09b488-e875-448b-9801-156d15b3962c,844,1775725441983134338,1775725442153258338,170.124,16.749598,3036.9438,7023.069
bb09b488-e875-448b-9801-156d15b3962c,845,1775725442228383338,1775725442393509338,165.126,26.010153,5735.8223,16617.172
bb09b488-e875-448b-9801-156d15b3962c,846,1775725442483633338,1775725442798883338,315.25,10.05884,2077.053,3852.3354
bb09b488-e875-448b-9801-156d15b3962c,847,1775725442954008338,1775725443264258338,310.25,28.593697,4516.5894,10259.253
bb09b488-e875-448b-9801-156d15b3962c,848,1775725443349383338,1775725443439508338,90.125,5.617523,1907.9347,3189.7983
bb09b488-e875-448b-9801-156d15b3962c,849,1775725443539633338,1775725443794758338,255.125,6.3467426,2040.0645,4893.0996
bb09b488-e875-448b-9801-156d15b3962c,850,1775725443985008338,1775725444055008338,70.0,16.081686,3567.9387,8941.748
bb09b488-e875-448b-9801-156d15b3962c,851,1775725444275258338,1775725445111008338,835.75,2.0812767,1434.0106,3153.2605
bb09b488-e875-448b-9801-156d15b3962c,852,1775725445196133338,1775725445246132338,49.999,1.1403649,1243.8445,1992.1292
bb09b488-e875-448b-9801-156d15b3962c,853,1775725445366257338,1775725445606507338,240.25,14.369735,2285.7964,7225.986
bb09b488-e875-448b-9801-156d15b3962c,854,1775725445716632338,1775725445851757338,135.125,13.67327,2415.0073,6851.0913
bb09b488-e875-448b-9801-156d15b3962c,855,1775725445931757338,1775725446837632338,905.875,6.2953625,1442.7632,3330.1438
bb09b488-e875-448b-9801-156d15b3962c,856,1775725447067882338,1775725447623382338,555.5,5.473101,1496.5725,4198.7905
bb09b488-e875-448b-9801-156d15b3962c,857,1775725447808506338,1775725447883632338,75.126,12.570704,3004.006,6338.98
bb09b488-e875-448b-9801-156d15b3962c,858,1775725448249016338,1775725448434131338,185.115,1.6866196,4092.691,10497.232
bb09b488-e875-448b-9801-156d15b3962c,859,1775725448549256338,1775725448574256338,25.0,2.2185903,1259.6552,2044.7526
bb09b488-e875-448b-9801-156d15b3962c,860,1775725448709381338,1775725448734388338,25.007,1.5602945,974.0951,1129.8431
bb09b488-e875-448b-9801-156d15b3962c,861,1775725448909631338,1775725449395010338,485.379,14.165404,2158.3704,9047.808
bb09b488-e875-448b-9801-156d15b3962c,862,1775725449490131338,1775725449555257338,65.126,0.7203119,1262.9406,1727.125
bb09b488-e875-448b-9801-156d15b3962c,863,1775725449680256338,1775725449695381338,15.125,1.022066,1035.8207,1235.0646
bb09b488-e875-448b-9801-156d15b3962c,864,1775725449855506338,1775725449880513338,25.007,2.221562,1278.7777,1917.4746
bb09b488-e875-448b-9801-156d15b3962c,865,1775725450040631338,1775725450080631338,40.0,3.7610555,1562.6492,2389.0325
bb09b488-e875-448b-9801-156d15b3962c,866,1775725450305881338,1775725450356007338,50.126,2.254134,1287.301,1829.7666
bb09b488-e875-448b-9801-156d15b3962c,867,1775725450466006338,1775725451767255338,1301.249,16.40378,1809.6743,8512.871
bb09b488-e875-448b-9801-156d15b3962c,868,1775725451902380338,1775725452873255338,970.875,3.6298816,1305.7777,2474.6235
bb09b488-e875-448b-9801-156d15b3962c,869,1775725453013386338,1775725453118512338,105.126,1.2900295,1301.06,2136.7117
bb09b488-e875-448b-9801-156d15b3962c,870,1775725453208630338,1775725453443892338,235.262,1.3363756,1350.5751,2493.1697
bb09b488-e875-448b-9801-156d15b3962c,871,1775725453533880338,1775725453574012338,40.132,0.63626343,1279.4438,2267.9805
bb09b488-e875-448b-9801-156d15b3962c,872,1775725453679005338,1775725453734130338,55.125,1.3755753,1174.0574,1934.0593
bb09b488-e875-448b-9801-156d15b3962c,873,1775725453829129338,1775725453884254338,55.125,14.6112385,3380.6216,7124.02
bb09b488-e875-448b-9801-156d15b3962c,874,1775725454089380338,1775725454109504338,20.124,1.0479978,1388.5839,2136.8743
bb09b488-e875-448b-9801-156d15b3962c,875,1775725454204505338,1775725454219504338,14.999,1.680224,1456.5457,2055.3625
bb09b488-e875-448b-9801-156d15b3962c,876,1775725454354639338,1775725454635004338,280.365,18.038197,3142.6887,9246.592
bb09b488-e875-448b-9801-156d15b3962c,877,1775725454730004338,1775725454940254338,210.25,2.142807,1366.6691,2731.113
bb09b488-e875-448b-9801-156d15b3962c,878,1775725455095379338,1775725455160379338,65.0,0.68060064,1275.9318,1879.1647
bb09b488-e875-448b-9801-156d15b3962c,879,1775725455275504338,1775725455736004338,460.5,17.618692,2023.3044,6997.7236
bb09b488-e875-448b-9801-156d15b3962c,880,1775725455821004338,1775725456036254338,215.25,16.323944,2270.97,7799.0835
bb09b488-e875-448b-9801-156d15b3962c,881,1775725456121379338,1775725456766879338,645.5,11.872693,2688.214,10719.965
bb09b488-e875-448b-9801-156d15b3962c,882,1775725456922128338,1775725457242378338,320.25,7.1087556,2761.8276,7312.758
bb09b488-e875-448b-9801-156d15b3962c,883,1775725457332503338,1775725457382503338,50.0,9.414821,2896.797,5432.909
bb09b488-e875-448b-9801-156d15b3962c,884,1775725457547628338,1775725457577753338,30.125,3.2470858,1689.7812,2233.224
bb09b488-e875-448b-9801-156d15b3962c,885,1775725457747878338,1775725457822878338,75.0,0.9270652,1043.0835,1722.0581
bb09b488-e875-448b-9801-156d15b3962c,886,1775725458308378338,1775725458588628338,280.25,34.667866,5127.1943,15519.306
bb09b488-e875-448b-9801-156d15b3962c,887,1775725458673753338,1775725460005004338,1331.251,26.566406,2851.5474,10737.826
bb09b488-e875-448b-9801-156d15b3962c,888,1775725460200127338,1775725460370252338,170.125,3.2387826,1370.1708,3470.4304
bb09b488-e875-448b-9801-156d15b3962c,889,1775725460515377338,1775725460660627338,145.25,7.302603,2112.8953,6257.741
bb09b488-e875-448b-9801-156d15b3962c,890,1775725460845752338,1775725460870756338,25.004,0.98312795,1310.5636,1553.0092
bb09b488-e875-448b-9801-156d15b3962c,891,1775725461076002338,1775725461321252338,245.25,7.2311387,1514.2601,3583.3386
bb09b488-e875-448b-9801-156d15b3962c,892,1775725461696502338,1775725462162011338,465.509,0.18468821,1355.4592,2647.205
bb09b488-e875-448b-9801-156d15b3962c,893,1775725462312127338,1775725462327127338,15.0,1.3126403,1503.3728,2106.854
bb09b488-e875-448b-9801-156d15b3962c,894,1775725462497252338,1775725462687506338,190.254,0.88804007,1231.7181,2296.8835
bb09b488-e875-448b-9801-156d15b3962c,895,1775725462877627338,1775725463037756338,160.129,1.4411194,1270.9286,2594.4817
bb09b488-e875-448b-9801-156d15b3962c,896,1775725463132876338,1775725463208001338,75.125,5.271518,1412.94,2661.4893
bb09b488-e875-448b-9801-156d15b3962c,897,1775725463858501338,1775725464113751338,255.25,1.77135,1370.1265,2418.6643
bb09b488-e875-448b-9801-156d15b3962c,898,1775725464188876338,1775725464719376338,530.5,0.4485002,1304.9955,3030.1245
bb09b488-e875-448b-9801-156d15b3962c,899,1775725464884501338,1775725465074751338,190.25,0.63852006,1341.5592,2430.9626
bb09b488-e875-448b-9801-156d15b3962c,900,1775725465239881338,1775725465385001338,145.12,0.80722827,1390.8098,2637.6997
bb09b488-e875-448b-9801-156d15b3962c,901,1775725465470126338,1775725465805376338,335.25,15.755128,3337.313,8796.665
bb09b488-e875-448b-9801-156d15b3962c,902,1775725465910501338,1775725466060625338,150.124,8.353997,2064.1936,4441.913
bb09b488-e875-448b-9801-156d15b3962c,903,1775725466170750338,1775725466230757338,60.007,0.9020147,1289.0845,2136.072
bb09b488-e875-448b-9801-156d15b3962c,904,1775725466305879338,1775725466511000338,205.121,10.424005,2055.324,5205.0664
bb09b488-e875-448b-9801-156d15b3962c,905,1775725466591125338,1775725467471879338,880.754,4.484767,3200.5664,12186.727
bb09b488-e875-448b-9801-156d15b3962c,906,1775725467562000338,1775725467977375338,415.375,24.325884,3469.417,9587.31
bb09b488-e875-448b-9801-156d15b3962c,907,1775725468132499338,1775725468352749338,220.25,2.4830003,1672.2905,3674.8542
bb09b488-e875-448b-9801-156d15b3962c,908,1775725468442874338,1775725468607999338,165.125,4.055959,2818.4512,9568.347
bb09b488-e875-448b-9801-156d15b3962c,909,1775725468753124338,1775725468773124338,20.0,1.4968818,1026.3073,1628.5521
bb09b488-e875-448b-9801-156d15b3962c,910,1775725468928257338,1775725469048374338,120.117,19.525389,2970.2786,7554.002
bb09b488-e875-448b-9801-156d15b3962c,911,1775725469128499338,1775725469148499338,20.0,0.466148,1180.9918,1722.7341
bb09b488-e875-448b-9801-156d15b3962c,912,1775725469278624338,1775725469754015338,475.391,4.521262,1590.8798,3852.2297
bb09b488-e875-448b-9801-156d15b3962c,913,1775725469874124338,1775725470254499338,380.375,5.737048,1316.9052,3226.2585
bb09b488-e875-448b-9801-156d15b3962c,914,1775725470364624338,1775725470469749338,105.125,2.5144012,1215.8334,1712.9531
bb09b488-e875-448b-9801-156d15b3962c,915,1775725470579874338,1775725471505748338,925.874,4.980733,1447.1598,4777.777
bb09b488-e875-448b-9801-156d15b3962c,916,1775725471640873338,1775725471725873338,85.0,0.82870805,1353.6445,2551.7925
bb09b488-e875-448b-9801-156d15b3962c,917,1775725471830998338,1775725471891123338,60.125,1.0556152,1163.012,1681.579
bb09b488-e875-448b-9801-156d15b3962c,918,1775725471971123338,1775725472476623338,505.5,18.257254,1879.6271,6979.5215
bb09b488-e875-448b-9801-156d15b3962c,919,1775725472566748338,1775725472661748338,95.0,0.7103592,947.1268,1276.4952
bb09b488-e875-448b-9801-156d15b3962c,920,1775725472791873338,1775725473647748338,855.875,8.078599,2391.419,9074.832
bb09b488-e875-448b-9801-156d15b3962c,921,1775725473732747338,1775725474098122338,365.375,7.3929057,1608.0822,4326.317
bb09b488-e875-448b-9801-156d15b3962c,922,1775725474193247338,1775725474398372338,205.125,2.2982223,1380.7422,2220.3464
bb09b488-e875-448b-9801-156d15b3962c,923,1775725474513500338,1775725474978997338,465.497,4.1509194,1252.7885,2631.315
bb09b488-e875-448b-9801-156d15b3962c,924,1775725475058997338,1775725475439372338,380.375,6.118949,1498.766,3515.7344
bb09b488-e875-448b-9801-156d15b3962c,925,1775725475514497338,1775725476044997338,530.5,12.019996,2040.5369,5766.2256
bb09b488-e875-448b-9801-156d15b3962c,926,1775725476190121338,1775725476700622338,510.501,11.562783,1948.4141,7876.0728
bb09b488-e875-448b-9801-156d15b3962c,927,1775725476815621338,1775725477736496338,920.875,2.8931189,1926.2738,7383.9316
bb09b488-e875-448b-9801-156d15b3962c,928,1775725477816621338,1775725478266996338,450.375,30.08625,4206.721,16964.885
bb09b488-e875-448b-9801-156d15b3962c,929,1775725478387121338,1775725478602377338,215.256,12.231004,1522.2406,2475.2007
bb09b488-e875-448b-9801-156d15b3962c,930,1775725478712495338,1775725478742495338,30.0,4.025041,1635.0858,2574.9124
bb09b488-e875-448b-9801-156d15b3962c,931,1775725478952620338,1775725478977749338,25.129,1.5543981,1068.7941,1435.743
bb09b488-e875-448b-9801-156d15b3962c,932,1775725479102750338,1775725479237874338,135.124,10.641067,2131.501,4720.435
bb09b488-e875-448b-9801-156d15b3962c,933,1775725479322997338,1775725479458120338,135.123,29.138786,5742.6675,11415.96
bb09b488-e875-448b-9801-156d15b3962c,934,1775725479533245338,1775725479648370338,115.125,4.300552,3072.4106,6124.6533
bb09b488-e875-448b-9801-156d15b3962c,935,1775725479743371338,1775725480013628338,270.257,5.650355,3008.985,7417.4927
bb09b488-e875-448b-9801-156d15b3962c,936,1775725480168745338,1775725480223870338,55.125,0.6600169,1410.6642,2048.4404
bb09b488-e875-448b-9801-156d15b3962c,937,1775725480318995338,1775725480394004338,75.009,1.8327416,1607.4789,2807.5842
bb09b488-e875-448b-9801-156d15b3962c,938,1775725480504120338,1775725480599245338,95.125,7.430971,1637.2748,4513.9033
bb09b488-e875-448b-9801-156d15b3962c,939,1775725480689245338,1775725480709249338,20.004,1.5999123,1213.0769,1649.7109
bb09b488-e875-448b-9801-156d15b3962c,940,1775725480799370338,1775725480879495338,80.125,1.7591938,1208.5692,1821.695
bb09b488-e875-448b-9801-156d15b3962c,941,1775725480964495338,1775725481309870338,345.375,13.705855,3075.2754,8809.783
bb09b488-e875-448b-9801-156d15b3962c,942,1775725481454995338,1775725481545119338,90.124,2.1505601,1075.0267,1748.2339
bb09b488-e875-448b-9801-156d15b3962c,943,1775725481685244338,1775725481995494338,310.25,20.91224,1865.113,3369.6797
bb09b488-e875-448b-9801-156d15b3962c,944,1775725482090628338,1775725482480994338,390.366,39.09404,4481.7627,16864.264
bb09b488-e875-448b-9801-156d15b3962c,945,1775725482611119338,1775725483161619338,550.5,5.22449,1530.6445,4115.2695
bb09b488-e875-448b-9801-156d15b3962c,946,1775725483296744338,1775725483366744338,70.0,15.149519,3306.8826,7725.0015
bb09b488-e875-448b-9801-156d15b3962c,947,1775725483586994338,1775725483707119338,120.125,1.4269606,1358.3851,2419.1477
bb09b488-e875-448b-9801-156d15b3962c,948,1775725484027376338,1775725484252619338,225.243,19.584688,2960.7798,10335.509
bb09b488-e875-448b-9801-156d15b3962c,949,1775725484342744338,1775725484392743338,49.999,16.841946,4695.498,9391.332
bb09b488-e875-448b-9801-156d15b3962c,950,1775725484552868338,1775725484978243338,425.375,11.740748,2912.9636,7240.6733
bb09b488-e875-448b-9801-156d15b3962c,951,1775725485153493338,1775725485198493338,45.0,1.1870075,1292.5975,1895.8478
bb09b488-e875-448b-9801-156d15b3962c,952,1775725485348618338,1775725485443743338,95.125,2.0522468,1530.7941,2920.307
bb09b488-e875-448b-9801-156d15b3962c,953,1775725485563878338,1775725485778993338,215.115,0.45133725,1207.8274,2215.5793
bb09b488-e875-448b-9801-156d15b3962c,954,1775725485874118338,1775725485889118338,15.0,0.71383196,1089.4641,1563.1609
bb09b488-e875-448b-9801-156d15b3962c,955,1775725485984243338,1775725486044243338,60.0,0.24899231,1533.0314,2917.4375
bb09b488-e875-448b-9801-156d15b3962c,956,1775725486169377338,1775725486524743338,355.366,1.3262086,1347.6954,2910.282
bb09b488-e875-448b-9801-156d15b3962c,957,1775725486669867338,1775725486950117338,280.25,29.911755,4843.4062,14081.716
bb09b488-e875-448b-9801-156d15b3962c,958,1775725487035255338,1775725487050242338,14.987,1.7318352,1329.0928,1584.6555
bb09b488-e875-448b-9801-156d15b3962c,959,1775725487205367338,1775725487325492338,120.125,7.817199,1736.1935,3384.6992
bb09b488-e875-448b-9801-156d15b3962c,960,1775725487625742338,1775725487690867338,65.125,4.6875596,1384.3206,2235.5989
bb09b488-e875-448b-9801-156d15b3962c,961,1775725487770867338,1775725487976117338,205.25,4.3322043,3473.7383,10278.344
bb09b488-e875-448b-9801-156d15b3962c,962,1775725488081251338,1775725488106246338,24.995,1.1622639,1044.9175,1675.5602
bb09b488-e875-448b-9801-156d15b3962c,963,1775725488426492338,1775725488591617338,165.125,9.425506,2189.366,5307.862
bb09b488-e875-448b-9801-156d15b3962c,964,1775725488741867338,1775725489367382338,625.515,12.33493,2440.4248,5566.332
bb09b488-e875-448b-9801-156d15b3962c,965,1775725489447491338,1775725489757741338,310.25,2.0691323,1683.091,3612.71
bb09b488-e875-448b-9801-156d15b3962c,966,1775725489872866338,1775725490088116338,215.25,1.4868383,1610.2462,3325.4133
bb09b488-e875-448b-9801-156d15b3962c,967,1775725490193116338,1775725490993866338,800.75,3.2989857,1550.9945,3235.1113
bb09b488-e875-448b-9801-156d15b3962c,968,1775725491093991338,1775725493711489338,2617.498,11.282258,1705.5765,5998.3213
bb09b488-e875-448b-9801-156d15b3962c,969,1775725493866615338,1775725493911614338,44.999,5.282195,1873.7494,2776.0664
bb09b488-e875-448b-9801-156d15b3962c,970,1775725493991739338,1775725494006739338,15.0,1.3312824,1362.1852,2105.8909
bb09b488-e875-448b-9801-156d15b3962c,971,1775725494146865338,1775725495332989338,1186.124,8.596774,2047.2355,9255.079
bb09b488-e875-448b-9801-156d15b3962c,972,1775725495407989338,1775725495463121338,55.132,0.028707992,1667.3671,2725.5918
bb09b488-e875-448b-9801-156d15b3962c,973,1775725495543122338,1775725496358989338,815.867,0.9441498,1487.0358,3425.9104
bb09b488-e875-448b-9801-156d15b3962c,974,1775725496448988338,1775725496654238338,205.25,12.434663,2015.8718,4533.458
bb09b488-e875-448b-9801-156d15b3962c,975,1775725496734238338,1775725496759363338,25.125,2.4056473,1334.169,2042.7915
bb09b488-e875-448b-9801-156d15b3962c,976,1775725496919488338,1775725496934488338,15.0,1.0593487,1181.8435,1518.1854
bb09b488-e875-448b-9801-156d15b3962c,977,1775725497079613338,1775725497575113338,495.5,1.9199466,2279.2656,8171.1685
bb09b488-e875-448b-9801-156d15b3962c,978,1775725497690245338,1775725497785251338,95.006,3.555424,1701.5587,2958.7544
bb09b488-e875-448b-9801-156d15b3962c,979,1775725497975502338,1775725498545988338,570.486,3.078229,1981.673,6133.5947
bb09b488-e875-448b-9801-156d15b3962c,980,1775725498631113338,1775725498996362338,365.249,3.9424005,1406.212,2917.9026
bb09b488-e875-448b-9801-156d15b3962c,981,1775725499121489338,1775725499216612338,95.123,1.5228703,1042.7883,1653.1699
bb09b488-e875-448b-9801-156d15b3962c,982,1775725499371737338,1775725499942253338,570.516,0.36603183,2624.4724,9969.479
bb09b488-e875-448b-9801-156d15b3962c,983,1775725500202487338,1775725500252612338,50.125,9.634384,2865.2378,5134.0444
bb09b488-e875-448b-9801-156d15b3962c,984,1775725500377737338,1775725500417737338,40.0,6.5478563,2059.44,4003.314
bb09b488-e875-448b-9801-156d15b3962c,985,1775725500617862338,1775725500843112338,225.25,4.5669394,3785.3523,10672.491
bb09b488-e875-448b-9801-156d15b3962c,986,1775725500988237338,1775725501083361338,95.124,4.552891,1503.6366,2111.7322
bb09b488-e875-448b-9801-156d15b3962c,987,1775725501188491338,1775725501208486338,19.995,1.4559702,1087.6417,1241.8112
bb09b488-e875-448b-9801-156d15b3962c,988,1775725501493736338,1775725501518736338,25.0,2.0957706,1170.2803,1982.0269
bb09b488-e875-448b-9801-156d15b3962c,989,1775725501703986338,1775725501723986338,20.0,1.7963573,1262.7485,1651.1635
bb09b488-e875-448b-9801-156d15b3962c,990,1775725501919111338,1775725502409611338,490.5,16.03257,2401.1946,7367.8228
bb09b488-e875-448b-9801-156d15b3962c,991,1775725502559747338,1775725503065236338,505.489,6.4950376,1457.8148,2896.0017
bb09b488-e875-448b-9801-156d15b3962c,992,1775725503255361338,1775725503485611338,230.25,8.851288,1648.3953,2841.3394
bb09b488-e875-448b-9801-156d15b3962c,993,1775725503580735338,1775725503860985338,280.25,18.08493,2431.1218,7406.3745
bb09b488-e875-448b-9801-156d15b3962c,994,1775725503971110338,1775725504096110338,125.0,5.149144,1721.6719,2423.9978
bb09b488-e875-448b-9801-156d15b3962c,995,1775725504366360338,1775725504826860338,460.5,22.987766,2502.677,9142.967
bb09b488-e875-448b-9801-156d15b3962c,996,1775725504921985338,1775725505112110338,190.125,0.82900965,1567.502,2942.1123
bb09b488-e875-448b-9801-156d15b3962c,997,1775725505227235338,1775725505977984338,750.749,18.800276,1793.1401,7046.435
bb09b488-e875-448b-9801-156d15b3962c,998,1775725506113109338,1775725506143109338,30.0,1.7056944,1041.1685,1252.6467
bb09b488-e875-448b-9801-156d15b3962c,999,1775725506263234338,1775725506463359338,200.125,4.409802,3075.6953,8017.156
bb09b488-e875-448b-9801-156d15b3962c,1000,1775725506573484338,1775725507133984338,560.5,15.132542,3234.446,8807.469
bb09b488-e875-448b-9801-156d15b3962c,1001,1775725507214109338,1775725507544359338,330.25,7.7880015,3692.7568,11737.766
bb09b488-e875-448b-9801-156d15b3962c,1002,1775725507819609338,1775725507874734338,55.125,2.5453475,1983.7498,3541.3364
bb09b488-e875-448b-9801-156d15b3962c,1003,1775725508004858338,1775725508184983338,180.125,25.837503,4783.5854,9348.968
bb09b488-e875-448b-9801-156d15b3962c,1004,1775725508300108338,1775725508365109338,65.001,4.419363,2492.1848,4470.718
bb09b488-e875-448b-9801-156d15b3962c,1005,1775725508590358338,1775725508650364338,60.006,2.9966054,1232.6843,1894.7651
bb09b488-e875-448b-9801-156d15b3962c,1006,1775725509160866338,1775725509331120338,170.254,16.104677,2524.5803,8547.933
bb09b488-e875-448b-9801-156d15b3962c,1007,1775725509526233338,1775725509546233338,20.0,1.4771328,1218.7162,1860.926
bb09b488-e875-448b-9801-156d15b3962c,1008,1775725509676365338,1775725509766483338,90.118,0.8711005,1532.5254,3201.0562
bb09b488-e875-448b-9801-156d15b3962c,1009,1775725509916608338,1775725510246858338,330.25,3.775095,1407.3772,3503.5203
bb09b488-e875-448b-9801-156d15b3962c,1010,1775725510387107338,1775725510462118338,75.011,18.125015,3484.8838,7326.969
bb09b488-e875-448b-9801-156d15b3962c,1011,1775725510577232338,1775725510627232338,50.0,2.9885,1597.9756,2551.322
bb09b488-e875-448b-9801-156d15b3962c,1012,1775725510717357338,1775725510737357338,20.0,1.3142861,955.77234,1137.095
bb09b488-e875-448b-9801-156d15b3962c,1013,1775725511017607338,1775725511037607338,20.0,1.4255872,1078.7356,1252.0101
bb09b488-e875-448b-9801-156d15b3962c,1014,1775725511127732338,1775725511147732338,20.0,1.2306741,1043.5371,1207.4642
bb09b488-e875-448b-9801-156d15b3962c,1015,1775725511237857338,1775725511678232338,440.375,18.443089,2218.8599,6234.1294
bb09b488-e875-448b-9801-156d15b3962c,1016,1775725511813357338,1775725511833363338,20.006,0.66380703,1147.018,1762.4358
bb09b488-e875-448b-9801-156d15b3962c,1017,1775725511993613338,1775725512283857338,290.244,2.1849027,1264.5107,2203.1702
bb09b488-e875-448b-9801-156d15b3962c,1018,1775725512383857338,1775725512508981338,125.124,1.7752455,1338.2529,3063.8806
bb09b488-e875-448b-9801-156d15b3962c,1019,1775725512584110338,1775725512704231338,120.121,1.1641247,1147.8365,2002.3947
bb09b488-e875-448b-9801-156d15b3962c,1020,1775725512794356338,1775725512824356338,30.0,1.361427,1159.3002,2347.513
bb09b488-e875-448b-9801-156d15b3962c,1021,1775725512914356338,1775725513054481338,140.125,2.7962716,1256.0221,2252.7017
bb09b488-e875-448b-9801-156d15b3962c,1022,1775725513139606338,1775725513259731338,120.125,1.0460019,1261.2876,2155.1843
bb09b488-e875-448b-9801-156d15b3962c,1023,1775725513449856338,1775725513600108338,150.252,2.1345298,1377.0278,2236.6555
bb09b488-e875-448b-9801-156d15b3962c,1024,1775725513710106338,1775725513905356338,195.25,2.6305277,1545.9304,3030.459
bb09b488-e875-448b-9801-156d15b3962c,1025,1775725513995356338,1775725515126480338,1131.124,14.269725,3298.0486,14492.669
bb09b488-e875-448b-9801-156d15b3962c,1026,1775725515261605338,1775725515291605338,30.0,2.4937198,1237.2421,1518.1582
bb09b488-e875-448b-9801-156d15b3962c,1027,1775725515817105338,1775725515847105338,30.0,3.2082438,1544.1344,2188.4194
bb09b488-e875-448b-9801-156d15b3962c,1028,1775725515922230338,1775725516582855338,660.625,14.097393,1904.598,7427.634
bb09b488-e875-448b-9801-156d15b3962c,1029,1775725516712980338,1775725517183354338,470.374,18.179258,4309.729,14545.865
bb09b488-e875-448b-9801-156d15b3962c,1030,1775725517258484338,1775725517348604338,90.12,6.773078,1439.3516,2543.6528
bb09b488-e875-448b-9801-156d15b3962c,1031,1775725517473729338,1775725517553729338,80.0,2.229192,1249.0111,2543.1418
bb09b488-e875-448b-9801-156d15b3962c,1032,1775725518104229338,1775725518119229338,15.0,0.9540834,1098.9076,1343.8352
bb09b488-e875-448b-9801-156d15b3962c,1033,1775725518304479338,1775725518324479338,20.0,2.2618673,1462.9182,1661.4918
bb09b488-e875-448b-9801-156d15b3962c,1034,1775725518499604338,1775725518594729338,95.125,31.759695,5485.5703,11264.178
bb09b488-e875-448b-9801-156d15b3962c,1035,1775725519055109338,1775725519075104338,19.995,0.4887554,1092.2692,1461.003
bb09b488-e875-448b-9801-156d15b3962c,1036,1775725519290353338,1775725519320353338,30.0,1.7405541,1187.5585,1835.365
bb09b488-e875-448b-9801-156d15b3962c,1037,1775725519615728338,1775725519780853338,165.125,3.4208648,1331.0774,1995.4303
bb09b488-e875-448b-9801-156d15b3962c,1038,1775725519860853338,1775725520176228338,315.375,2.3525286,1369.3132,2848.5847
bb09b488-e875-448b-9801-156d15b3962c,1039,1775725520256228338,1775725520391353338,135.125,0.83262306,1278.2825,2695.0078
bb09b488-e875-448b-9801-156d15b3962c,1040,1775725520641605338,1775725520956978338,315.373,2.6935515,1338.0817,2679.8887
bb09b488-e875-448b-9801-156d15b3962c,1041,1775725521041978338,1775725521061978338,20.0,0.384453,943.99097,1226.9146
bb09b488-e875-448b-9801-156d15b3962c,1042,1775725521222228338,1775725521282228338,60.0,2.6536863,1590.4739,2805.1284
bb09b488-e875-448b-9801-156d15b3962c,1043,1775725521432353338,1775725521542485338,110.132,2.7510734,1355.2891,2304.4658
bb09b488-e875-448b-9801-156d15b3962c,1044,1775725521792727338,1775725521872727338,80.0,2.4214158,1303.6246,2251.1292
bb09b488-e875-448b-9801-156d15b3962c,1045,1775725521952852338,1775725522278102338,325.25,1.8744495,1383.6926,2679.5806
bb09b488-e875-448b-9801-156d15b3962c,1046,1775725522433352338,1775725522468352338,35.0,0.7108624,1027.0287,1504.9681
bb09b488-e875-448b-9801-156d15b3962c,1047,1775725522588477338,1775725522608477338,20.0,0.9904628,1056.8329,1843.9982
bb09b488-e875-448b-9801-156d15b3962c,1048,1775725522683477338,1775725522868727338,185.25,1.5239205,1266.662,2650.127
bb09b488-e875-448b-9801-156d15b3962c,1049,1775725522993852338,1775725523058852338,65.0,0.9925211,1549.9152,2243.4482
bb09b488-e875-448b-9801-156d15b3962c,1050,1775725523153977338,1775725523173977338,20.0,0.7953897,1146.2196,1955.3088
bb09b488-e875-448b-9801-156d15b3962c,1051,1775725523349102338,1775725523464227338,115.125,1.0419106,1456.1077,2766.393
bb09b488-e875-448b-9801-156d15b3962c,1052,1775725523589352338,1775725523924726338,335.374,1.0955346,1325.2341,2371.7295
bb09b488-e875-448b-9801-156d15b3962c,1053,1775725524094851338,1775725524229978338,135.127,3.1941593,1300.5823,2761.2285
bb09b488-e875-448b-9801-156d15b3962c,1054,1775725524315107338,1775725524945601338,630.494,3.6943269,1354.9656,2981.6853
bb09b488-e875-448b-9801-156d15b3962c,1055,1775725525055726338,1775725525095739338,40.013,2.465527,1441.4948,2289.8726
bb09b488-e875-448b-9801-156d15b3962c,1056,1775725525200851338,1775725525245976338,45.125,0.9851594,1282.2281,2296.2732
bb09b488-e875-448b-9801-156d15b3962c,1057,1775725525340976338,1775725525486101338,145.125,0.9288778,1329.2233,2686.4045
bb09b488-e875-448b-9801-156d15b3962c,1058,1775725525661351338,1775725525806475338,145.124,0.49228773,1219.9639,2181.4663
bb09b488-e875-448b-9801-156d15b3962c,1059,1775725525906600338,1775725526752350338,845.75,9.648093,1385.3136,3175.462
bb09b488-e875-448b-9801-156d15b3962c,1060,1775725526827350338,1775725527067600338,240.25,2.5408177,1570.2483,3192.905
bb09b488-e875-448b-9801-156d15b3962c,1061,1775725527152725338,1775725527497975338,345.25,1.3012227,1463.6425,2986.0842
bb09b488-e875-448b-9801-156d15b3962c,1062,1775725527613100338,1775725528218724338,605.624,8.146019,2161.5535,10118.764
bb09b488-e875-448b-9801-156d15b3962c,1063,1775725528313849338,1775725528328849338,15.0,0.587095,1275.3435,2436.6821
bb09b488-e875-448b-9801-156d15b3962c,1064,1775725528428856338,1775725528624099338,195.243,1.9401656,1373.7418,2142.9
bb09b488-e875-448b-9801-156d15b3962c,1065,1775725528754224338,1775725528884349338,130.125,3.3751915,1263.1294,2363.8752
bb09b488-e875-448b-9801-156d15b3962c,1066,1775725528999474338,1775725529014474338,15.0,1.3798571,1385.1855,2322.0254
bb09b488-e875-448b-9801-156d15b3962c,1067,1775725529094474338,1775725529519982338,425.508,2.408021,1344.3173,2810.8843
bb09b488-e875-448b-9801-156d15b3962c,1068,1775725529599974338,1775725530240599338,640.625,0.73176616,1427.6132,5040.001
bb09b488-e875-448b-9801-156d15b3962c,1069,1775725530340725338,1775725532352597338,2011.872,13.40359,2045.399,8790.637
bb09b488-e875-448b-9801-156d15b3962c,1070,1775725532437598338,1775725532477722338,40.124,4.5929513,1692.9463,2928.1685
bb09b488-e875-448b-9801-156d15b3962c,1071,1775725532622847338,1775725532642847338,20.0,1.4635546,1067.4186,1374.038
bb09b488-e875-448b-9801-156d15b3962c,1072,1775725532822972338,1775725533128347338,305.375,1.6323673,1482.9879,3299.0786
bb09b488-e875-448b-9801-156d15b3962c,1073,1775725533253472338,1775725533293474338,40.002,5.635224,2312.9995,3223.5054
bb09b488-e875-448b-9801-156d15b3962c,1074,1775725533383597338,1775725533423597338,40.0,8.786495,2900.614,5511.3955
bb09b488-e875-448b-9801-156d15b3962c,1075,1775725533588722338,1775725533934097338,345.375,3.77257,3173.9944,8016.6006
bb09b488-e875-448b-9801-156d15b3962c,1076,1775725534054222338,1775725534084227338,30.005,2.1923919,1064.7468,1470.0735
bb09b488-e875-448b-9801-156d15b3962c,1077,1775725534199347338,1775725534419482338,220.135,3.0793107,4470.2974,12510.657
bb09b488-e875-448b-9801-156d15b3962c,1078,1775725534674728338,1775725534694721338,19.993,1.3287116,1127.0342,1197.0079
bb09b488-e875-448b-9801-156d15b3962c,1079,1775725535015096338,1775725536341346338,1326.25,3.426293,2555.9563,11309.424
bb09b488-e875-448b-9801-156d15b3962c,1080,1775725536426345338,1775725537307228338,880.883,11.062296,2682.815,9689.457
bb09b488-e875-448b-9801-156d15b3962c,1081,1775725537447345338,1775725537537470338,90.125,0.9551275,1856.6421,4324.7
bb09b488-e875-448b-9801-156d15b3962c,1082,1775725537622470338,1775725537907729338,285.259,4.921715,3221.562,8911.489
bb09b488-e875-448b-9801-156d15b3962c,1083,1775725538142970338,1775725538348220338,205.25,2.8388908,1289.6959,2892.6228
bb09b488-e875-448b-9801-156d15b3962c,1084,1775725538598486338,1775725538613470338,14.984,1.6260781,1333.3304,1810.684
bb09b488-e875-448b-9801-156d15b3962c,1085,1775725538768595338,1775725539093844338,325.249,1.504176,1309.6154,2994.0752
bb09b488-e875-448b-9801-156d15b3962c,1086,1775725539384094338,1775725539824594338,440.5,1.8812437,1232.3044,2272.4778
bb09b488-e875-448b-9801-156d15b3962c,1087,1775725539994719338,1775725540039727338,45.008,0.4293581,1151.6575,2271.9182
bb09b488-e875-448b-9801-156d15b3962c,1088,1775725540189848338,1775725540224969338,35.121,0.8449499,1372.1232,2358.0813
bb09b488-e875-448b-9801-156d15b3962c,1089,1775725540304969338,1775725540350094338,45.125,2.4020402,1247.4525,2383.5938
bb09b488-e875-448b-9801-156d15b3962c,1090,1775725540445094338,1775725540560219338,115.125,1.6758474,1222.5422,2478.185
bb09b488-e875-448b-9801-156d15b3962c,1091,1775725540670344338,1775725540810468338,140.124,3.7487514,1610.5277,3816.7666
bb09b488-e875-448b-9801-156d15b3962c,1092,1775725540945593338,1775725541661218338,715.625,8.960371,2094.0288,6398.817
bb09b488-e875-448b-9801-156d15b3962c,1093,1775725541816468338,1775725541871468338,55.0,2.8588345,1844.9324,3821.093
bb09b488-e875-448b-9801-156d15b3962c,1094,1775725541951593338,1775725541971593338,20.0,1.3571113,1273.4619,1615.6893
bb09b488-e875-448b-9801-156d15b3962c,1095,1775725542051593338,1775725542081718338,30.125,2.0695546,1412.3406,1988.4814
bb09b488-e875-448b-9801-156d15b3962c,1096,1775725542201718338,1775725542216843338,15.125,1.4278955,1360.5343,2205.6838
bb09b488-e875-448b-9801-156d15b3962c,1097,1775725542296843338,1775725542366968338,70.125,1.4646229,1327.8372,2251.6
bb09b488-e875-448b-9801-156d15b3962c,1098,1775725542466973338,1775725542932468338,465.495,18.134296,2061.3875,7288.2354
bb09b488-e875-448b-9801-156d15b3962c,1099,1775725543052593338,1775725543147718338,95.125,2.8257756,1303.4244,1859.0743
bb09b488-e875-448b-9801-156d15b3962c,1100,1775725543317842338,1775725543342854338,25.012,1.8141456,1095.5679,1257.2285
bb09b488-e875-448b-9801-156d15b3962c,1101,1775725543708217338,1775725543738217338,30.0,2.8045268,1373.8389,1995.6979
bb09b488-e875-448b-9801-156d15b3962c,1102,1775725543893342338,1775725543968467338,75.125,8.479419,1788.3068,4302.948
bb09b488-e875-448b-9801-156d15b3962c,1103,1775725544058467338,1775725544183592338,125.125,3.5677066,1023.18933,1525.9156
bb09b488-e875-448b-9801-156d15b3962c,1104,1775725544318719338,1775725544774220338,455.501,18.865496,3704.8198,13807.468
bb09b488-e875-448b-9801-156d15b3962c,1105,1775725544894342338,1775725545124467338,230.125,7.6854067,2736.9856,6123.8477
bb09b488-e875-448b-9801-156d15b3962c,1106,1775725545234592338,1775725546040344338,805.752,8.487241,1927.5676,6660.055
bb09b488-e875-448b-9801-156d15b3962c,1107,1775725546300591338,1775725546355716338,55.125,15.415932,4442.836,8870.208
bb09b488-e875-448b-9801-156d15b3962c,1108,1775725546515841338,1775725546831091338,315.25,13.368662,3110.3289,8384.431
bb09b488-e875-448b-9801-156d15b3962c,1109,1775725546986216338,1775725547691965338,705.749,32.879982,2991.8984,11512.86
bb09b488-e875-448b-9801-156d15b3962c,1110,1775725547837090338,1775725548647840338,810.75,28.214241,3202.4878,11915.261
bb09b488-e875-448b-9801-156d15b3962c,1111,1775725548857965338,1775725548913090338,55.125,0.8409457,1469.8348,3000.2065
bb09b488-e875-448b-9801-156d15b3962c,1112,1775725548993090338,1775725549163340338,170.25,3.047268,1296.9828,1997.566
bb09b488-e875-448b-9801-156d15b3962c,1113,1775725549343465338,1775725549393468338,50.003,2.6523263,1293.0424,2600.133
bb09b488-e875-448b-9801-156d15b3962c,1114,1775725549633715338,1775725550159214338,525.499,19.070732,2819.8237,6535.321
bb09b488-e875-448b-9801-156d15b3962c,1115,1775725550299339338,1775725550319339338,20.0,1.2529625,1051.2769,1130.8512
bb09b488-e875-448b-9801-156d15b3962c,1116,1775725550399464338,1775725550484464338,85.0,2.9189157,1293.7017,2071.733
bb09b488-e875-448b-9801-156d15b3962c,1117,1775725550629714338,1775725550654714338,25.0,1.8231187,1158.3398,1720.4607
bb09b488-e875-448b-9801-156d15b3962c,1118,1775725550789839338,1775725552646590338,1856.751,3.1359313,1939.5443,7726.0767
bb09b488-e875-448b-9801-156d15b3962c,1119,1775725553172088338,1775725553197088338,25.0,1.690656,1020.314,1307.6527
bb09b488-e875-448b-9801-156d15b3962c,1120,1775725553492338338,1775725553657463338,165.125,20.55275,3144.4985,10185.108
bb09b488-e875-448b-9801-156d15b3962c,1121,1775725553757588338,1775725553912713338,155.125,1.1688938,1477.3739,3465.9858
bb09b488-e875-448b-9801-156d15b3962c,1122,1775725554102962338,1775725554157962338,55.0,0.5704995,1363.899,2264.691
bb09b488-e875-448b-9801-156d15b3962c,1123,1775725554298088338,1775725554318087338,19.999,1.3497596,1109.5607,1565.052
bb09b488-e875-448b-9801-156d15b3962c,1124,1775725554403212338,1775725554508228338,105.016,21.597805,3282.327,8792.165
bb09b488-e875-448b-9801-156d15b3962c,1125,1775725554628337338,1775725554933723338,305.386,5.3836856,1414.4852,2760.1982
bb09b488-e875-448b-9801-156d15b3962c,1126,1775725555018712338,1775725555053843338,35.131,5.049669,2155.0745,2926.9504
bb09b488-e875-448b-9801-156d15b3962c,1127,1775725555203962338,1775725555238977338,35.015,3.9236617,1476.6019,2230.4438
bb09b488-e875-448b-9801-156d15b3962c,1128,1775725555394087338,1775725555484212338,90.125,25.440983,4681.6934,8151.577
bb09b488-e875-448b-9801-156d15b3962c,1129,1775725555579218338,1775725555649337338,70.119,1.721954,1265.2386,2808.4631
bb09b488-e875-448b-9801-156d15b3962c,1130,1775725555729462338,1775725555979712338,250.25,0.76395124,1249.7927,2309.772
bb09b488-e875-448b-9801-156d15b3962c,1131,1775725556104711338,1775725556415086338,310.375,27.584707,2943.9656,10400.66
bb09b488-e875-448b-9801-156d15b3962c,1132,1775725556540211338,1775725556625211338,85.0,2.8061554,1250.5499,1539.1699
bb09b488-e875-448b-9801-156d15b3962c,1133,1775725556710336338,1775725556725349338,15.013,1.1371156,1124.5303,1313.8892
bb09b488-e875-448b-9801-156d15b3962c,1134,1775725556995586338,1775725557335961338,340.375,22.732203,3514.2173,10716.6
bb09b488-e875-448b-9801-156d15b3962c,1135,1775725557571086338,1775725557591211338,20.125,1.2837043,1170.6406,1445.8953
bb09b488-e875-448b-9801-156d15b3962c,1136,1775725557701211338,1775725557771336338,70.125,1.6256005,1334.3644,1905.8131
bb09b488-e875-448b-9801-156d15b3962c,1137,1775725558051590338,1775725558091586338,39.996,11.967209,3603.041,7318.8516
bb09b488-e875-448b-9801-156d15b3962c,1138,1775725558461960338,1775725559217710338,755.75,17.941122,3338.8674,14401.338
bb09b488-e875-448b-9801-156d15b3962c,1139,1775725559467960338,1775725559487960338,20.0,1.5640386,1219.621,1702.2434
bb09b488-e875-448b-9801-156d15b3962c,1140,1775725559753222338,1775725562090334338,2337.112,15.84318,2313.8013,8297.151
bb09b488-e875-448b-9801-156d15b3962c,1141,1775725562165459338,1775725563416588338,1251.129,0.07499061,1630.7682,3414.9404
bb09b488-e875-448b-9801-156d15b3962c,1142,1775725563491708338,1775725563957086338,465.378,3.1743248,3754.492,13346.075
bb09b488-e875-448b-9801-156d15b3962c,1143,1775725564227345338,1775725564612708338,385.363,22.229076,3632.7993,13373.078
bb09b488-e875-448b-9801-156d15b3962c,1144,1775725564832970338,1775725565278332338,445.362,13.4161415,1373.3038,4203.031
bb09b488-e875-448b-9801-156d15b3962c,1145,1775725565748832338,1775725565778832338,30.0,1.9473547,1046.5447,1313.3265
bb09b488-e875-448b-9801-156d15b3962c,1146,1775725565933957338,1775725566134082338,200.125,1.3589331,4708.7563,10298.589
bb09b488-e875-448b-9801-156d15b3962c,1147,1775725566444457338,1775725566489457338,45.0,6.723989,2590.5576,4166.633
bb09b488-e875-448b-9801-156d15b3962c,1148,1775725566589582338,1775725567345331338,755.749,25.744268,1994.2145,10590.07
bb09b488-e875-448b-9801-156d15b3962c,1149,1775725567605588338,1775725567795706338,190.118,1.9102162,1355.6982,2433.6917
bb09b488-e875-448b-9801-156d15b3962c,1150,1775725567995831338,1775725568025956338,30.125,0.9908532,1022.74225,1456.745
bb09b488-e875-448b-9801-156d15b3962c,1151,1775725568266081338,1775725568281206338,15.125,1.3246058,1237.3131,1696.1409
bb09b488-e875-448b-9801-156d15b3962c,1152,1775725568541456338,1775725568566456338,25.0,1.371063,1234.2628,1978.0477
bb09b488-e875-448b-9801-156d15b3962c,1153,1775725568741581338,1775725568831706338,90.125,0.29454613,1270.7739,2460.2092
bb09b488-e875-448b-9801-156d15b3962c,1154,1775725569046830338,1775725569111956338,65.126,1.9152653,1252.1414,2224.4868
bb09b488-e875-448b-9801-156d15b3962c,1155,1775725569206955338,1775725569492330338,285.375,1.5404463,1097.4003,1856.9414
bb09b488-e875-448b-9801-156d15b3962c,1156,1775725569677455338,1775725569722455338,45.0,0.6969401,1332.0629,2039.229
bb09b488-e875-448b-9801-156d15b3962c,1157,1775725569822595338,1775725569837584338,14.989,1.3527787,1550.018,2203.306
bb09b488-e875-448b-9801-156d15b3962c,1158,1775725569942716338,1775725569992705338,49.989,1.3826429,1189.7827,1724.6106
bb09b488-e875-448b-9801-156d15b3962c,1159,1775725570137830338,1775725570693455338,555.625,1.8851643,1293.3699,2429.7405
bb09b488-e875-448b-9801-156d15b3962c,1160,1775725570948717338,1775725571133829338,185.112,1.6953012,1221.6339,2383.4495
bb09b488-e875-448b-9801-156d15b3962c,1161,1775725571278966338,1775725571298954338,19.988,1.6395992,1532.79,2030.805
bb09b488-e875-448b-9801-156d15b3962c,1162,1775725571374079338,1775725571739329338,365.25,2.3198547,1365.4575,2636.6956
bb09b488-e875-448b-9801-156d15b3962c,1163,1775725571894579338,1775725572024704338,130.125,0.38398337,1032.1593,1823.336
bb09b488-e875-448b-9801-156d15b3962c,1164,1775725572259829338,1775725572535079338,275.25,2.658465,1498.2599,2486.238
bb09b488-e875-448b-9801-156d15b3962c,1165,1775725572620204338,1775725572735337338,115.133,2.3443823,1294.5361,2337.487
bb09b488-e875-448b-9801-156d15b3962c,1166,1775725572855454338,1775725573145704338,290.25,1.9397187,1358.3912,3019.1619
bb09b488-e875-448b-9801-156d15b3962c,1167,1775725573275828338,1775725573506078338,230.25,2.6375422,1183.068,1786.5188
bb09b488-e875-448b-9801-156d15b3962c,1168,1775725573626203338,1775725573641203338,15.0,1.4001056,1187.8271,2443.9583
bb09b488-e875-448b-9801-156d15b3962c,1169,1775725573881328338,1775725573951453338,70.125,3.8916008,1550.9452,3045.3064
bb09b488-e875-448b-9801-156d15b3962c,1170,1775725574051578338,1775725574121578338,70.0,1.2715701,1021.58234,1369.2422
bb09b488-e875-448b-9801-156d15b3962c,1171,1775725574291711338,1775725574311828338,20.117,1.2902292,978.4035,1322.2982
bb09b488-e875-448b-9801-156d15b3962c,1172,1775725574421828338,1775725574627078338,205.25,1.1682651,1276.2147,2004.4008
bb09b488-e875-448b-9801-156d15b3962c,1173,1775725574772203338,1775725574837328338,65.125,1.6725208,1314.1438,2398.4329
bb09b488-e875-448b-9801-156d15b3962c,1174,1775725575072453338,1775725575197592338,125.139,0.21116588,1186.5247,2411.1545
bb09b488-e875-448b-9801-156d15b3962c,1175,1775725575397838338,1775725575417827338,19.989,1.3011093,1091.1224,1487.3098
bb09b488-e875-448b-9801-156d15b3962c,1176,1775725575658077338,1775725576328702338,670.625,1.8598485,1300.6505,2463.1228
bb09b488-e875-448b-9801-156d15b3962c,1177,1775725576408702338,1775725576553837338,145.135,4.4821916,1355.4105,2893.431
bb09b488-e875-448b-9801-156d15b3962c,1178,1775725576638958338,1775725576693952338,54.994,0.50141734,1208.1354,1835.6171
bb09b488-e875-448b-9801-156d15b3962c,1179,1775725576829077338,1775725577259577338,430.5,4.3618093,1394.8265,3333.195
bb09b488-e875-448b-9801-156d15b3962c,1180,1775725577349577338,1775725577394705338,45.128,1.8117688,1213.0001,1872.9069
bb09b488-e875-448b-9801-156d15b3962c,1181,1775725577584833338,1775725577649951338,65.118,1.920634,1098.629,1568.029
bb09b488-e875-448b-9801-156d15b3962c,1182,1775725577770077338,1775725577945201338,175.124,3.5296366,1362.9105,2350.2925
bb09b488-e875-448b-9801-156d15b3962c,1183,1775725578030201338,1775725578380576338,350.375,1.1076198,1271.916,2408.4058
bb09b488-e875-448b-9801-156d15b3962c,1184,1775725578485701338,1775725578505701338,20.0,1.3328216,1191.826,1710.5216
bb09b488-e875-448b-9801-156d15b3962c,1185,1775725578690826338,1775725578785951338,95.125,4.4006095,1666.6792,3990.468
bb09b488-e875-448b-9801-156d15b3962c,1186,1775725578906076338,1775725578926076338,20.0,1.6730103,1291.1044,1659.193
bb09b488-e875-448b-9801-156d15b3962c,1187,1775725579081201338,1775725579636701338,555.5,4.0995216,1423.9795,3827.8499
bb09b488-e875-448b-9801-156d15b3962c,1188,1775725579711825338,1775725579891957338,180.132,0.77400887,1171.8405,2792.8325
bb09b488-e875-448b-9801-156d15b3962c,1189,1775725579977075338,1775725579992075338,15.0,1.2417285,1136.2091,1813.7462
bb09b488-e875-448b-9801-156d15b3962c,1190,1775725580122207338,1775725580232325338,110.118,0.43712857,1216.7992,1870.0095
bb09b488-e875-448b-9801-156d15b3962c,1191,1775725580362455338,1775725580432461338,70.006,0.77293783,1311.7992,2687.976
bb09b488-e875-448b-9801-156d15b3962c,1192,1775725580522575338,1775725581308335338,785.76,0.9283455,1404.4404,3469.0146
bb09b488-e875-448b-9801-156d15b3962c,1193,1775725581428459338,1775725581473450338,44.991,0.78785276,1361.6753,2149.7366
bb09b488-e875-448b-9801-156d15b3962c,1194,1775725581548575338,1775725581573579338,25.004,0.13262114,1241.8157,2314.2485
bb09b488-e875-448b-9801-156d15b3962c,1195,1775725581653699338,1775725581853836338,200.137,2.849543,1339.4995,2865.1875
bb09b488-e875-448b-9801-156d15b3962c,1196,1775725582189199338,1775725582259199338,70.0,0.9195101,1559.8259,2582.298
bb09b488-e875-448b-9801-156d15b3962c,1197,1775725582384328338,1775725582614574338,230.246,2.3317556,3409.7856,7791.13
bb09b488-e875-448b-9801-156d15b3962c,1198,1775725582744699338,1775725582784707338,40.008,1.7568678,1244.399,1961.62
bb09b488-e875-448b-9801-156d15b3962c,1199,1775725582894824338,1775725583720573338,825.749,0.8932527,1364.8369,4222.0596
bb09b488-e875-448b-9801-156d15b3962c,1200,1775725583940823338,1775725584075957338,135.134,0.3306824,1208.0652,2090.0166
bb09b488-e875-448b-9801-156d15b3962c,1201,1775725584226073338,1775725584856698338,630.625,4.416356,1309.3794,3696.79
bb09b488-e875-448b-9801-156d15b3962c,1202,1775725584981698338,1775725584996823338,15.125,0.99110746,1140.3989,1404.4272
bb09b488-e875-448b-9801-156d15b3962c,1203,1775725585086823338,1775725585151948338,65.125,0.40848714,1285.1577,1781.001
bb09b488-e875-448b-9801-156d15b3962c,1204,1775725585347073338,1775725585562323338,215.25,20.829771,4582.575,12835.42
bb09b488-e875-448b-9801-156d15b3962c,1205,1775725585652323338,1775725585692461338,40.138,5.90184,1821.3248,3255.1494
bb09b488-e875-448b-9801-156d15b3962c,1206,1775725585807573338,1775725585892573338,85.0,1.5630889,1309.8994,2064.856
bb09b488-e875-448b-9801-156d15b3962c,1207,1775725585992708338,1775725586037697338,44.989,2.8189194,1300.5333,1894.3162
bb09b488-e875-448b-9801-156d15b3962c,1208,1775725586388072338,1775725586413072338,25.0,2.9852624,1443.9972,2337.6184
bb09b488-e875-448b-9801-156d15b3962c,1209,1775725586528201338,1775725586568204338,40.003,2.4937854,1063.1582,1484.4954
bb09b488-e875-448b-9801-156d15b3962c,1210,1775725586703322338,1775725586778447338,75.125,2.6069095,1163.1218,1490.0496
bb09b488-e875-448b-9801-156d15b3962c,1211,1775725587223822338,1775725587243822338,20.0,0.9973972,1128.1166,1549.1381
bb09b488-e875-448b-9801-156d15b3962c,1212,1775725587323947338,1775725587368947338,45.0,1.112921,1161.1705,1705.2229
bb09b488-e875-448b-9801-156d15b3962c,1213,1775725587809450338,1775725587834447338,24.997,1.821704,1116.0686,1329.1951
bb09b488-e875-448b-9801-156d15b3962c,1214,1775725588199821338,1775725588214822338,15.001,0.9151375,946.93207,1227.5249
bb09b488-e875-448b-9801-156d15b3962c,1215,1775725588339946338,1775725588480078338,140.132,2.5993538,1345.6373,2837.2065
bb09b488-e875-448b-9801-156d15b3962c,1216,1775725588635197338,1775725588700196338,64.999,3.7332873,1779.398,3502.2485
bb09b488-e875-448b-9801-156d15b3962c,1217,1775725589040571338,1775725589225696338,185.125,15.257019,2602.513,7063.903
bb09b488-e875-448b-9801-156d15b3962c,1218,1775725589340821338,1775725589525949338,185.128,1.2036467,1624.229,2914.275
bb09b488-e875-448b-9801-156d15b3962c,1219,1775725589661071338,1775725589791196338,130.125,1.2834743,1195.0094,2003.6683
bb09b488-e875-448b-9801-156d15b3962c,1220,1775725590181570338,1775725590351820338,170.25,3.3917506,1466.1229,2577.0496
bb09b488-e875-448b-9801-156d15b3962c,1221,1775725590571949338,1775725591227570338,655.621,12.944256,1833.096,5623.107
bb09b488-e875-448b-9801-156d15b3962c,1222,1775725591402820338,1775725591417820338,15.0,0.9517902,1053.0842,1699.56
bb09b488-e875-448b-9801-156d15b3962c,1223,1775725591507822338,1775725591683070338,175.248,1.0096774,1262.8304,2217.8564
bb09b488-e875-448b-9801-156d15b3962c,1224,1775725591848195338,1775725592088445338,240.25,0.64446884,1289.4213,2145.072
bb09b488-e875-448b-9801-156d15b3962c,1225,1775725592193445338,1775725592263570338,70.125,0.49113882,1126.2753,1832.4858
bb09b488-e875-448b-9801-156d15b3962c,1226,1775725592473819338,1775725592628948338,155.129,2.247749,1206.537,2138.1716
bb09b488-e875-448b-9801-156d15b3962c,1227,1775725592764069338,1775725593074319338,310.25,1.5221561,1409.8053,2691.6155
bb09b488-e875-448b-9801-156d15b3962c,1228,1775725593159444338,1775725593534695338,375.251,1.707001,1169.4019,1862.146
bb09b488-e875-448b-9801-156d15b3962c,1229,1775725593804944338,1775725593830069338,25.125,1.2349333,1091.2654,1786.7457
bb09b488-e875-448b-9801-156d15b3962c,1230,1775725594060194338,1775725594120319338,60.125,1.2925678,1219.0219,1945.8779
bb09b488-e875-448b-9801-156d15b3962c,1231,1775725594205319338,1775725594350454338,145.135,1.2226429,1179.3887,1805.546
bb09b488-e875-448b-9801-156d15b3962c,1232,1775725594540693338,1775725594630823338,90.13,2.6510515,1570.3593,3153.1306
bb09b488-e875-448b-9801-156d15b3962c,1233,1775725594740818338,1775725594916070338,175.252,0.6303981,1102.4968,1991.0182
bb09b488-e875-448b-9801-156d15b3962c,1234,1775725595006068338,1775725595086193338,80.125,1.0767115,1109.013,2128.4255
bb09b488-e875-448b-9801-156d15b3962c,1235,1775725595166318338,1775725595556693338,390.375,1.0660175,1158.1963,2279.8147
bb09b488-e875-448b-9801-156d15b3962c,1236,1775725595636693338,1775725596062068338,425.375,1.5410019,1256.1523,2614.3196
bb09b488-e875-448b-9801-156d15b3962c,1237,1775725596227318338,1775725596267318338,40.0,3.5053437,1332.4395,2058.7698
bb09b488-e875-448b-9801-156d15b3962c,1238,1775725596447451338,1775725596567568338,120.117,0.4150276,1210.288,2590.8223
bb09b488-e875-448b-9801-156d15b3962c,1239,1775725596692692338,1775725596722697338,30.005,1.9775461,1203.1583,1791.4783
bb09b488-e875-448b-9801-156d15b3962c,1240,1775725596802817338,1775725597398323338,595.506,19.167253,3610.8787,15158.504
bb09b488-e875-448b-9801-156d15b3962c,1241,1775725597578567338,1775725597603567338,25.0,2.1692457,1310.5355,2243.8037
bb09b488-e875-448b-9801-156d15b3962c,1242,1775725598259192338,1775725598649567338,390.375,27.056545,3110.5823,9613.111
bb09b488-e875-448b-9801-156d15b3962c,1243,1775725598739566338,1775725599765566338,1026.0,13.30926,2164.5198,9737.795
bb09b488-e875-448b-9801-156d15b3962c,1244,1775725599845704338,1775725600356066338,510.362,4.024602,1465.3712,3357.8896
bb09b488-e875-448b-9801-156d15b3962c,1245,1775725600461191338,1775725601141815338,680.624,0.63385266,1573.1637,5024.599
bb09b488-e875-448b-9801-156d15b3962c,1246,1775725601271940338,1775725601717440338,445.5,1.566865,1369.8516,3163.6208
bb09b488-e875-448b-9801-156d15b3962c,1247,1775725601812440338,1775725602373065338,560.625,3.6295664,1534.1907,4104.711
bb09b488-e875-448b-9801-156d15b3962c,1248,1775725602453065338,1775725602588189338,135.124,1.6820359,1657.4568,2860.4856
bb09b488-e875-448b-9801-156d15b3962c,1249,1775725602668319338,1775725602728314338,59.995,1.9451346,1635.7228,3643.0698
bb09b488-e875-448b-9801-156d15b3962c,1250,1775725602863439338,1775725603293814338,430.375,1.1750661,1438.8845,4067.9746
bb09b488-e875-448b-9801-156d15b3962c,1251,1775725603393939338,1775725604494938338,1100.999,2.4013588,1428.0392,3252.7393
bb09b488-e875-448b-9801-156d15b3962c,1252,1775725604625064338,1775725604885315338,260.251,1.3832775,1361.3474,2233.8765
bb09b488-e875-448b-9801-156d15b3962c,1253,1775725604960438338,1775725605631063338,670.625,0.598087,2225.249,7781.054
bb09b488-e875-448b-9801-156d15b3962c,1254,1775725605751188338,1775725606216563338,465.375,1.8267066,1546.7399,3874.514
bb09b488-e875-448b-9801-156d15b3962c,1255,1775725606301688338,1775725608193442338,1891.754,19.905989,2209.0415,12272.08
bb09b488-e875-448b-9801-156d15b3962c,1256,1775725608298570338,1775725608338565338,39.995,5.4422708,1725.2411,3010.5066
bb09b488-e875-448b-9801-156d15b3962c,1257,1775725608643816338,1775725608688937338,45.121,4.478086,1891.1736,2707.4243
bb09b488-e875-448b-9801-156d15b3962c,1258,1775725608844061338,1775725608874066338,30.005,2.586663,1213.2377,1565.8234
bb09b488-e875-448b-9801-156d15b3962c,1259,1775725609104311338,1775725609129318338,25.007,1.677178,1136.0833,1873.6373
bb09b488-e875-448b-9801-156d15b3962c,1260,1775725609329561338,1775725609419573338,90.012,12.976314,2571.0178,7003.6484
bb09b488-e875-448b-9801-156d15b3962c,1261,1775725609584811338,1775725609704811338,120.0,0.73752487,1211.6705,1760.5288
bb09b488-e875-448b-9801-156d15b3962c,1262,1775725609779941338,1775725609814936338,34.995,3.8668044,1737.6307,3110.2354
bb09b488-e875-448b-9801-156d15b3962c,1263,1775725610120311338,1775725610275436338,155.125,21.743284,2996.7156,5993.04
bb09b488-e875-448b-9801-156d15b3962c,1264,1775725610360436338,1775725610495561338,135.125,9.225882,1870.5809,3642.1306
bb09b488-e875-448b-9801-156d15b3962c,1265,1775725610570685338,1775725610755810338,185.125,2.5815902,1188.9731,2142.4553
bb09b488-e875-448b-9801-156d15b3962c,1266,1775725610830948338,1775725610900936338,69.988,1.2249181,1212.9357,1760.3706
bb09b488-e875-448b-9801-156d15b3962c,1267,1775725610976060338,1775725610991061338,15.001,1.8191894,1422.7122,2162.9229
bb09b488-e875-448b-9801-156d15b3962c,1268,1775725611086194338,1775725611756810338,670.616,23.065712,2929.1138,8909.564
bb09b488-e875-448b-9801-156d15b3962c,1269,1775725611851810338,1775725612502435338,650.625,35.417835,2684.001,10820.4375
bb09b488-e875-448b-9801-156d15b3962c,1270,1775725612672684338,1775725612877810338,205.126,7.6848464,1798.5288,3613.805
bb09b488-e875-448b-9801-156d15b3962c,1271,1775725613093059338,1775725613538434338,445.375,1.6798103,1347.1381,2723.8335
bb09b488-e875-448b-9801-156d15b3962c,1272,1775725613748684338,1775725614319196338,570.512,2.3390062,1304.0576,2949.0618
bb09b488-e875-448b-9801-156d15b3962c,1273,1775725614494309338,1775725615220058338,725.749,35.064693,3148.9473,13116.347
bb09b488-e875-448b-9801-156d15b3962c,1274,1775725615315058338,1775725615430183338,115.125,7.4365926,1689.6388,2800.6704
bb09b488-e875-448b-9801-156d15b3962c,1275,1775725615510308338,1775725615595308338,85.0,2.143714,1331.5583,1733.0695
bb09b488-e875-448b-9801-156d15b3962c,1276,1775725615715437338,1775725615740558338,25.121,2.147762,1275.2501,2223.6633
bb09b488-e875-448b-9801-156d15b3962c,1277,1775725616005808338,1775725616731433338,725.625,21.362608,3003.4014,9252.042
bb09b488-e875-448b-9801-156d15b3962c,1278,1775725616806444338,1775725617131808338,325.364,2.4001281,2032.196,5835.68
bb09b488-e875-448b-9801-156d15b3962c,1279,1775725617266932338,1775725617582182338,315.25,1.6672044,1502.8127,2379.4482
bb09b488-e875-448b-9801-156d15b3962c,1280,1775725617677307338,1775725618002557338,325.25,1.2017561,1592.4061,2951.1255
bb09b488-e875-448b-9801-156d15b3962c,1281,1775725618082682338,1775725618708307338,625.625,12.169113,1715.8895,4537.143
bb09b488-e875-448b-9801-156d15b3962c,1282,1775725618823439338,1775725618843432338,19.993,1.1924682,1040.1782,1407.0881
bb09b488-e875-448b-9801-156d15b3962c,1283,1775725618963557338,1775725619564056338,600.499,15.384389,2002.2423,5840.604
bb09b488-e875-448b-9801-156d15b3962c,1284,1775725619769306338,1775725621470805338,1701.499,11.941437,2547.3513,9843.381
bb09b488-e875-448b-9801-156d15b3962c,1285,1775725621560930338,1775725623232563338,1671.633,13.542376,2187.429,9014.634
bb09b488-e875-448b-9801-156d15b3962c,1286,1775725623372686338,1775725623497804338,125.118,1.4179128,1267.7347,1948.4225
bb09b488-e875-448b-9801-156d15b3962c,1287,1775725623672929338,1775725624093304338,420.375,17.496346,3196.6548,10137.071
bb09b488-e875-448b-9801-156d15b3962c,1288,1775725624173429338,1775725625569678338,1396.249,24.538479,2515.6377,10596.163
bb09b488-e875-448b-9801-156d15b3962c,1289,1775725625674814338,1775725626825803338,1150.989,2.5481658,2546.6904,10382.423
bb09b488-e875-448b-9801-156d15b3962c,1290,1775725626920928338,1775725626996056338,75.128,4.3473344,1683.7084,2755.9646
bb09b488-e875-448b-9801-156d15b3962c,1291,1775725627116178338,1775725627331302338,215.124,3.1314456,1576.9038,2934.216
bb09b488-e875-448b-9801-156d15b3962c,1292,1775725627411432338,1775725627631566338,220.134,16.95822,2442.335,5551.8867
bb09b488-e875-448b-9801-156d15b3962c,1293,1775725627741677338,1775725628207177338,465.5,20.33551,2016.385,6507.4976
bb09b488-e875-448b-9801-156d15b3962c,1294,1775725628287177338,1775725628332302338,45.125,1.4366122,1125.6367,1474.764
bb09b488-e875-448b-9801-156d15b3962c,1295,1775725628442427338,1775725629138052338,695.625,2.8692343,2398.0085,7603.4556
bb09b488-e875-448b-9801-156d15b3962c,1296,1775725629243177338,1775725629598426338,355.249,18.75573,2008.2773,7151.501
bb09b488-e875-448b-9801-156d15b3962c,1297,1775725629688564338,1775725630133926338,445.362,19.754576,1819.5232,6259.6006
bb09b488-e875-448b-9801-156d15b3962c,1298,1775725630299056338,1775725630399181338,100.125,0.21777618,1199.0587,2357.479
bb09b488-e875-448b-9801-156d15b3962c,1299,1775725630549301338,1775725630789551338,240.25,19.879902,2385.292,7721.2627
bb09b488-e875-448b-9801-156d15b3962c,1300,1775725630909676338,1775725631094801338,185.125,0.53720295,1596.6353,2520.4087
bb09b488-e875-448b-9801-156d15b3962c,1301,1775725631174926338,1775725633081675338,1906.749,0.69492203,1690.992,4814.084
bb09b488-e875-448b-9801-156d15b3962c,1302,1775725633181800338,1775725635038549338,1856.749,12.009939,1740.9501,7252.0483
bb09b488-e875-448b-9801-156d15b3962c,1303,1775725635123674338,1775725635173674338,50.0,3.2019014,1461.9387,2937.2104
bb09b488-e875-448b-9801-156d15b3962c,1304,1775725635278799338,1775725635589049338,310.25,5.139008,2539.6313,4970.133
bb09b488-e875-448b-9801-156d15b3962c,1305,1775725635664177338,1775725636059548338,395.371,5.0933323,1352.1042,3891.7307
bb09b488-e875-448b-9801-156d15b3962c,1306,1775725636249673338,1775725636595048338,345.375,23.530476,3406.8909,8406.662
bb09b488-e875-448b-9801-156d15b3962c,1307,1775725636675048338,1775725637460805338,785.757,25.147411,2707.0078,10116.455
bb09b488-e875-448b-9801-156d15b3962c,1308,1775725637560933338,1775725638701922338,1140.989,19.74253,2370.3599,9772.387
bb09b488-e875-448b-9801-156d15b3962c,1309,1775725638787047338,1775725638802047338,15.0,0.85229945,1196.1222,1746.4481
bb09b488-e875-448b-9801-156d15b3962c,1310,1775725638902172338,1775725639272547338,370.375,20.997255,3118.4502,10778.813
bb09b488-e875-448b-9801-156d15b3962c,1311,1775725639372547338,1775725639392547338,20.0,1.3850111,1254.7866,1962.8185
bb09b488-e875-448b-9801-156d15b3962c,1312,1775725639472672338,1775725639757921338,285.249,26.593134,3895.158,12265.902
bb09b488-e875-448b-9801-156d15b3962c,1313,1775725639848046338,1775725640313427338,465.381,26.79156,2528.1953,10414.62
bb09b488-e875-448b-9801-156d15b3962c,1314,1775725640393546338,1775725640984046338,590.5,5.1122103,1996.4332,5765.1016
bb09b488-e875-448b-9801-156d15b3962c,1315,1775725641169296338,1775725641239296338,70.0,1.216926,1127.834,2081.263
bb09b488-e875-448b-9801-156d15b3962c,1316,1775725641499546338,1775725641794795338,295.249,18.536213,2948.966,10291.619
bb09b488-e875-448b-9801-156d15b3962c,1317,1775725641869920338,1775725641889921338,20.001,1.933373,1369.0455,2191.2537
bb09b488-e875-448b-9801-156d15b3962c,1318,1775725641985045338,1775725642105170338,120.125,0.69573224,1301.6469,2689.363
bb09b488-e875-448b-9801-156d15b3962c,1319,1775725642210295338,1775725642345420338,135.125,0.59311825,1351.5123,3116.395
bb09b488-e875-448b-9801-156d15b3962c,1320,1775725642490548338,1775725642515545338,24.997,1.990187,1172.9736,1638.3937
bb09b488-e875-448b-9801-156d15b3962c,1321,1775725642720670338,1775725642825795338,105.125,1.9638649,1581.5259,3576.4053
bb09b488-e875-448b-9801-156d15b3962c,1322,1775725642925920338,1775725643166170338,240.25,15.300676,2425.2075,6533.1953
bb09b488-e875-448b-9801-156d15b3962c,1323,1775725643251179338,1775725643496420338,245.241,5.5923076,1624.6715,3394.2722
bb09b488-e875-448b-9801-156d15b3962c,1324,1775725643586545338,1775725643911794338,325.249,4.229336,2658.1272,7846.042
bb09b488-e875-448b-9801-156d15b3962c,1325,1775725644192045338,1775725644412294338,220.249,23.094807,3217.1672,7901.4272
bb09b488-e875-448b-9801-156d15b3962c,1326,1775725644612544338,1775725645152929338,540.385,0.9190378,1277.766,2469.5696
bb09b488-e875-448b-9801-156d15b3962c,1327,1775725645243044338,1775725645423294338,180.25,29.223381,3423.3284,7131.771
bb09b488-e875-448b-9801-156d15b3962c,1328,1775725645628419338,1775725645658420338,30.001,2.2671216,1117.5566,1721.1125
bb09b488-e875-448b-9801-156d15b3962c,1329,1775725645753543338,1775725646649418338,895.875,29.075241,2513.317,9760.274
bb09b488-e875-448b-9801-156d15b3962c,1330,1775725646864556338,1775725646879543338,14.987,1.4186164,1520.517,2189.2761
bb09b488-e875-448b-9801-156d15b3962c,1331,1775725647039793338,1775725647460168338,420.375,0.7441656,1282.8588,2558.659
bb09b488-e875-448b-9801-156d15b3962c,1332,1775725647560293338,1775725647715418338,155.125,1.0644202,1205.5647,1784.9579
bb09b488-e875-448b-9801-156d15b3962c,1333,1775725647840542338,1775725647855542338,15.0,1.3695102,1394.1005,2040.1394
bb09b488-e875-448b-9801-156d15b3962c,1334,1775725648085792338,1775725648290917338,205.125,0.7361596,1203.9397,2164.7703
bb09b488-e875-448b-9801-156d15b3962c,1335,1775725648496167338,1775725648666292338,170.125,1.1788691,1300.3821,2942.6355
bb09b488-e875-448b-9801-156d15b3962c,1336,1775725648746303338,1775725648951547338,205.244,1.4825714,1338.2888,2826.899
bb09b488-e875-448b-9801-156d15b3962c,1337,1775725649036667338,1775725649056667338,20.0,0.99470997,1217.3147,1801.2948
bb09b488-e875-448b-9801-156d15b3962c,1338,1775725649271792338,1775725649316917338,45.125,0.3109878,1158.3899,1745.6934
bb09b488-e875-448b-9801-156d15b3962c,1339,1775725649462042338,1775725649572167338,110.125,1.4886405,1107.4607,1891.0948
bb09b488-e875-448b-9801-156d15b3962c,1340,1775725649702304338,1775725649722291338,19.987,0.890674,1307.5933,1847.1262
bb09b488-e875-448b-9801-156d15b3962c,1341,1775725649827417338,1775725649907416338,79.999,1.8627042,1365.5886,2112.1196
bb09b488-e875-448b-9801-156d15b3962c,1342,1775725650127666338,1775725650482916338,355.25,2.7528715,1401.9911,2597.5427
bb09b488-e875-448b-9801-156d15b3962c,1343,1775725650748166338,1775725650843291338,95.125,0.77227664,988.11206,1590.3641
bb09b488-e875-448b-9801-156d15b3962c,1344,1775725651013416338,1775725651233666338,220.25,0.46512896,1112.6726,2083.4055
bb09b488-e875-448b-9801-156d15b3962c,1345,1775725651318791338,1775725651433916338,115.125,9.307776,2146.7173,6517.061
bb09b488-e875-448b-9801-156d15b3962c,1346,1775725651584040338,1775725652124540338,540.5,1.955897,1377.3036,3079.8643
bb09b488-e875-448b-9801-156d15b3962c,1347,1775725652204540338,1775725652885165338,680.625,24.313807,2156.227,8973.639
bb09b488-e875-448b-9801-156d15b3962c,1348,1775725652970294338,1775725653255540338,285.246,4.7362876,2589.2769,7506.402
bb09b488-e875-448b-9801-156d15b3962c,1349,1775725653445790338,1775725653485790338,40.0,4.94002,1706.3218,3273.046
bb09b488-e875-448b-9801-156d15b3962c,1350,1775725653585915338,1775725653625914338,39.999,5.0003586,1791.0778,3118.7705
bb09b488-e875-448b-9801-156d15b3962c,1351,1775725653731040338,1775725653761039338,29.999,3.1976392,1551.1531,2182.7676
bb09b488-e875-448b-9801-156d15b3962c,1352,1775725654036289338,1775725654246539338,210.25,21.467197,2670.0276,8027.6606
bb09b488-e875-448b-9801-156d15b3962c,1353,1775725654341539338,1775725654401664338,60.125,0.74297994,1314.6252,2756.3748
bb09b488-e875-448b-9801-156d15b3962c,1354,1775725654511789338,1775725654992164338,480.375,0.78873706,1350.6123,2885.1592
bb09b488-e875-448b-9801-156d15b3962c,1355,1775725655107289338,1775725655297421338,190.132,0.96736175,1300.0817,3168.431
bb09b488-e875-448b-9801-156d15b3962c,1356,1775725655372539338,1775725655572790338,200.251,1.8847133,1489.3164,2652.2683
bb09b488-e875-448b-9801-156d15b3962c,1357,1775725655712913338,1775725655752913338,40.0,0.62524396,1251.6357,1884.9725
bb09b488-e875-448b-9801-156d15b3962c,1358,1775725655913038338,1775725655938038338,25.0,1.6548736,1221.3822,2088.8496
bb09b488-e875-448b-9801-156d15b3962c,1359,1775725656033163338,1775725656153288338,120.125,1.9527625,1250.9001,2200.5437
bb09b488-e875-448b-9801-156d15b3962c,1360,1775725656273413338,1775725656393538338,120.125,1.5143932,1298.472,2150.7659
bb09b488-e875-448b-9801-156d15b3962c,1361,1775725656623663338,1775725656858920338,235.257,1.8873067,1448.2163,3233.4639
bb09b488-e875-448b-9801-156d15b3962c,1362,1775725656969038338,1775725656994038338,25.0,0.91715217,1126.9479,1693.529
bb09b488-e875-448b-9801-156d15b3962c,1363,1775725657084163338,1775725657244288338,160.125,0.055547323,1372.2811,2563.1782
bb09b488-e875-448b-9801-156d15b3962c,1364,1775725657354413338,1775725657374417338,20.004,1.3256346,1379.7052,2388.0183
bb09b488-e875-448b-9801-156d15b3962c,1365,1775725657504538338,1775725657524538338,20.0,1.9335827,1327.7733,2240.2373
bb09b488-e875-448b-9801-156d15b3962c,1366,1775725657629663338,1775725657759787338,130.124,2.984206,1146.6141,2083.4724
bb09b488-e875-448b-9801-156d15b3962c,1367,1775725657834788338,1775725657849913338,15.125,0.6327218,1062.0356,1725.3097
bb09b488-e875-448b-9801-156d15b3962c,1368,1775725657969920338,1775725658190162338,220.242,1.7924045,1325.8799,2321.8716
bb09b488-e875-448b-9801-156d15b3962c,1369,1775725658285287338,1775725658390412338,105.125,2.3494117,1232.1238,2179.81
bb09b488-e875-448b-9801-156d15b3962c,1370,1775725658470412338,1775725658485412338,15.0,1.451837,1352.8026,1903.8794
bb09b488-e875-448b-9801-156d15b3962c,1371,1775725658600537338,1775725658715662338,115.125,4.3765182,1682.4403,3582.239
bb09b488-e875-448b-9801-156d15b3962c,1372,1775725658810787338,1775725659321287338,510.5,11.194687,2265.0603,6650.9287
bb09b488-e875-448b-9801-156d15b3962c,1373,1775725659416287338,1775725660041919338,625.632,2.0568752,2318.2837,9363.491
bb09b488-e875-448b-9801-156d15b3962c,1374,1775725660172036338,1775725660187036338,15.0,1.2044008,1792.3184,2274.8562
bb09b488-e875-448b-9801-156d15b3962c,1375,1775725660287169338,1775725660537415338,250.246,25.266417,3741.9255,12325.332
bb09b488-e875-448b-9801-156d15b3962c,1376,1775725660902661338,1775725660942786338,40.125,7.2553735,2014.3702,4267.5005
bb09b488-e875-448b-9801-156d15b3962c,1377,1775725661052911338,1775725661248047338,195.136,6.9564652,3536.8228,8532.092
bb09b488-e875-448b-9801-156d15b3962c,1378,1775725661418161338,1775725661453286338,35.125,0.9868407,1129.618,1650.9642
bb09b488-e875-448b-9801-156d15b3962c,1379,1775725661853540338,1775725661868661338,15.121,1.1632509,1135.7903,1774.3658
bb09b488-e875-448b-9801-156d15b3962c,1380,1775725662018785338,1775725662158911338,140.126,6.7871737,1468.7733,2931.5493
bb09b488-e875-448b-9801-156d15b3962c,1381,1775725662334036338,1775725662364035338,29.999,2.8351538,1464.1726,1844.4413
bb09b488-e875-448b-9801-156d15b3962c,1382,1775725662459160338,1775725662629285338,170.125,2.9626536,1295.865,2274.5383
bb09b488-e875-448b-9801-156d15b3962c,1383,1775725662709410338,1775725662744414338,35.004,3.4248614,1506.0449,2145.2065
bb09b488-e875-448b-9801-156d15b3962c,1384,1775725662999660338,1775725663154795338,155.135,3.565142,1862.2489,4089.9734
bb09b488-e875-448b-9801-156d15b3962c,1385,1775725663470160338,1775725663520160338,50.0,3.5103123,1447.8915,1761.0967
bb09b488-e875-448b-9801-156d15b3962c,1386,1775725663685285338,1775725663705289338,20.004,1.2393929,948.2751,1137.6185
bb09b488-e875-448b-9801-156d15b3962c,1387,1775725663965535338,1775725664010673338,45.138,7.0008044,2175.9678,4032.9143
bb09b488-e875-448b-9801-156d15b3962c,1388,1775725664250784338,1775725664340909338,90.125,0.89924735,1266.0858,2312.0476
bb09b488-e875-448b-9801-156d15b3962c,1389,1775725664426034338,1775725664466034338,40.0,2.0365562,997.6498,1407.7407
bb09b488-e875-448b-9801-156d15b3962c,1390,1775725664791296338,1775725664901409338,110.113,0.3820487,1043.5779,1330.2855
bb09b488-e875-448b-9801-156d15b3962c,1391,1775725664996534338,1775725665146659338,150.125,11.755637,3257.7249,8569.969
bb09b488-e875-448b-9801-156d15b3962c,1392,1775725665221798338,1775725665522034338,300.236,3.4192674,1618.3939,2474.849
bb09b488-e875-448b-9801-156d15b3962c,1393,1775725665652159338,1775725666317783338,665.624,1.274019,2342.7576,8366.447
bb09b488-e875-448b-9801-156d15b3962c,1394,1775725666482908338,1775725666517914338,35.006,4.0040565,1566.5258,2703.1917
bb09b488-e875-448b-9801-156d15b3962c,1395,1775725666643033338,1775725666783158338,140.125,1.9424344,1214.0872,1765.5836
bb09b488-e875-448b-9801-156d15b3962c,1396,1775725666903292338,1775725667438783338,535.491,19.383595,2421.7654,7629.663
bb09b488-e875-448b-9801-156d15b3962c,1397,1775725667588908338,1775725667619033338,30.125,2.632573,1276.9857,1925.7035
bb09b488-e875-448b-9801-156d15b3962c,1398,1775725667834158338,1775725668234538338,400.38,16.828959,2279.753,8425.923
bb09b488-e875-448b-9801-156d15b3962c,1399,1775725668374658338,1775725668740032338,365.374,1.5399892,1364.7906,2456.4941
bb09b488-e875-448b-9801-156d15b3962c,1400,1775725668815157338,1775725669215532338,400.375,1.0386362,1473.8113,2897.9363
bb09b488-e875-448b-9801-156d15b3962c,1401,1775725669315532338,1775725669410657338,95.125,0.51396316,1529.027,2289.1604
bb09b488-e875-448b-9801-156d15b3962c,1402,1775725669485785338,1775725670721912338,1236.127,1.4230235,1441.9473,3275.762
bb09b488-e875-448b-9801-156d15b3962c,1403,1775725670812031338,1775725671347531338,535.5,2.1237826,1441.869,2745.0156
bb09b488-e875-448b-9801-156d15b3962c,1404,1775725671462531338,1775725672203281338,740.75,2.3241453,1541.2715,3415.6812
bb09b488-e875-448b-9801-156d15b3962c,1405,1775725672313406338,1775725673949905338,1636.499,2.704147,1606.8191,4693.3887
bb09b488-e875-448b-9801-156d15b3962c,1406,1775725674095034338,1775725676172029338,2076.995,6.8725734,2054.5671,7606.6475
bb09b488-e875-448b-9801-156d15b3962c,1407,1775725676312154338,1775725676607403338,295.249,1.642713,1550.2915,3387.7195
bb09b488-e875-448b-9801-156d15b3962c,1408,1775725676697528338,1775725677047778338,350.25,3.0402055,1962.3767,5695.76
bb09b488-e875-448b-9801-156d15b3962c,1409,1775725677127903338,1775725678869527338,1741.624,16.961433,1973.309,8408.47
bb09b488-e875-448b-9801-156d15b3962c,1410,1775725678954532338,1775725678969652338,15.12,0.99357766,1307.9442,1901.9899
bb09b488-e875-448b-9801-156d15b3962c,1411,1775725679064652338,1775725679119777338,55.125,3.2932982,1406.1234,2137.293
bb09b488-e875-448b-9801-156d15b3962c,1412,1775725679214777338,1775725679254902338,40.125,1.4065369,1185.0079,2172.5627
bb09b488-e875-448b-9801-156d15b3962c,1413,1775725679400027338,1775725679450039338,50.012,1.2175024,1375.063,2111.7637
bb09b488-e875-448b-9801-156d15b3962c,1414,1775725679715277338,1775725679760277338,45.0,6.022927,1914.2578,4215.993
bb09b488-e875-448b-9801-156d15b3962c,1415,1775725679840402338,1775725680170777338,330.375,2.9113197,1436.4246,2747.254
bb09b488-e875-448b-9801-156d15b3962c,1416,1775725680255777338,1775725681056526338,800.749,1.1408209,1647.4075,5595.2104
bb09b488-e875-448b-9801-156d15b3962c,1417,1775725681136651338,1775725681557026338,420.375,20.868624,1968.3058,5625.607
bb09b488-e875-448b-9801-156d15b3962c,1418,1775725681727151338,1775725681752151338,25.0,2.2071989,1302.1008,1466.1105
bb09b488-e875-448b-9801-156d15b3962c,1419,1775725681987413338,1775725682022401338,34.988,5.8313775,2388.5815,3634.0469
bb09b488-e875-448b-9801-156d15b3962c,1420,1775725682152538338,1775725682242651338,90.113,24.4386,3845.8367,8698.001
bb09b488-e875-448b-9801-156d15b3962c,1421,1775725682347776338,1775725683023400338,675.624,10.973286,1972.2975,9614.852
bb09b488-e875-448b-9801-156d15b3962c,1422,1775725683118525338,1775725683308650338,190.125,16.55401,2661.392,9270.211
bb09b488-e875-448b-9801-156d15b3962c,1423,1775725683393775338,1775725683408775338,15.0,1.5212812,1511.7134,2330.8303
bb09b488-e875-448b-9801-156d15b3962c,1424,1775725683563900338,1775725684309525338,745.625,5.281284,2258.177,9156.869
bb09b488-e875-448b-9801-156d15b3962c,1425,1775725684424650338,1775725685295530338,870.88,17.615292,2042.6208,7819.9883
bb09b488-e875-448b-9801-156d15b3962c,1426,1775725685430649338,1775725685745899338,315.25,7.5886145,2847.604,6863.5645
bb09b488-e875-448b-9801-156d15b3962c,1427,1775725686031149338,1775725686051161338,20.012,1.9700559,1226.1697,2430.4614
bb09b488-e875-448b-9801-156d15b3962c,1428,1775725686161274338,1775725686947023338,785.749,23.760033,2430.8364,11136.079
bb09b488-e875-448b-9801-156d15b3962c,1429,1775725687027148338,1775725687637648338,610.5,2.9515877,1675.5215,4317.1475
bb09b488-e875-448b-9801-156d15b3962c,1430,1775725687717779338,1775725688253273338,535.494,16.922508,1834.7849,6036.213
bb09b488-e875-448b-9801-156d15b3962c,1431,1775725688413398338,1775725688753773338,340.375,17.90343,2131.707,7099.8857
bb09b488-e875-448b-9801-156d15b3962c,1432,1775725688903897338,1775725689074022338,170.125,0.87110746,1428.751,2098.1072
bb09b488-e875-448b-9801-156d15b3962c,1433,1775725689164147338,1775725689189147338,25.0,1.6931747,1365.0088,2093.3416
bb09b488-e875-448b-9801-156d15b3962c,1434,1775725689459397338,1775725689474397338,15.0,1.684716,1354.2843,2397.1794
bb09b488-e875-448b-9801-156d15b3962c,1435,1775725689594522338,1775725690180022338,585.5,20.299488,1860.1962,4563.809
bb09b488-e875-448b-9801-156d15b3962c,1436,1775725690360272338,1775725690395272338,35.0,3.9513848,1525.6475,2511.1436
bb09b488-e875-448b-9801-156d15b3962c,1437,1775725690580397338,1775725690835646338,255.249,27.174406,3764.479,9912.103
bb09b488-e875-448b-9801-156d15b3962c,1438,1775725690915772338,1775725692917658338,2001.886,4.4140625,1931.1761,8482.764
bb09b488-e875-448b-9801-156d15b3962c,1439,1775725693032770338,1775725693087770338,55.0,0.2593734,1209.1887,2300.3298
bb09b488-e875-448b-9801-156d15b3962c,1440,1775725693212910338,1775725693903520338,690.61,1.2014883,1426.7654,2951.708
bb09b488-e875-448b-9801-156d15b3962c,1441,1775725693988650338,1775725694018645338,29.995,0.8124369,1339.232,2126.9128
bb09b488-e875-448b-9801-156d15b3962c,1442,1775725694093773338,1775725695410020338,1316.247,1.2988605,1599.4874,3811.4766
bb09b488-e875-448b-9801-156d15b3962c,1443,1775725695495019338,1775725695845403338,350.384,5.7522693,1896.1881,5229.3687
bb09b488-e875-448b-9801-156d15b3962c,1444,1775725695930394338,1775725696070519338,140.125,0.39482287,1554.9746,3557.6106
bb09b488-e875-448b-9801-156d15b3962c,1445,1775725696155644338,1775725696175644338,20.0,1.3549621,1360.2112,2257.4175
bb09b488-e875-448b-9801-156d15b3962c,1446,1775725696295769338,1775725696576019338,280.25,23.70893,3507.4802,10379.217
bb09b488-e875-448b-9801-156d15b3962c,1447,1775725696651144338,1775725697812143338,1160.999,15.000057,2298.1418,12202.988
bb09b488-e875-448b-9801-156d15b3962c,1448,1775725697997393338,1775725698547893338,550.5,8.680501,3617.7993,14050.721
bb09b488-e875-448b-9801-156d15b3962c,1449,1775725698643018338,1775725698988268338,345.25,0.976367,1268.868,2415.43
bb09b488-e875-448b-9801-156d15b3962c,1450,1775725699068398338,1775725699178518338,110.12,14.434084,2648.1167,7182.729
bb09b488-e875-448b-9801-156d15b3962c,1451,1775725699433767338,1775725699453768338,20.001,0.98993796,1245.1272,1703.9396
bb09b488-e875-448b-9801-156d15b3962c,1452,1775725699558900338,1775725699984267338,425.367,3.390932,1441.2692,3398.6973
bb09b488-e875-448b-9801-156d15b3962c,1453,1775725700064267338,1775725700084276338,20.009,1.3258262,1352.629,1652.1289
bb09b488-e875-448b-9801-156d15b3962c,1454,1775725700279519338,1775725700364642338,85.123,2.3333771,1298.4084,1731.5889
bb09b488-e875-448b-9801-156d15b3962c,1455,1775725700444642338,1775725700945142338,500.5,0.75581825,1590.1094,3307.962
bb09b488-e875-448b-9801-156d15b3962c,1456,1775725701090267338,1775725701230392338,140.125,1.0299333,1181.8049,2174.2417
bb09b488-e875-448b-9801-156d15b3962c,1457,1775725701370517338,1775725701690767338,320.25,0.78186613,1325.7883,2446.8374
bb09b488-e875-448b-9801-156d15b3962c,1458,1775725701765891338,1775725701795891338,30.0,1.6426845,1192.3649,2378.7048
bb09b488-e875-448b-9801-156d15b3962c,1459,1775725702011141338,1775725702251391338,240.25,1.885298,1473.5664,3265.2766
bb09b488-e875-448b-9801-156d15b3962c,1460,1775725702626641338,1775725702671766338,45.125,1.0264597,1149.9703,1801.8646
bb09b488-e875-448b-9801-156d15b3962c,1461,1775725702761891338,1775725702836891338,75.0,1.112899,1410.5916,2372.6516
bb09b488-e875-448b-9801-156d15b3962c,1462,1775725703012023338,1775725703107141338,95.118,1.6832678,1229.6548,2035.781
bb09b488-e875-448b-9801-156d15b3962c,1463,1775725703327391338,1775725703382391338,55.0,1.3490217,1413.6757,2138.4062
bb09b488-e875-448b-9801-156d15b3962c,1464,1775725703557516338,1775725703902898338,345.382,0.5777426,1305.335,2488.5571
bb09b488-e875-448b-9801-156d15b3962c,1465,1775725704013015338,1775725704603515338,590.5,2.0262547,1275.1562,2446.2446
bb09b488-e875-448b-9801-156d15b3962c,1466,1775725704718640338,1775725704808765338,90.125,1.8070794,1178.229,1944.5829
bb09b488-e875-448b-9801-156d15b3962c,1467,1775725704903890338,1775725704998890338,95.0,0.79970104,1145.8375,2153.1155
bb09b488-e875-448b-9801-156d15b3962c,1468,1775725705114015338,1775725705399265338,285.25,0.5691062,1275.4379,2361.5596
bb09b488-e875-448b-9801-156d15b3962c,1469,1775725705474390338,1775725705499390338,25.0,0.27137375,1217.5642,1944.7821
bb09b488-e875-448b-9801-156d15b3962c,1470,1775725705644515338,1775725706410264338,765.749,4.1363163,1270.7449,2712.0366
bb09b488-e875-448b-9801-156d15b3962c,1471,1775725706500273338,1775725706690514338,190.241,1.3873749,1374.8054,2558.7078
bb09b488-e875-448b-9801-156d15b3962c,1472,1775725706805639338,1775725706975764338,170.125,2.0952816,1234.1215,1986.4285
bb09b488-e875-448b-9801-156d15b3962c,1473,1775725707080889338,1775725707591389338,510.5,0.8142859,1543.8903,3285.0195
bb09b488-e875-448b-9801-156d15b3962c,1474,1775725707671389338,1775725708171888338,500.499,0.24210723,1380.5188,3321.5444
bb09b488-e875-448b-9801-156d15b3962c,1475,1775725708257013338,1775725708797517338,540.504,20.882998,1995.1079,8902.159
bb09b488-e875-448b-9801-156d15b3962c,1476,1775725708907513338,1775725708937646338,30.133,3.075038,1427.9692,2433.6755
bb09b488-e875-448b-9801-156d15b3962c,1477,1775725709307888338,1775725709323013338,15.125,0.6795956,835.7651,988.8584
bb09b488-e875-448b-9801-156d15b3962c,1478,1775725709538138338,1775725709578138338,40.0,2.767191,1328.4708,1984.5785
bb09b488-e875-448b-9801-156d15b3962c,1479,1775725709768388338,1775725709928513338,160.125,15.010919,3065.3948,7800.9575
bb09b488-e875-448b-9801-156d15b3962c,1480,1775725710088640338,1775725710268887338,180.247,1.9348487,1307.3944,2423.9043
bb09b488-e875-448b-9801-156d15b3962c,1481,1775725710414012338,1775725710694262338,280.25,1.5859985,1203.5134,1898.9125
bb09b488-e875-448b-9801-156d15b3962c,1482,1775725710814387338,1775725710844387338,30.0,0.53676414,1257.3671,2023.9016
bb09b488-e875-448b-9801-156d15b3962c,1483,1775725710924513338,1775725711039512338,114.999,1.1892921,1345.6754,2279.3494
bb09b488-e875-448b-9801-156d15b3962c,1484,1775725711144637338,1775725711194762338,50.125,0.7075113,1327.3344,2215.3015
bb09b488-e875-448b-9801-156d15b3962c,1485,1775725711269762338,1775725711710141338,440.379,25.311329,3193.361,8315.981
bb09b488-e875-448b-9801-156d15b3962c,1486,1775725711885387338,1775725713231636338,1346.249,12.589507,2575.667,13389.07
bb09b488-e875-448b-9801-156d15b3962c,1487,1775725713341761338,1775725713356761338,15.0,1.4751846,1342.2247,2462.0757
bb09b488-e875-448b-9801-156d15b3962c,1488,1775725713526886338,1775725713807144338,280.258,12.757004,2155.6487,5705.3853
bb09b488-e875-448b-9801-156d15b3962c,1489,1775725713892261338,1775725714087386338,195.125,1.420636,1361.4843,2602.1755
bb09b488-e875-448b-9801-156d15b3962c,1490,1775725714162511338,1775725714402761338,240.25,19.104023,2039.8091,6696.0957
bb09b488-e875-448b-9801-156d15b3962c,1491,1775725714733010338,1775725714753010338,20.0,1.1145929,1072.529,1394.8302
bb09b488-e875-448b-9801-156d15b3962c,1492,1775725714828135338,1775725715033260338,205.125,4.7845306,1204.4636,2313.567
bb09b488-e875-448b-9801-156d15b3962c,1493,1775725715178385338,1775725715744010338,565.625,15.046821,1681.1938,6452.415
bb09b488-e875-448b-9801-156d15b3962c,1494,1775725715859010338,1775725715919135338,60.125,0.4827194,1300.1367,1951.5709
bb09b488-e875-448b-9801-156d15b3962c,1495,1775725716009260338,1775725716059260338,50.0,0.50354326,1120.5931,1559.192
bb09b488-e875-448b-9801-156d15b3962c,1496,1775725716164385338,1775725716284510338,120.125,0.058160342,1480.3055,3458.9038
bb09b488-e875-448b-9801-156d15b3962c,1497,1775725716389521338,1775725717070259338,680.738,2.4802392,1444.7963,3767.2883
bb09b488-e875-448b-9801-156d15b3962c,1498,1775725717170259338,1775725717435520338,265.261,2.394663,1520.98,3542.515
bb09b488-e875-448b-9801-156d15b3962c,1499,1775725717510634338,1775725718341384338,830.75,2.5292463,1403.6926,3412.3467
bb09b488-e875-448b-9801-156d15b3962c,1500,1775725718461509338,1775725719212258338,750.749,3.477934,1372.714,2905.2727
bb09b488-e875-448b-9801-156d15b3962c,1501,1775725719312258338,1775725720533383338,1221.125,2.1956775,1686.167,5519.364
bb09b488-e875-448b-9801-156d15b3962c,1502,1775725720618508338,1775725720713632338,95.124,2.0334737,1292.481,1996.5079
bb09b488-e875-448b-9801-156d15b3962c,1503,1775725720788632338,1775725720843766338,55.134,0.7422767,1309.6534,1724.1525
bb09b488-e875-448b-9801-156d15b3962c,1504,1775725720928758338,1775725721569382338,640.624,0.63146216,1391.0042,2727.458
bb09b488-e875-448b-9801-156d15b3962c,1505,1775725721679507338,1775725721914757338,235.25,0.5041236,1358.1099,2816.7883
bb09b488-e875-448b-9801-156d15b3962c,1506,1775725722009757338,1775725722225016338,215.259,0.26923633,1441.9136,2947.2185
bb09b488-e875-448b-9801-156d15b3962c,1507,1775725722335141338,1775725723846506338,1511.365,26.240488,2037.9475,9276.282
bb09b488-e875-448b-9801-156d15b3962c,1508,1775725723966636338,1775725724071756338,105.12,12.752271,2733.252,6292.7334
bb09b488-e875-448b-9801-156d15b3962c,1509,1775725724176881338,1775725725513130338,1336.249,3.11919,2566.9146,9272.975
bb09b488-e875-448b-9801-156d15b3962c,1510,1775725725628255338,1775725725698255338,70.0,2.3541322,1110.6178,1459.1995
bb09b488-e875-448b-9801-156d15b3962c,1511,1775725725858380338,1775725725933513338,75.133,1.3752133,1326.367,2207.803
bb09b488-e875-448b-9801-156d15b3962c,1512,1775725726033630338,1775725726183755338,150.125,3.4924858,1270.2677,2414.5298
bb09b488-e875-448b-9801-156d15b3962c,1513,1775725726278755338,1775725726298880338,20.125,1.3423204,1287.158,1779.7833
bb09b488-e875-448b-9801-156d15b3962c,1514,1775725726408880338,1775725726794255338,385.375,2.0156922,1370.2693,2996.29
bb09b488-e875-448b-9801-156d15b3962c,1515,1775725726869380338,1775725727064513338,195.133,0.14433435,1227.1742,2972.96
bb09b488-e875-448b-9801-156d15b3962c,1516,1775725727149629338,1775725727219633338,70.004,1.5499994,1231.0323,1785.9083
bb09b488-e875-448b-9801-156d15b3962c,1517,1775725727329757338,1775725727740129338,410.372,0.24234085,1342.8738,2376.248
bb09b488-e875-448b-9801-156d15b3962c,1518,1775725727830254338,1775725727920389338,90.135,0.42327502,1291.6687,2730.6853
bb09b488-e875-448b-9801-156d15b3962c,1519,1775725728010379338,1775725729031379338,1021.0,0.44958392,1949.3601,9941.793
bb09b488-e875-448b-9801-156d15b3962c,1520,1775725729166507338,1775725729511878338,345.371,1.3851262,1385.743,2653.1943
bb09b488-e875-448b-9801-156d15b3962c,1521,1775725729586882338,1775725730017253338,430.371,19.976381,2459.4,7021.6875
bb09b488-e875-448b-9801-156d15b3962c,1522,1775725730092378338,1775725731804002338,1711.624,16.2795,2426.1604,13068.945
bb09b488-e875-448b-9801-156d15b3962c,1523,1775725731899002338,1775725732509627338,610.625,3.4320621,1444.8065,3221.271
bb09b488-e875-448b-9801-156d15b3962c,1524,1775725732584752338,1775725733345376338,760.624,22.958885,2476.0918,11147.838
bb09b488-e875-448b-9801-156d15b3962c,1525,1775725733715753338,1775725733760751338,44.998,3.3403952,1349.475,2521.3887
bb09b488-e875-448b-9801-156d15b3962c,1526,1775725734066126338,1775725734206251338,140.125,24.343956,4077.0127,10568.218
bb09b488-e875-448b-9801-156d15b3962c,1527,1775725734291251338,1775725734391376338,100.125,3.1568992,1864.9408,4507.3955
bb09b488-e875-448b-9801-156d15b3962c,1528,1775725734481505338,1775725734591630338,110.125,1.9912897,1221.9601,2462.1536
bb09b488-e875-448b-9801-156d15b3962c,1529,1775725734676626338,1775725734711751338,35.125,0.6235398,1302.4019,2043.2285
bb09b488-e875-448b-9801-156d15b3962c,1530,1775725734786762338,1775725734851876338,65.114,0.11317882,1222.2753,2069.8142
bb09b488-e875-448b-9801-156d15b3962c,1531,1775725734926880338,1775725735007001338,80.121,0.14192882,1337.9463,2632.8062
bb09b488-e875-448b-9801-156d15b3962c,1532,1775725735102015338,1775725735442375338,340.36,11.30995,1978.2875,6821.061
bb09b488-e875-448b-9801-156d15b3962c,1533,1775725735547505338,1775725736253125338,705.62,9.679187,1722.5239,7611.0405
bb09b488-e875-448b-9801-156d15b3962c,1534,1775725736398250338,1775725736423250338,25.0,1.729654,1207.1495,2199.4392
bb09b488-e875-448b-9801-156d15b3962c,1535,1775725736513380338,1775725736533375338,19.995,1.969461,1464.4799,2778.1357
bb09b488-e875-448b-9801-156d15b3962c,1536,1775725736613500338,1775725737629375338,1015.875,6.4059196,1528.6857,5425.7456
bb09b488-e875-448b-9801-156d15b3962c,1537,1775725737719499338,1775725738820499338,1101.0,7.7532477,2161.4817,6861.894
bb09b488-e875-448b-9801-156d15b3962c,1538,1775725738910624338,1775725739461123338,550.499,12.632865,2791.1753,9178.211
bb09b488-e875-448b-9801-156d15b3962c,1539,1775725739561248338,1775725739771373338,210.125,1.7004398,1454.6796,2986.7673
bb09b488-e875-448b-9801-156d15b3962c,1540,1775725740186753338,1775725740717248338,530.495,2.4902499,1428.5228,3475.564
